date,order_count,delivered_count,unresolved_or_cancelled_count,active_sellers,active_routes,orders_with_gmv,total_gmv,freight_value,status_approved,status_canceled,status_created,status_delivered,status_invoiced,status_processing,status_shipped,status_unavailable,orders_missing_gmv,gmv_join_coverage,order_top10,order_top5,gmv_top10,gmv_top5,both_top10,both_top5
2016-09-04,1,0,1,1,1,1,72.89,63.34,0,0,0,0,0,0,1,0,0,1.0,False,False,False,False,False,False
2016-09-05,1,0,1,1,1,1,59.5,15.56,0,1,0,0,0,0,0,0,0,1.0,False,False,False,False,False,False
2016-09-06,0,0,0,0,0,0,0.0,0.0,0,0,0,0,0,0,0,0,0,,False,False,False,False,False,False
2016-09-07,0,0,0,0,0,0,0.0,0.0,0,0,0,0,0,0,0,0,0,,False,False,False,False,False,False
2016-09-08,0,0,0,0,0,0,0.0,0.0,0,0,0,0,0,0,0,0,0,,False,False,False,False,False,False
2016-09-09,0,0,0,0,0,0,0.0,0.0,0,0,0,0,0,0,0,0,0,,False,False,False,False,False,False
2016-09-10,0,0,0,0,0,0,0.0,0.0,0,0,0,0,0,0,0,0,0,,False,False,False,False,False,False
2016-09-11,0,0,0,0,0,0,0.0,0.0,0,0,0,0,0,0,0,0,0,,False,False,False,False,False,False
2016-09-12,0,0,0,0,0,0,0.0,0.0,0,0,0,0,0,0,0,0,0,,False,False,False,False,False,False
2016-09-13,1,0,1,0,0,0,0.0,0.0,0,1,0,0,0,0,0,0,1,0.0,False,False,False,False,False,False
2016-09-14,0,0,0,0,0,0,0.0,0.0,0,0,0,0,0,0,0,0,0,,False,False,False,False,False,False
2016-09-15,1,1,0,1,1,1,134.97,8.49,0,0,0,1,0,0,0,0,0,1.0,False,False,False,False,False,False
2016-09-16,0,0,0,0,0,0,0.0,0.0,0,0,0,0,0,0,0,0,0,,False,False,False,False,False,False
2016-09-17,0,0,0,0,0,0,0.0,0.0,0,0,0,0,0,0,0,0,0,,False,False,False,False,False,False
2016-09-18,0,0,0,0,0,0,0.0,0.0,0,0,0,0,0,0,0,0,0,,False,False,False,False,False,False
2016-09-19,0,0,0,0,0,0,0.0,0.0,0,0,0,0,0,0,0,0,0,,False,False,False,False,False,False
2016-09-20,0,0,0,0,0,0,0.0,0.0,0,0,0,0,0,0,0,0,0,,False,False,False,False,False,False
2016-09-21,0,0,0,0,0,0,0.0,0.0,0,0,0,0,0,0,0,0,0,,False,False,False,False,False,False
2016-09-22,0,0,0,0,0,0,0.0,0.0,0,0,0,0,0,0,0,0,0,,False,False,False,False,False,False
2016-09-23,0,0,0,0,0,0,0.0,0.0,0,0,0,0,0,0,0,0,0,,False,False,False,False,False,False
2016-09-24,0,0,0,0,0,0,0.0,0.0,0,0,0,0,0,0,0,0,0,,False,False,False,False,False,False
2016-09-25,0,0,0,0,0,0,0.0,0.0,0,0,0,0,0,0,0,0,0,,False,False,False,False,False,False
2016-09-26,0,0,0,0,0,0,0.0,0.0,0,0,0,0,0,0,0,0,0,,False,False,False,False,False,False
2016-09-27,0,0,0,0,0,0,0.0,0.0,0,0,0,0,0,0,0,0,0,,False,False,False,False,False,False
2016-09-28,0,0,0,0,0,0,0.0,0.0,0,0,0,0,0,0,0,0,0,,False,False,False,False,False,False
2016-09-29,0,0,0,0,0,0,0.0,0.0,0,0,0,0,0,0,0,0,0,,False,False,False,False,False,False
2016-09-30,0,0,0,0,0,0,0.0,0.0,0,0,0,0,0,0,0,0,0,,False,False,False,False,False,False
2016-10-01,0,0,0,0,0,0,0.0,0.0,0,0,0,0,0,0,0,0,0,,False,False,False,False,False,False
2016-10-02,1,0,1,1,1,1,100.0,9.34,0,1,0,0,0,0,0,0,0,1.0,False,False,False,False,False,False
2016-10-03,8,7,1,7,6,8,463.48,131.66,0,1,0,7,0,0,0,0,0,1.0,False,False,False,False,False,False
2016-10-04,63,54,9,39,29,60,9940.960000000001,1354.52,0,5,0,54,3,0,1,0,3,0.9523809523809523,False,False,False,False,False,False
2016-10-05,47,35,12,32,28,42,8343.25,1302.69,0,2,0,35,2,1,4,3,5,0.8936170212765957,False,False,False,False,False,False
2016-10-06,51,41,10,40,27,49,7960.51,1170.72,0,3,0,41,5,0,0,2,2,0.9607843137254902,False,False,False,False,False,False
2016-10-07,46,38,8,36,22,45,7228.05,907.92,0,2,0,38,2,0,3,1,1,0.9782608695652174,False,False,False,False,False,False
2016-10-08,42,36,6,32,19,40,8441.85,941.52,0,3,0,36,2,0,0,1,2,0.9523809523809523,False,False,False,False,False,False
2016-10-09,26,20,6,24,20,26,3336.9900000000002,681.99,0,4,0,20,1,1,0,0,0,1.0,False,False,False,False,False,False
2016-10-10,39,34,5,31,27,37,3692.57,800.82,0,2,0,34,3,0,0,0,2,0.9487179487179487,False,False,False,False,False,False
2016-10-11,0,0,0,0,0,0,0.0,0.0,0,0,0,0,0,0,0,0,0,,False,False,False,False,False,False
2016-10-12,0,0,0,0,0,0,0.0,0.0,0,0,0,0,0,0,0,0,0,,False,False,False,False,False,False
2016-10-13,0,0,0,0,0,0,0.0,0.0,0,0,0,0,0,0,0,0,0,,False,False,False,False,False,False
2016-10-14,0,0,0,0,0,0,0.0,0.0,0,0,0,0,0,0,0,0,0,,False,False,False,False,False,False
2016-10-15,0,0,0,0,0,0,0.0,0.0,0,0,0,0,0,0,0,0,0,,False,False,False,False,False,False
2016-10-16,0,0,0,0,0,0,0.0,0.0,0,0,0,0,0,0,0,0,0,,False,False,False,False,False,False
2016-10-17,0,0,0,0,0,0,0.0,0.0,0,0,0,0,0,0,0,0,0,,False,False,False,False,False,False
2016-10-18,0,0,0,0,0,0,0.0,0.0,0,0,0,0,0,0,0,0,0,,False,False,False,False,False,False
2016-10-19,0,0,0,0,0,0,0.0,0.0,0,0,0,0,0,0,0,0,0,,False,False,False,False,False,False
2016-10-20,0,0,0,0,0,0,0.0,0.0,0,0,0,0,0,0,0,0,0,,False,False,False,False,False,False
2016-10-21,0,0,0,0,0,0,0.0,0.0,0,0,0,0,0,0,0,0,0,,False,False,False,False,False,False
2016-10-22,1,0,1,0,0,0,0.0,0.0,0,1,0,0,0,0,0,0,1,0.0,False,False,False,False,False,False
2016-10-23,0,0,0,0,0,0,0.0,0.0,0,0,0,0,0,0,0,0,0,,False,False,False,False,False,False
2016-10-24,0,0,0,0,0,0,0.0,0.0,0,0,0,0,0,0,0,0,0,,False,False,False,False,False,False
2016-10-25,0,0,0,0,0,0,0.0,0.0,0,0,0,0,0,0,0,0,0,,False,False,False,False,False,False
2016-10-26,0,0,0,0,0,0,0.0,0.0,0,0,0,0,0,0,0,0,0,,False,False,False,False,False,False
2016-10-27,0,0,0,0,0,0,0.0,0.0,0,0,0,0,0,0,0,0,0,,False,False,False,False,False,False
2016-10-28,0,0,0,0,0,0,0.0,0.0,0,0,0,0,0,0,0,0,0,,False,False,False,False,False,False
2016-10-29,0,0,0,0,0,0,0.0,0.0,0,0,0,0,0,0,0,0,0,,False,False,False,False,False,False
2016-10-30,0,0,0,0,0,0,0.0,0.0,0,0,0,0,0,0,0,0,0,,False,False,False,False,False,False
2016-10-31,0,0,0,0,0,0,0.0,0.0,0,0,0,0,0,0,0,0,0,,False,False,False,False,False,False
2016-11-01,0,0,0,0,0,0,0.0,0.0,0,0,0,0,0,0,0,0,0,,False,False,False,False,False,False
2016-11-02,0,0,0,0,0,0,0.0,0.0,0,0,0,0,0,0,0,0,0,,False,False,False,False,False,False
2016-11-03,0,0,0,0,0,0,0.0,0.0,0,0,0,0,0,0,0,0,0,,False,False,False,False,False,False
2016-11-04,0,0,0,0,0,0,0.0,0.0,0,0,0,0,0,0,0,0,0,,False,False,False,False,False,False
2016-11-05,0,0,0,0,0,0,0.0,0.0,0,0,0,0,0,0,0,0,0,,False,False,False,False,False,False
2016-11-06,0,0,0,0,0,0,0.0,0.0,0,0,0,0,0,0,0,0,0,,False,False,False,False,False,False
2016-11-07,0,0,0,0,0,0,0.0,0.0,0,0,0,0,0,0,0,0,0,,False,False,False,False,False,False
2016-11-08,0,0,0,0,0,0,0.0,0.0,0,0,0,0,0,0,0,0,0,,False,False,False,False,False,False
2016-11-09,0,0,0,0,0,0,0.0,0.0,0,0,0,0,0,0,0,0,0,,False,False,False,False,False,False
2016-11-10,0,0,0,0,0,0,0.0,0.0,0,0,0,0,0,0,0,0,0,,False,False,False,False,False,False
2016-11-11,0,0,0,0,0,0,0.0,0.0,0,0,0,0,0,0,0,0,0,,False,False,False,False,False,False
2016-11-12,0,0,0,0,0,0,0.0,0.0,0,0,0,0,0,0,0,0,0,,False,False,False,False,False,False
2016-11-13,0,0,0,0,0,0,0.0,0.0,0,0,0,0,0,0,0,0,0,,False,False,False,False,False,False
2016-11-14,0,0,0,0,0,0,0.0,0.0,0,0,0,0,0,0,0,0,0,,False,False,False,False,False,False
2016-11-15,0,0,0,0,0,0,0.0,0.0,0,0,0,0,0,0,0,0,0,,False,False,False,False,False,False
2016-11-16,0,0,0,0,0,0,0.0,0.0,0,0,0,0,0,0,0,0,0,,False,False,False,False,False,False
2016-11-17,0,0,0,0,0,0,0.0,0.0,0,0,0,0,0,0,0,0,0,,False,False,False,False,False,False
2016-11-18,0,0,0,0,0,0,0.0,0.0,0,0,0,0,0,0,0,0,0,,False,False,False,False,False,False
2016-11-19,0,0,0,0,0,0,0.0,0.0,0,0,0,0,0,0,0,0,0,,False,False,False,False,False,False
2016-11-20,0,0,0,0,0,0,0.0,0.0,0,0,0,0,0,0,0,0,0,,False,False,False,False,False,False
2016-11-21,0,0,0,0,0,0,0.0,0.0,0,0,0,0,0,0,0,0,0,,False,False,False,False,False,False
2016-11-22,0,0,0,0,0,0,0.0,0.0,0,0,0,0,0,0,0,0,0,,False,False,False,False,False,False
2016-11-23,0,0,0,0,0,0,0.0,0.0,0,0,0,0,0,0,0,0,0,,False,False,False,False,False,False
2016-11-24,0,0,0,0,0,0,0.0,0.0,0,0,0,0,0,0,0,0,0,,False,False,False,False,False,False
2016-11-25,0,0,0,0,0,0,0.0,0.0,0,0,0,0,0,0,0,0,0,,False,False,False,False,False,False
2016-11-26,0,0,0,0,0,0,0.0,0.0,0,0,0,0,0,0,0,0,0,,False,False,False,False,False,False
2016-11-27,0,0,0,0,0,0,0.0,0.0,0,0,0,0,0,0,0,0,0,,False,False,False,False,False,False
2016-11-28,0,0,0,0,0,0,0.0,0.0,0,0,0,0,0,0,0,0,0,,False,False,False,False,False,False
2016-11-29,0,0,0,0,0,0,0.0,0.0,0,0,0,0,0,0,0,0,0,,False,False,False,False,False,False
2016-11-30,0,0,0,0,0,0,0.0,0.0,0,0,0,0,0,0,0,0,0,,False,False,False,False,False,False
2016-12-01,0,0,0,0,0,0,0.0,0.0,0,0,0,0,0,0,0,0,0,,False,False,False,False,False,False
2016-12-02,0,0,0,0,0,0,0.0,0.0,0,0,0,0,0,0,0,0,0,,False,False,False,False,False,False
2016-12-03,0,0,0,0,0,0,0.0,0.0,0,0,0,0,0,0,0,0,0,,False,False,False,False,False,False
2016-12-04,0,0,0,0,0,0,0.0,0.0,0,0,0,0,0,0,0,0,0,,False,False,False,False,False,False
2016-12-05,0,0,0,0,0,0,0.0,0.0,0,0,0,0,0,0,0,0,0,,False,False,False,False,False,False
2016-12-06,0,0,0,0,0,0,0.0,0.0,0,0,0,0,0,0,0,0,0,,False,False,False,False,False,False
2016-12-07,0,0,0,0,0,0,0.0,0.0,0,0,0,0,0,0,0,0,0,,False,False,False,False,False,False
2016-12-08,0,0,0,0,0,0,0.0,0.0,0,0,0,0,0,0,0,0,0,,False,False,False,False,False,False
2016-12-09,0,0,0,0,0,0,0.0,0.0,0,0,0,0,0,0,0,0,0,,False,False,False,False,False,False
2016-12-10,0,0,0,0,0,0,0.0,0.0,0,0,0,0,0,0,0,0,0,,False,False,False,False,False,False
2016-12-11,0,0,0,0,0,0,0.0,0.0,0,0,0,0,0,0,0,0,0,,False,False,False,False,False,False
2016-12-12,0,0,0,0,0,0,0.0,0.0,0,0,0,0,0,0,0,0,0,,False,False,False,False,False,False
2016-12-13,0,0,0,0,0,0,0.0,0.0,0,0,0,0,0,0,0,0,0,,False,False,False,False,False,False
2016-12-14,0,0,0,0,0,0,0.0,0.0,0,0,0,0,0,0,0,0,0,,False,False,False,False,False,False
2016-12-15,0,0,0,0,0,0,0.0,0.0,0,0,0,0,0,0,0,0,0,,False,False,False,False,False,False
2016-12-16,0,0,0,0,0,0,0.0,0.0,0,0,0,0,0,0,0,0,0,,False,False,False,False,False,False
2016-12-17,0,0,0,0,0,0,0.0,0.0,0,0,0,0,0,0,0,0,0,,False,False,False,False,False,False
2016-12-18,0,0,0,0,0,0,0.0,0.0,0,0,0,0,0,0,0,0,0,,False,False,False,False,False,False
2016-12-19,0,0,0,0,0,0,0.0,0.0,0,0,0,0,0,0,0,0,0,,False,False,False,False,False,False
2016-12-20,0,0,0,0,0,0,0.0,0.0,0,0,0,0,0,0,0,0,0,,False,False,False,False,False,False
2016-12-21,0,0,0,0,0,0,0.0,0.0,0,0,0,0,0,0,0,0,0,,False,False,False,False,False,False
2016-12-22,0,0,0,0,0,0,0.0,0.0,0,0,0,0,0,0,0,0,0,,False,False,False,False,False,False
2016-12-23,1,1,0,1,1,1,10.9,8.72,0,0,0,1,0,0,0,0,0,1.0,False,False,False,False,False,False
2016-12-24,0,0,0,0,0,0,0.0,0.0,0,0,0,0,0,0,0,0,0,,False,False,False,False,False,False
2016-12-25,0,0,0,0,0,0,0.0,0.0,0,0,0,0,0,0,0,0,0,,False,False,False,False,False,False
2016-12-26,0,0,0,0,0,0,0.0,0.0,0,0,0,0,0,0,0,0,0,,False,False,False,False,False,False
2016-12-27,0,0,0,0,0,0,0.0,0.0,0,0,0,0,0,0,0,0,0,,False,False,False,False,False,False
2016-12-28,0,0,0,0,0,0,0.0,0.0,0,0,0,0,0,0,0,0,0,,False,False,False,False,False,False
2016-12-29,0,0,0,0,0,0,0.0,0.0,0,0,0,0,0,0,0,0,0,,False,False,False,False,False,False
2016-12-30,0,0,0,0,0,0,0.0,0.0,0,0,0,0,0,0,0,0,0,,False,False,False,False,False,False
2016-12-31,0,0,0,0,0,0,0.0,0.0,0,0,0,0,0,0,0,0,0,,False,False,False,False,False,False
2017-01-01,0,0,0,0,0,0,0.0,0.0,0,0,0,0,0,0,0,0,0,,False,False,False,False,False,False
2017-01-02,0,0,0,0,0,0,0.0,0.0,0,0,0,0,0,0,0,0,0,,False,False,False,False,False,False
2017-01-03,0,0,0,0,0,0,0.0,0.0,0,0,0,0,0,0,0,0,0,,False,False,False,False,False,False
2017-01-04,0,0,0,0,0,0,0.0,0.0,0,0,0,0,0,0,0,0,0,,False,False,False,False,False,False
2017-01-05,32,32,0,3,4,32,396.9,310.37,0,0,0,32,0,0,0,0,0,1.0,False,False,False,False,False,False
2017-01-06,4,4,0,4,4,4,916.38,71.9,0,0,0,4,0,0,0,0,0,1.0,False,False,False,False,False,False
2017-01-07,4,4,0,4,4,4,1351.9,96.09,0,0,0,4,0,0,0,0,0,1.0,False,False,False,False,False,False
2017-01-08,6,4,2,5,3,6,709.58,100.05,0,0,0,4,0,0,2,0,0,1.0,False,False,False,False,False,False
2017-01-09,5,5,0,5,5,5,673.79,100.72,0,0,0,5,0,0,0,0,0,1.0,False,False,False,False,False,False
2017-01-10,6,6,0,5,6,6,1434.87,136.3,0,0,0,6,0,0,0,0,0,1.0,False,False,False,False,False,False
2017-01-11,12,10,2,10,10,12,2776.16,286.17,0,1,0,10,0,1,0,0,0,1.0,False,False,False,False,False,False
2017-01-12,13,12,1,10,8,13,2234.58,268.11,0,0,0,12,1,0,0,0,0,1.0,False,False,False,False,False,False
2017-01-13,12,10,2,8,7,11,2505.58,275.14,0,1,0,10,0,0,1,0,1,0.9166666666666666,False,False,False,False,False,False
2017-01-14,18,16,2,10,12,18,1112.69,386.88,0,0,0,16,0,0,2,0,0,1.0,False,False,False,False,False,False
2017-01-15,14,14,0,10,12,14,2199.57,351.77,0,0,0,14,0,0,0,0,0,1.0,False,False,False,False,False,False
2017-01-16,19,18,1,14,12,19,3307.92,400.48,0,0,0,18,1,0,0,0,0,1.0,False,False,False,False,False,False
2017-01-17,32,32,0,25,16,32,3302.5299999999997,591.08,0,0,0,32,0,0,0,0,0,1.0,False,False,False,False,False,False
2017-01-18,33,30,3,30,17,33,4032.36,651.02,0,0,0,30,1,2,0,0,0,1.0,False,False,False,False,False,False
2017-01-19,29,29,0,23,14,29,3553.95,586.21,0,0,0,29,0,0,0,0,0,1.0,False,False,False,False,False,False
2017-01-20,29,28,1,23,15,28,4035.83,620.22,0,0,0,28,0,0,0,1,1,0.9655172413793104,False,False,False,False,False,False
2017-01-21,24,22,2,18,14,24,2458.6000000000004,636.17,0,0,0,22,0,0,2,0,0,1.0,False,False,False,False,False,False
2017-01-22,31,30,1,21,13,30,3619.27,522.6,0,0,0,30,0,0,0,1,1,0.967741935483871,False,False,False,False,False,False
2017-01-23,39,36,3,34,21,39,6581.47,972.42,0,0,0,36,0,1,2,0,0,1.0,False,False,False,False,False,False
2017-01-24,40,38,2,34,24,40,5955.17,828.36,0,0,0,38,1,1,0,0,0,1.0,False,False,False,False,False,False
2017-01-25,63,57,6,45,28,62,8977.23,1362.98,0,0,0,57,0,3,2,1,1,0.9841269841269841,False,False,False,False,False,False
2017-01-26,86,82,4,63,30,85,13157.66,1953.97,0,1,0,82,2,0,0,1,1,0.9883720930232558,False,False,False,False,False,False
2017-01-27,62,59,3,49,32,61,11432.95,1323.2,0,0,0,59,1,0,1,1,1,0.9838709677419355,False,False,False,False,False,False
2017-01-28,29,28,1,27,23,29,5211.01,672.0,0,0,0,28,1,0,0,0,0,1.0,False,False,False,False,False,False
2017-01-29,35,32,3,26,22,35,6457.66,703.0,0,0,0,32,0,0,3,0,0,1.0,False,False,False,False,False,False
2017-01-30,53,48,5,36,21,51,10801.130000000001,1097.0,0,0,0,48,3,0,0,2,2,0.9622641509433962,False,False,False,False,False,False
2017-01-31,70,64,6,50,37,67,11116.13,1571.41,0,0,0,64,1,1,1,3,3,0.9571428571428572,False,False,False,False,False,False
2017-02-01,73,61,12,53,26,67,8219.75,1350.74,0,1,0,61,1,3,1,6,6,0.9178082191780822,False,False,False,False,False,False
2017-02-02,69,67,2,50,31,68,8917.64,1557.66,0,0,0,67,0,0,1,1,1,0.9855072463768116,False,False,False,False,False,False
2017-02-03,60,54,6,40,31,57,10183.74,1242.25,0,3,0,54,0,2,0,1,3,0.95,False,False,False,False,False,False
2017-02-04,67,64,3,50,28,66,13968.16,1749.05,0,0,0,64,1,0,1,1,1,0.9850746268656716,False,False,False,False,False,False
2017-02-05,75,74,1,51,30,75,8503.79,1649.45,0,0,0,74,0,1,0,0,0,1.0,False,False,False,False,False,False
2017-02-06,85,78,7,60,32,81,9539.44,1545.36,1,0,0,78,1,1,0,4,4,0.9529411764705882,False,False,False,False,False,False
2017-02-07,112,108,4,78,42,111,14143.48,2380.73,0,1,0,108,1,1,0,1,1,0.9910714285714286,False,False,False,False,False,False
2017-02-08,95,83,12,69,36,90,11958.27,2068.67,0,1,0,83,1,0,5,5,5,0.9473684210526315,False,False,False,False,False,False
2017-02-09,77,73,4,61,29,77,9190.29,1653.88,0,0,0,73,2,1,1,0,0,1.0,False,False,False,False,False,False
2017-02-10,66,63,3,53,27,66,14222.64,1445.36,0,1,0,63,0,1,1,0,0,1.0,False,False,False,False,False,False
2017-02-11,49,45,4,42,21,45,4307.56,925.59,0,0,0,45,0,0,0,4,4,0.9183673469387755,False,False,False,False,False,False
2017-02-12,64,61,3,52,30,63,15126.15,1520.18,0,1,0,61,0,1,0,1,1,0.984375,False,False,False,False,False,False
2017-02-13,78,74,4,58,31,76,10785.15,2100.72,0,1,0,74,0,1,0,2,2,0.9743589743589743,False,False,False,False,False,False
2017-02-14,76,66,10,62,30,71,12694.11,1648.89,0,0,0,66,1,2,2,5,5,0.9342105263157895,False,False,False,False,False,False
2017-02-15,62,56,6,51,25,60,6770.15,1261.37,0,0,0,56,1,1,2,2,2,0.967741935483871,False,False,False,False,False,False
2017-02-16,55,49,6,45,22,52,6348.04,1107.24,0,2,0,49,0,1,0,3,3,0.9454545454545454,False,False,False,False,False,False
2017-02-17,46,45,1,37,22,45,6801.26,1257.95,0,0,0,45,0,0,0,1,1,0.9782608695652174,False,False,False,False,False,False
2017-02-18,54,52,2,38,27,52,7297.33,1153.81,0,0,0,52,0,0,0,2,2,0.9629629629629629,False,False,False,False,False,False
2017-02-19,40,37,3,33,16,40,3797.9,679.75,0,0,0,37,0,3,0,0,0,1.0,False,False,False,False,False,False
2017-02-20,63,59,4,55,29,63,7878.3,1279.0,0,1,0,59,0,2,1,0,0,1.0,False,False,False,False,False,False
2017-02-21,41,39,2,36,19,41,8285.64,1047.82,0,0,0,39,1,0,1,0,0,1.0,False,False,False,False,False,False
2017-02-22,63,53,10,52,26,61,8033.05,1299.16,0,3,0,53,0,2,3,2,2,0.9682539682539683,False,False,False,False,False,False
2017-02-23,59,57,2,50,21,59,6940.82,1628.8,0,0,0,57,1,1,0,0,0,1.0,False,False,False,False,False,False
2017-02-24,64,60,4,51,26,62,6682.21,1216.54,0,0,0,60,0,1,1,2,2,0.96875,False,False,False,False,False,False
2017-02-25,43,39,4,33,20,42,4196.59,815.72,0,0,0,39,0,3,0,1,1,0.9767441860465116,False,False,False,False,False,False
2017-02-26,46,42,4,40,19,45,5446.68,1049.78,0,0,0,42,0,2,1,1,1,0.9782608695652174,False,False,False,False,False,False
2017-02-27,43,41,2,39,21,43,5844.12,987.17,0,1,0,41,0,1,0,0,0,1.0,False,False,False,False,False,False
2017-02-28,55,53,2,46,23,55,11220.76,1354.96,0,1,0,53,0,1,0,0,0,1.0,False,False,False,False,False,False
2017-03-01,99,93,6,70,41,95,12555.41,2099.28,0,1,0,93,0,1,1,3,4,0.9595959595959596,False,False,False,False,False,False
2017-03-02,72,66,6,54,30,68,11377.0,1506.06,0,0,0,66,0,2,0,4,4,0.9444444444444444,False,False,False,False,False,False
2017-03-03,74,72,2,51,27,72,12364.44,1554.7,0,0,0,72,0,0,0,2,2,0.972972972972973,False,False,False,False,False,False
2017-03-04,80,69,11,62,32,77,12658.51,1932.03,0,2,0,69,0,3,4,2,3,0.9625,False,False,False,False,False,False
2017-03-05,74,67,7,57,35,72,6954.62,1495.69,0,2,0,67,0,1,2,2,2,0.972972972972973,False,False,False,False,False,False
2017-03-06,105,94,11,72,38,99,10336.64,2084.67,0,1,0,94,0,0,4,6,6,0.9428571428571428,False,False,False,False,False,False
2017-03-07,82,78,4,65,31,81,11883.52,1847.12,0,1,0,78,0,1,1,1,1,0.9878048780487805,False,False,False,False,False,False
2017-03-08,79,73,6,67,36,78,14612.46,1975.98,0,1,0,73,1,2,1,1,1,0.9873417721518988,False,False,False,False,False,False
2017-03-09,93,88,5,70,36,92,11705.54,2099.07,0,0,0,88,0,1,3,1,1,0.989247311827957,False,False,False,False,False,False
2017-03-10,88,84,4,72,31,88,12358.87,2160.05,0,2,0,84,0,0,2,0,0,1.0,False,False,False,False,False,False
2017-03-11,71,68,3,52,26,71,10852.97,1632.45,0,1,0,68,0,0,2,0,0,1.0,False,False,False,False,False,False
2017-03-12,64,63,1,53,27,64,6612.16,1241.02,0,1,0,63,0,0,0,0,0,1.0,False,False,False,False,False,False
2017-03-13,111,104,7,76,39,111,16958.05,2348.01,0,3,0,104,0,2,2,0,0,1.0,False,False,False,False,False,False
2017-03-14,99,95,4,72,35,99,14243.66,2299.32,0,1,0,95,0,2,1,0,0,1.0,False,False,False,False,False,False
2017-03-15,108,101,7,89,36,107,14999.33,2216.6,0,0,0,101,0,2,4,1,1,0.9907407407407407,False,False,False,False,False,False
2017-03-16,103,100,3,77,41,103,14269.78,2379.97,0,1,0,100,0,1,1,0,0,1.0,False,False,False,False,False,False
2017-03-17,65,64,1,51,27,65,11970.4,1640.8799999999999,0,0,0,64,0,0,1,0,0,1.0,False,False,False,False,False,False
2017-03-18,73,71,2,59,28,73,16433.82,1504.67,0,0,0,71,0,0,2,0,0,1.0,False,False,False,False,False,False
2017-03-19,56,56,0,38,21,56,6649.34,1078.74,0,0,0,56,0,0,0,0,0,1.0,False,False,False,False,False,False
2017-03-20,119,113,6,77,43,116,17096.49,2510.81,0,4,0,113,0,0,1,1,3,0.9747899159663865,False,False,False,False,False,False
2017-03-21,97,92,5,74,34,93,11349.130000000001,1887.59,0,4,0,92,0,0,0,1,4,0.9587628865979382,False,False,False,False,False,False
2017-03-22,105,104,1,75,38,105,14188.970000000001,2201.17,0,0,0,104,0,0,1,0,0,1.0,False,False,False,False,False,False
2017-03-23,114,105,9,85,39,111,16375.550000000001,2420.38,0,1,0,105,0,0,5,3,3,0.9736842105263158,False,False,False,False,False,False
2017-03-24,79,75,4,52,29,77,10177.87,1492.58,0,1,0,75,0,0,1,2,2,0.9746835443037974,False,False,False,False,False,False
2017-03-25,76,72,4,56,29,75,9423.04,1641.23,0,1,0,72,0,1,1,1,1,0.9868421052631579,False,False,False,False,False,False
2017-03-26,64,63,1,52,28,64,6320.95,1321.08,0,0,0,63,1,0,0,0,0,1.0,False,False,False,False,False,False
2017-03-27,111,107,4,84,44,109,16356.97,2375.62,0,1,0,107,1,0,1,1,2,0.9819819819819819,False,False,False,False,False,False
2017-03-28,103,96,7,81,35,102,12373.11,2253.57,0,3,0,96,0,1,3,0,1,0.9902912621359223,False,False,False,False,False,False
2017-03-29,74,72,2,62,24,74,8660.54,1548.57,0,1,0,72,0,0,1,0,0,1.0,False,False,False,False,False,False
2017-03-30,74,72,2,59,28,74,10025.6,1409.4,0,0,0,72,0,2,0,0,0,1.0,False,False,False,False,False,False
2017-03-31,70,69,1,53,35,70,12199.56,1545.98,0,0,0,69,0,1,0,0,0,1.0,False,False,False,False,False,False
2017-04-01,68,66,2,51,26,67,17697.37,1356.54,0,0,0,66,0,0,1,1,1,0.9852941176470589,False,False,False,False,False,False
2017-04-02,65,64,1,53,24,65,9129.880000000001,1475.92,0,0,0,64,0,0,1,0,0,1.0,False,False,False,False,False,False
2017-04-03,72,68,4,55,28,72,9156.76,1620.14,0,0,0,68,0,1,3,0,0,1.0,False,False,False,False,False,False
2017-04-04,96,96,0,72,37,96,12301.65,1851.34,0,0,0,96,0,0,0,0,0,1.0,False,False,False,False,False,False
2017-04-05,96,93,3,79,28,96,18902.94,1871.6100000000001,0,0,0,93,3,0,0,0,0,1.0,False,False,False,False,False,False
2017-04-06,96,92,4,68,33,95,23168.89,2073.92,0,0,0,92,0,2,1,1,1,0.9895833333333334,False,False,False,False,False,False
2017-04-07,85,82,3,66,34,85,13300.65,1743.07,0,1,0,82,0,1,1,0,0,1.0,False,False,False,False,False,False
2017-04-08,68,64,4,58,28,66,8785.09,1268.49,0,0,0,64,0,1,1,2,2,0.9705882352941176,False,False,False,False,False,False
2017-04-09,73,68,5,56,38,73,8222.65,1466.76,0,2,0,68,1,0,2,0,0,1.0,False,False,False,False,False,False
2017-04-10,87,84,3,61,29,87,11732.31,1759.79,0,1,0,84,0,0,2,0,0,1.0,False,False,False,False,False,False
2017-04-11,78,73,5,65,32,77,8296.51,1506.07,0,0,0,73,2,1,1,1,1,0.9871794871794872,False,False,False,False,False,False
2017-04-12,63,61,2,53,27,63,8209.2,1198.74,0,1,0,61,0,0,1,0,0,1.0,False,False,False,False,False,False
2017-04-13,60,60,0,50,35,60,9691.43,1522.5,0,0,0,60,0,0,0,0,0,1.0,False,False,False,False,False,False
2017-04-14,54,47,7,45,30,53,8168.66,1363.7,0,3,0,47,0,0,4,0,1,0.9814814814814815,False,False,False,False,False,False
2017-04-15,52,49,3,45,26,52,8333.94,1057.6200000000001,0,0,0,49,0,1,2,0,0,1.0,False,False,False,False,False,False
2017-04-16,49,47,2,44,30,49,5455.96,1058.84,0,0,0,47,0,0,2,0,0,1.0,False,False,False,False,False,False
2017-04-17,65,58,7,52,31,65,9416.67,1348.9,0,1,0,58,0,0,6,0,0,1.0,False,False,False,False,False,False
2017-04-18,71,71,0,54,37,71,21286.72,2147.14,0,0,0,71,0,0,0,0,0,1.0,False,False,False,False,False,False
2017-04-19,97,93,4,78,33,97,12103.46,1837.79,0,0,0,93,0,0,4,0,0,1.0,False,False,False,False,False,False
2017-04-20,98,91,7,74,37,96,13373.14,2349.25,0,1,0,91,1,0,4,1,2,0.9795918367346939,False,False,False,False,False,False
2017-04-21,68,66,2,49,30,68,8457.71,1652.26,0,1,0,66,0,0,1,0,0,1.0,False,False,False,False,False,False
2017-04-22,84,82,2,67,39,83,12860.18,2005.23,0,0,0,82,0,0,1,1,1,0.9880952380952381,False,False,False,False,False,False
2017-04-23,88,84,4,62,27,86,10038.95,1642.3700000000001,0,2,0,84,1,0,0,1,2,0.9772727272727273,False,False,False,False,False,False
2017-04-24,115,110,5,81,42,115,15150.03,2561.55,0,1,0,110,2,1,1,0,0,1.0,False,False,False,False,False,False
2017-04-25,111,106,5,86,41,111,14671.74,2495.92,1,0,0,106,1,0,3,0,0,1.0,False,False,False,False,False,False
2017-04-26,125,122,3,96,39,125,15919.75,2776.34,0,2,0,122,0,0,1,0,0,1.0,False,False,False,False,False,False
2017-04-27,80,75,5,61,32,79,10300.710000000001,2090.18,0,2,0,75,1,0,2,0,1,0.9875,False,False,False,False,False,False
2017-04-28,98,95,3,80,38,98,15790.49,2272.8,0,0,0,95,0,1,2,0,0,1.0,False,False,False,False,False,False
2017-04-29,74,70,4,60,29,73,11912.63,1774.3899999999999,0,0,0,70,1,0,2,1,1,0.9864864864864865,False,False,False,False,False,False
2017-04-30,68,66,2,56,36,68,8091.16,1345.84,0,0,0,66,1,1,0,0,0,1.0,False,False,False,False,False,False
2017-05-01,117,111,6,85,39,116,12580.27,2216.5,0,1,0,111,2,1,2,0,1,0.9914529914529915,False,False,False,False,False,False
2017-05-02,128,122,6,97,44,125,17640.2,2667.57,0,2,0,122,0,0,3,1,3,0.9765625,False,False,False,False,False,False
2017-05-03,103,101,2,79,41,102,10053.56,2082.82,0,1,0,101,0,0,1,0,1,0.9902912621359223,False,False,False,False,False,False
2017-05-04,109,107,2,77,41,108,13508.55,2305.41,0,0,0,107,0,1,0,1,1,0.9908256880733946,False,False,False,False,False,False
2017-05-05,111,104,7,83,41,110,13969.76,2372.75,0,0,0,104,2,2,2,1,1,0.990990990990991,False,False,False,False,False,False
2017-05-06,109,103,6,87,31,107,16219.98,2372.82,0,0,0,103,1,1,2,2,2,0.981651376146789,False,False,False,False,False,False
2017-05-07,111,102,9,81,39,109,17167.87,2556.55,0,0,0,102,1,3,3,2,2,0.9819819819819819,False,False,False,False,False,False
2017-05-08,124,120,4,84,38,122,16148.41,2874.25,0,0,0,120,1,0,1,2,2,0.9838709677419355,False,False,False,False,False,False
2017-05-09,128,120,8,86,38,125,20837.05,3049.07,0,1,0,120,1,2,1,3,3,0.9765625,False,False,False,False,False,False
2017-05-10,116,109,7,82,34,115,20927.49,2322.41,0,1,0,109,1,1,4,0,1,0.9913793103448276,False,False,False,False,False,False
2017-05-11,126,124,2,100,38,126,18164.55,3017.7,0,0,0,124,1,0,1,0,0,1.0,False,False,False,False,False,False
2017-05-12,115,105,10,82,41,113,12635.710000000001,2467.85,0,3,0,105,1,0,4,2,2,0.9826086956521739,False,False,False,False,False,False
2017-05-13,73,67,6,62,28,73,9118.65,1547.74,0,1,0,67,1,0,4,0,0,1.0,False,False,False,False,False,False
2017-05-14,112,108,4,84,36,112,15219.7,2321.22,0,2,0,108,1,0,1,0,0,1.0,False,False,False,False,False,False
2017-05-15,157,149,8,125,50,154,17962.03,3458.94,0,1,0,149,0,1,3,3,3,0.9808917197452229,False,False,False,False,False,False
2017-05-16,153,149,4,115,42,151,21174.88,3189.82,0,1,0,149,1,0,0,2,2,0.9869281045751634,False,False,False,False,False,False
2017-05-17,141,139,2,102,34,141,18343.93,3052.4,0,1,0,139,0,0,1,0,0,1.0,False,False,False,False,False,False
2017-05-18,125,124,1,94,40,125,18245.13,2611.38,0,0,0,124,0,0,1,0,0,1.0,False,False,False,False,False,False
2017-05-19,144,140,4,102,37,144,18397.670000000002,3120.0099999999998,0,0,0,140,0,3,1,0,0,1.0,False,False,False,False,False,False
2017-05-20,72,70,2,56,30,72,10632.41,1722.06,0,0,0,70,0,1,1,0,0,1.0,False,False,False,False,False,False
2017-05-21,148,145,3,94,44,148,17426.2,2942.33,0,0,0,145,0,1,2,0,0,1.0,False,False,False,False,False,False
2017-05-22,148,145,3,96,40,148,25414.2,3492.4,0,0,0,145,0,2,1,0,0,1.0,False,False,False,False,False,False
2017-05-23,125,120,5,86,40,125,17798.38,2818.68,0,1,0,120,1,2,1,0,0,1.0,False,False,False,False,False,False
2017-05-24,142,140,2,97,49,141,23350.97,3244.34,0,0,0,140,0,0,1,1,1,0.9929577464788732,False,False,False,False,False,False
2017-05-25,108,103,5,80,37,105,15383.79,2402.9,0,2,0,103,0,0,1,2,3,0.9722222222222222,False,False,False,False,False,False
2017-05-26,80,77,3,66,29,78,10651.18,1844.1399999999999,0,1,0,77,1,0,0,1,2,0.975,False,False,False,False,False,False
2017-05-27,83,77,6,63,34,81,14139.51,1917.88,0,3,0,77,0,1,1,1,2,0.9759036144578314,False,False,False,False,False,False
2017-05-28,98,98,0,79,34,98,9262.62,1844.62,0,0,0,98,0,0,0,0,0,1.0,False,False,False,False,False,False
2017-05-29,160,151,9,101,42,158,18912.86,3114.66,0,2,0,151,0,0,6,1,2,0.9875,False,False,False,False,False,False
2017-05-30,105,98,7,78,38,102,14345.48,2335.59,0,2,0,98,0,1,1,3,3,0.9714285714285714,False,False,False,False,False,False
2017-05-31,129,118,11,95,40,126,20438.15,2833.0,0,3,0,118,0,0,5,3,3,0.9767441860465116,False,False,False,False,False,False
2017-06-01,124,123,1,87,35,124,19305.25,2457.08,0,0,0,123,0,1,0,0,0,1.0,False,False,False,False,False,False
2017-06-02,127,123,4,84,41,126,19131.33,2472.64,0,0,0,123,1,1,1,1,1,0.9921259842519685,False,False,False,False,False,False
2017-06-03,89,88,1,66,34,89,10450.35,1815.09,0,0,0,88,0,1,0,0,0,1.0,False,False,False,False,False,False
2017-06-04,102,99,3,80,36,101,13863.23,2035.25,0,0,0,99,0,0,2,1,1,0.9901960784313726,False,False,False,False,False,False
2017-06-05,147,142,5,96,39,146,24184.55,2833.61,0,1,0,142,0,1,2,1,1,0.9931972789115646,False,False,False,False,False,False
2017-06-06,134,128,6,85,34,133,14589.15,2718.84,0,1,0,128,2,1,2,0,1,0.9925373134328358,False,False,False,False,False,False
2017-06-07,129,122,7,100,39,124,12771.66,2626.01,0,1,0,122,0,0,2,4,5,0.9612403100775194,False,False,False,False,False,False
2017-06-08,137,134,3,103,51,137,18503.079999999998,3597.37,0,0,0,134,1,0,2,0,0,1.0,False,False,False,False,False,False
2017-06-09,108,105,3,76,37,106,16051.35,2538.48,0,1,0,105,0,0,1,1,2,0.9814814814814815,False,False,False,False,False,False
2017-06-10,77,72,5,62,34,76,8220.35,1586.83,0,0,0,72,3,0,1,1,1,0.987012987012987,False,False,False,False,False,False
2017-06-11,115,111,4,84,35,113,14303.56,2305.87,0,0,0,111,0,1,1,2,2,0.9826086956521739,False,False,False,False,False,False
2017-06-12,126,121,5,92,33,125,14803.11,2487.66,0,0,0,121,1,0,3,1,1,0.9920634920634921,False,False,False,False,False,False
2017-06-13,126,121,5,91,36,125,14016.09,2563.36,0,1,0,121,1,1,1,1,1,0.9920634920634921,False,False,False,False,False,False
2017-06-14,131,128,3,86,37,130,20441.670000000002,2931.92,0,0,0,128,0,0,2,1,1,0.9923664122137404,False,False,False,False,False,False
2017-06-15,108,103,5,85,41,107,12737.67,2179.14,0,2,0,103,0,0,2,1,1,0.9907407407407407,False,False,False,False,False,False
2017-06-16,97,94,3,73,34,97,12908.23,1869.46,0,2,0,94,0,0,1,0,0,1.0,False,False,False,False,False,False
2017-06-17,75,72,3,58,24,74,11264.77,1481.38,0,0,0,72,0,2,0,1,1,0.9866666666666667,False,False,False,False,False,False
2017-06-18,90,87,3,68,29,90,17836.16,1897.53,0,2,0,87,0,0,1,0,0,1.0,False,False,False,False,False,False
2017-06-19,156,152,4,100,43,156,22764.83,3168.61,0,1,0,152,0,0,3,0,0,1.0,False,False,False,False,False,False
2017-06-20,94,90,4,70,26,92,10968.33,3101.41,0,1,0,90,0,0,2,1,2,0.9787234042553191,False,False,False,False,False,False
2017-06-21,35,34,1,32,9,35,6183.65,1087.93,0,0,0,34,0,0,1,0,0,1.0,False,False,False,False,False,False
2017-06-22,88,83,5,72,28,88,8826.81,1782.23,0,2,0,83,0,0,3,0,0,1.0,False,False,False,False,False,False
2017-06-23,107,103,4,80,35,107,13282.98,2415.52,0,1,0,103,0,0,3,0,0,1.0,False,False,False,False,False,False
2017-06-24,76,74,2,54,27,76,8325.65,1688.05,0,0,0,74,0,0,2,0,0,1.0,False,False,False,False,False,False
2017-06-25,105,99,6,72,34,105,17646.18,3088.16,0,0,0,99,1,1,4,0,0,1.0,False,False,False,False,False,False
2017-06-26,72,67,5,64,26,72,13414.76,1785.56,0,0,0,67,1,1,3,0,0,1.0,False,False,False,False,False,False
2017-06-27,141,140,1,96,37,140,16681.61,2894.35,0,0,0,140,0,0,0,1,1,0.9929078014184397,False,False,False,False,False,False
2017-06-28,120,117,3,86,36,120,14655.82,2396.03,0,0,0,117,0,1,2,0,0,1.0,False,False,False,False,False,False
2017-06-29,114,110,4,77,26,110,12169.53,2105.51,0,0,0,110,0,0,0,4,4,0.9649122807017544,False,False,False,False,False,False
2017-06-30,95,93,2,73,37,93,12736.89,2013.56,0,0,0,93,0,0,0,2,2,0.9789473684210527,False,False,False,False,False,False
2017-07-01,80,77,3,67,34,80,12151.75,1987.25,0,0,0,77,0,0,3,0,0,1.0,False,False,False,False,False,False
2017-07-02,108,102,6,72,32,105,11489.44,2183.29,0,2,0,102,0,0,2,2,3,0.9722222222222222,False,False,False,False,False,False
2017-07-03,118,111,7,83,36,117,16611.05,2647.06,0,1,0,111,0,0,5,1,1,0.9915254237288136,False,False,False,False,False,False
2017-07-04,125,120,5,94,41,123,15484.24,2456.4,0,0,0,120,0,0,3,2,2,0.984,False,False,False,False,False,False
2017-07-05,145,138,7,104,37,140,20789.56,3348.65,0,2,0,138,0,1,0,4,5,0.9655172413793104,False,False,False,False,False,False
2017-07-06,154,140,14,94,43,148,22223.72,3492.59,0,0,0,140,1,1,6,6,6,0.961038961038961,False,False,False,False,False,False
2017-07-07,121,114,7,73,37,117,13662.87,2543.99,0,1,0,114,0,0,2,4,4,0.9669421487603306,False,False,False,False,False,False
2017-07-08,84,83,1,63,27,83,10206.86,1690.21,0,0,0,83,0,0,0,1,1,0.9880952380952381,False,False,False,False,False,False
2017-07-09,94,88,6,70,33,90,8197.38,1878.3,0,3,0,88,0,0,0,3,4,0.9574468085106383,False,False,False,False,False,False
2017-07-10,143,140,3,92,41,140,17326.93,3070.41,0,0,0,140,0,0,0,3,3,0.9790209790209791,False,False,False,False,False,False
2017-07-11,165,158,7,104,39,162,20213.79,3656.78,0,1,0,158,0,0,3,3,3,0.9818181818181818,False,False,False,False,False,False
2017-07-12,153,145,8,116,46,149,19180.22,3263.65,0,2,0,145,0,0,2,4,4,0.9738562091503268,False,False,False,False,False,False
2017-07-13,137,131,6,85,41,137,14531.0,3455.75,0,1,0,131,0,0,5,0,0,1.0,False,False,False,False,False,False
2017-07-14,149,148,1,90,36,149,18745.15,3088.11,0,0,0,148,1,0,0,0,0,1.0,False,False,False,False,False,False
2017-07-15,98,97,1,72,32,98,10930.56,2197.5,0,0,0,97,0,0,1,0,0,1.0,False,False,False,False,False,False
2017-07-16,114,107,7,80,35,112,13421.6,2583.64,0,2,0,107,0,0,4,1,2,0.9824561403508771,False,False,False,False,False,False
2017-07-17,168,162,6,102,43,163,21554.98,3808.57,0,0,0,162,0,0,1,5,5,0.9702380952380952,False,False,False,False,False,False
2017-07-18,192,188,4,108,39,190,28238.2,3948.13,0,0,0,188,0,0,2,2,2,0.9895833333333334,False,False,False,False,False,False
2017-07-19,153,148,5,99,42,150,16545.34,3165.09,0,0,0,148,0,1,1,3,3,0.9803921568627451,False,False,False,False,False,False
2017-07-20,142,139,3,91,40,141,19174.08,3236.89,0,1,0,139,0,0,1,1,1,0.9929577464788732,False,False,False,False,False,False
2017-07-21,115,112,3,82,34,114,13448.85,2336.81,0,1,0,112,0,1,0,1,1,0.991304347826087,False,False,False,False,False,False
2017-07-22,88,87,1,67,31,88,11456.81,1861.73,0,0,0,87,0,1,0,0,0,1.0,False,False,False,False,False,False
2017-07-23,105,101,4,80,34,104,12117.61,1888.11,0,0,0,101,0,0,3,1,1,0.9904761904761905,False,False,False,False,False,False
2017-07-24,162,157,5,112,42,161,19662.62,3197.52,0,3,0,157,0,1,0,1,1,0.9938271604938271,False,False,False,False,False,False
2017-07-25,153,145,8,103,40,151,17482.53,3080.93,0,3,0,145,1,1,2,1,2,0.9869281045751634,False,False,False,False,False,False
2017-07-26,124,117,7,89,35,123,11265.23,2634.25,0,2,0,117,0,1,3,1,1,0.9919354838709677,False,False,False,False,False,False
2017-07-27,124,121,3,92,41,123,15693.93,3035.15,0,0,0,121,1,1,0,1,1,0.9919354838709677,False,False,False,False,False,False
2017-07-28,132,130,2,95,39,132,20043.16,3233.14,0,0,0,130,1,0,1,0,0,1.0,False,False,False,False,False,False
2017-07-29,115,109,6,86,35,115,15964.27,2407.64,0,1,0,109,0,2,3,0,0,1.0,False,False,False,False,False,False
2017-07-30,117,114,3,87,42,117,12944.87,2396.81,0,0,0,114,1,0,2,0,0,1.0,False,False,False,False,False,False
2017-07-31,148,143,5,99,41,147,17272.88,3165.79,0,2,0,143,1,0,1,1,1,0.9932432432432432,False,False,False,False,False,False
2017-08-01,165,161,4,119,41,165,21745.04,3668.29,0,0,0,161,1,1,2,0,0,1.0,False,False,False,False,False,False
2017-08-02,157,149,8,107,40,155,18147.0,2975.27,0,3,0,149,0,1,2,2,2,0.9872611464968153,False,False,False,False,False,False
2017-08-03,148,144,4,102,42,146,19125.51,3093.53,0,2,0,144,1,0,0,1,2,0.9864864864864865,False,False,False,False,False,False
2017-08-04,142,139,3,100,42,141,18361.62,3267.99,0,0,0,139,0,1,1,1,1,0.9929577464788732,False,False,False,False,False,False
2017-08-05,115,113,2,83,37,115,11946.91,2518.93,0,1,0,113,1,0,0,0,0,1.0,False,False,False,False,False,False
2017-08-06,109,105,4,83,34,108,14181.14,2783.9700000000003,0,0,0,105,0,3,0,1,1,0.9908256880733946,False,False,False,False,False,False
2017-08-07,157,157,0,116,39,157,23257.84,3371.5,0,0,0,157,0,0,0,0,0,1.0,False,False,False,False,False,False
2017-08-08,146,146,0,103,42,146,18661.63,2865.92,0,0,0,146,0,0,0,0,0,1.0,False,False,False,False,False,False
2017-08-09,144,140,4,98,37,142,20756.52,3261.5,0,1,0,140,0,0,1,2,2,0.9861111111111112,False,False,False,False,False,False
2017-08-10,157,154,3,111,43,155,19961.55,3361.66,0,1,0,154,0,0,0,2,2,0.9872611464968153,False,False,False,False,False,False
2017-08-11,141,133,8,100,44,138,20039.24,3280.56,0,1,0,133,0,2,2,3,3,0.9787234042553191,False,False,False,False,False,False
2017-08-12,98,91,7,77,29,97,13980.86,2213.23,0,2,0,91,0,2,2,1,1,0.9897959183673469,False,False,False,False,False,False
2017-08-13,96,90,6,72,28,92,12334.19,2157.26,0,1,0,90,0,0,1,4,4,0.9583333333333334,False,False,False,False,False,False
2017-08-14,159,153,6,105,32,156,18156.37,3431.83,0,2,0,153,0,0,1,3,3,0.9811320754716981,False,False,False,False,False,False
2017-08-15,194,186,8,122,48,193,23727.260000000002,4213.41,0,0,0,186,4,1,2,1,1,0.9948453608247423,False,False,False,False,False,False
2017-08-16,174,166,8,119,46,173,23950.42,4047.52,0,3,0,166,0,1,3,1,1,0.9942528735632183,False,False,False,False,False,False
2017-08-17,158,153,5,111,45,155,18357.91,3380.04,0,1,0,153,1,1,0,2,3,0.9810126582278481,False,False,False,False,False,False
2017-08-18,147,141,6,107,40,146,17132.01,2893.86,0,1,0,141,0,0,5,0,1,0.9931972789115646,False,False,False,False,False,False
2017-08-19,108,106,2,74,31,108,12910.13,2248.77,0,1,0,106,0,0,1,0,0,1.0,False,False,False,False,False,False
2017-08-20,104,103,1,78,32,103,12873.78,2081.39,0,0,0,103,0,0,0,1,1,0.9903846153846154,False,False,False,False,False,False
2017-08-21,177,172,5,129,53,177,22219.35,3800.37,0,0,0,172,1,1,3,0,0,1.0,False,False,False,False,False,False
2017-08-22,138,135,3,108,39,136,16627.12,3122.35,0,1,0,135,1,0,0,1,2,0.9855072463768116,False,False,False,False,False,False
2017-08-23,112,111,1,85,31,111,15873.61,2720.18,0,0,0,111,0,0,0,1,1,0.9910714285714286,False,False,False,False,False,False
2017-08-24,128,123,5,96,39,126,13361.11,2621.4,0,0,0,123,0,0,3,2,2,0.984375,False,False,False,False,False,False
2017-08-25,123,117,6,90,38,123,15163.32,2240.4,0,2,0,117,0,1,3,0,0,1.0,False,False,False,False,False,False
2017-08-26,93,89,4,76,34,93,10141.69,1912.96,0,0,0,89,1,0,3,0,0,1.0,False,False,False,False,False,False
2017-08-27,119,115,4,94,39,118,13367.88,2927.58,0,0,0,115,1,1,1,1,1,0.9915966386554622,False,False,False,False,False,False
2017-08-28,155,150,5,115,47,155,22244.52,3452.07,0,1,0,150,2,0,2,0,0,1.0,False,False,False,False,False,False
2017-08-29,137,135,2,92,49,137,33756.48,3269.21,0,0,0,135,0,2,0,0,0,1.0,False,False,False,False,False,False
2017-08-30,181,173,8,120,59,178,30938.16,4026.49,0,2,0,173,2,0,2,2,3,0.9834254143646409,False,False,False,False,False,False
2017-08-31,149,143,6,106,45,148,20671.51,3023.48,0,1,0,143,4,0,1,0,1,0.9932885906040269,False,False,False,False,False,False
2017-09-01,158,153,5,105,46,158,28473.13,3977.65,0,1,0,153,2,1,1,0,0,1.0,False,False,False,False,False,False
2017-09-02,104,102,2,77,38,104,18128.66,2350.52,0,0,0,102,0,0,2,0,0,1.0,False,False,False,False,False,False
2017-09-03,125,123,2,88,37,125,27795.41,3155.38,0,1,0,123,0,1,0,0,0,1.0,False,False,False,False,False,False
2017-09-04,150,147,3,96,39,148,24937.98,3447.2400000000002,0,0,0,147,0,0,1,2,2,0.9866666666666667,False,False,False,False,False,False
2017-09-05,157,151,6,116,47,154,20981.55,3547.42,0,0,0,151,0,1,2,3,3,0.9808917197452229,False,False,False,False,False,False
2017-09-06,140,138,2,98,47,140,25624.61,3197.22,0,1,0,138,0,0,1,0,0,1.0,False,False,False,False,False,False
2017-09-07,99,97,2,77,35,97,16893.5,2203.2599999999998,0,0,0,97,0,0,0,2,2,0.9797979797979798,False,False,False,False,False,False
2017-09-08,116,111,5,94,43,115,11883.47,2639.94,0,1,0,111,0,1,2,1,1,0.9913793103448276,False,False,False,False,False,False
2017-09-09,106,103,3,80,37,106,15082.53,2593.22,0,0,0,103,0,0,3,0,0,1.0,False,False,False,False,False,False
2017-09-10,136,132,4,101,36,135,17810.27,3010.73,0,1,0,132,2,0,0,1,1,0.9926470588235294,False,False,False,False,False,False
2017-09-11,180,176,4,125,47,178,23376.78,3608.87,0,1,0,176,0,0,1,2,2,0.9888888888888889,False,False,False,False,False,False
2017-09-12,206,200,6,135,65,204,27136.010000000002,5100.93,0,2,0,200,2,0,1,1,2,0.9902912621359223,False,False,False,False,False,False
2017-09-13,207,203,4,126,47,205,27593.28,4284.41,0,1,0,203,0,0,1,2,2,0.9903381642512077,False,False,False,False,False,False
2017-09-14,166,163,3,127,44,166,22557.760000000002,3944.75,0,0,0,163,0,2,1,0,0,1.0,False,False,False,False,False,False
2017-09-15,150,144,6,115,46,150,18373.26,3183.41,0,2,0,144,1,1,2,0,0,1.0,False,False,False,False,False,False
2017-09-16,129,125,4,87,36,129,21147.37,2892.94,0,2,0,125,1,0,1,0,0,1.0,False,False,False,False,False,False
2017-09-17,126,125,1,96,48,125,19979.420000000002,2846.62,0,0,0,125,0,0,0,1,1,0.9920634920634921,False,False,False,False,False,False
2017-09-18,183,179,4,128,45,183,28487.81,4047.44,0,0,0,179,0,1,3,0,0,1.0,False,False,False,False,False,False
2017-09-19,154,149,5,105,47,153,20057.95,3367.71,0,0,0,149,1,3,0,1,1,0.9935064935064936,False,False,False,False,False,False
2017-09-20,163,158,5,112,43,161,22102.55,3929.6,0,0,0,158,0,3,0,2,2,0.9877300613496932,False,False,False,False,False,False
2017-09-21,150,144,6,101,43,150,19015.53,3442.66,0,0,0,144,3,2,1,0,0,1.0,False,False,False,False,False,False
2017-09-22,138,133,5,94,36,136,16255.12,2779.81,0,1,0,133,0,1,1,2,2,0.9855072463768116,False,False,False,False,False,False
2017-09-23,88,81,7,71,38,85,10513.5,1920.29,0,1,0,81,1,1,1,3,3,0.9659090909090909,False,False,False,False,False,False
2017-09-24,118,112,6,74,44,113,13049.75,2467.94,0,2,0,112,0,0,0,4,5,0.9576271186440678,False,False,False,False,False,False
2017-09-25,136,129,7,95,46,133,17987.1,2957.49,0,1,0,129,1,0,2,3,3,0.9779411764705882,False,False,False,False,False,False
2017-09-26,180,174,6,125,50,179,21681.9,3559.76,0,0,0,174,0,1,4,1,1,0.9944444444444445,False,False,False,False,False,False
2017-09-27,147,144,3,98,39,144,20646.920000000002,3436.31,0,1,0,144,0,0,0,2,3,0.9795918367346939,False,False,False,False,False,False
2017-09-28,143,140,3,104,41,142,23264.52,3084.58,0,1,0,140,0,1,1,0,1,0.993006993006993,False,False,False,False,False,False
2017-09-29,121,109,12,87,38,116,30878.56,2825.44,0,0,0,109,1,1,5,5,5,0.9586776859504132,False,False,False,False,False,False
2017-09-30,109,105,4,86,30,109,12685.49,2193.68,0,0,0,105,2,1,1,0,0,1.0,False,False,False,False,False,False
2017-10-01,128,124,4,97,44,128,18821.27,3088.16,0,2,0,124,1,1,0,0,0,1.0,False,False,False,False,False,False
2017-10-02,143,140,3,109,41,142,21764.65,3413.65,0,0,0,140,0,0,2,1,1,0.993006993006993,False,False,False,False,False,False
2017-10-03,198,193,5,137,51,198,26118.57,4270.55,0,0,0,193,4,0,1,0,0,1.0,False,False,False,False,False,False
2017-10-04,157,156,1,116,46,157,21197.7,3589.88,0,0,0,156,0,0,1,0,0,1.0,False,False,False,False,False,False
2017-10-05,140,138,2,99,41,140,25517.52,3612.31,0,1,0,138,1,0,0,0,0,1.0,False,False,False,False,False,False
2017-10-06,130,124,6,100,35,126,17084.67,2913.81,0,1,0,124,0,0,1,4,4,0.9692307692307692,False,False,False,False,False,False
2017-10-07,105,100,5,79,35,103,15376.02,2372.49,0,1,0,100,0,1,1,2,2,0.9809523809523809,False,False,False,False,False,False
2017-10-08,126,124,2,97,47,124,16539.010000000002,2885.08,0,0,0,124,0,0,0,2,2,0.9841269841269841,False,False,False,False,False,False
2017-10-09,193,187,6,124,46,191,30337.79,4651.74,0,2,0,187,0,1,1,2,2,0.9896373056994818,False,False,False,False,False,False
2017-10-10,185,175,10,140,40,180,28151.13,3814.33,0,2,0,175,2,1,0,5,5,0.972972972972973,False,False,False,False,False,False
2017-10-11,158,151,7,111,42,156,22669.37,3247.03,0,0,0,151,0,2,3,2,2,0.9873417721518988,False,False,False,False,False,False
2017-10-12,143,136,7,93,48,140,18754.23,3447.05,0,2,0,136,0,1,1,3,3,0.9790209790209791,False,False,False,False,False,False
2017-10-13,154,150,4,112,56,151,22881.19,3524.22,0,0,0,150,0,1,0,3,3,0.9805194805194806,False,False,False,False,False,False
2017-10-14,116,114,2,87,40,116,13528.82,2656.64,0,1,0,114,0,0,1,0,0,1.0,False,False,False,False,False,False
2017-10-15,121,117,4,85,37,120,18751.85,2547.3,0,0,0,117,0,3,0,1,1,0.9917355371900827,False,False,False,False,False,False
2017-10-16,195,188,7,128,53,194,30580.16,4527.47,0,1,0,188,1,3,2,0,1,0.9948717948717949,False,False,False,False,False,False
2017-10-17,202,195,7,134,55,197,29675.77,5080.5,0,0,0,195,0,1,1,5,5,0.9752475247524752,False,False,False,False,False,False
2017-10-18,179,176,3,128,55,176,27257.79,4244.07,0,0,0,176,0,0,0,3,3,0.9832402234636871,False,False,False,False,False,False
2017-10-19,176,172,4,125,47,175,23223.71,3685.9,0,0,0,172,1,1,1,1,1,0.9943181818181818,False,False,False,False,False,False
2017-10-20,124,118,6,87,42,120,18626.2,2936.88,0,3,0,118,0,0,1,2,4,0.967741935483871,False,False,False,False,False,False
2017-10-21,113,104,9,85,37,110,14982.45,2569.59,0,2,0,104,0,0,4,3,3,0.9734513274336283,False,False,False,False,False,False
2017-10-22,158,152,6,115,38,157,19786.81,3447.56,0,1,0,152,1,0,3,1,1,0.9936708860759493,False,False,False,False,False,False
2017-10-23,161,152,9,108,41,158,22278.1,3557.42,0,1,0,152,1,1,3,3,3,0.9813664596273292,False,False,False,False,False,False
2017-10-24,164,162,2,120,40,164,22071.27,3667.39,0,1,0,162,1,0,0,0,0,1.0,False,False,False,False,False,False
2017-10-25,156,152,4,118,42,154,17507.06,3224.5299999999997,0,0,0,152,1,0,1,2,2,0.9871794871794872,False,False,False,False,False,False
2017-10-26,144,140,4,100,44,143,22573.15,3744.62,0,1,0,140,0,0,2,1,1,0.9930555555555556,False,False,False,False,False,False
2017-10-27,133,130,3,101,45,131,20377.58,2774.87,0,0,0,130,0,0,1,2,2,0.9849624060150376,False,False,False,False,False,False
2017-10-28,88,85,3,70,35,86,16483.61,2438.87,0,1,0,85,0,0,1,1,2,0.9772727272727273,False,False,False,False,False,False
2017-10-29,132,129,3,97,42,130,17267.75,3015.85,0,2,0,129,0,0,0,1,2,0.9848484848484849,False,False,False,False,False,False
2017-10-30,149,138,11,113,44,144,20221.23,3109.65,0,1,0,138,2,3,0,5,5,0.9664429530201343,False,False,False,False,False,False
2017-10-31,160,156,4,107,51,157,23813.0,3033.53,0,0,0,156,0,0,1,3,3,0.98125,False,False,False,False,False,False
2017-11-01,111,108,3,80,42,109,19383.61,2683.38,0,0,0,108,1,0,0,2,2,0.9819819819819819,False,False,False,False,False,False
2017-11-02,124,117,7,84,40,121,21263.73,2819.21,0,2,0,117,0,0,2,3,3,0.9758064516129032,False,False,False,False,False,False
2017-11-03,143,138,5,103,47,138,22844.05,3192.1,0,0,0,138,0,0,0,5,5,0.965034965034965,False,False,False,False,False,False
2017-11-04,111,106,5,88,39,111,19169.07,3125.74,0,0,0,106,2,1,2,0,0,1.0,False,False,False,False,False,False
2017-11-05,144,137,7,106,48,141,17327.44,3574.51,0,2,0,137,0,1,2,2,3,0.9791666666666666,False,False,False,False,False,False
2017-11-06,193,182,11,138,53,190,28600.29,4549.32,0,4,1,182,0,2,2,2,3,0.9844559585492227,False,False,False,False,False,False
2017-11-07,160,154,6,110,43,157,20829.71,3781.01,0,0,0,154,0,2,1,3,3,0.98125,False,False,False,False,False,False
2017-11-08,175,169,6,117,41,174,19240.51,4022.37,0,2,0,169,2,1,1,0,1,0.9942857142857143,False,False,False,False,False,False
2017-11-09,191,182,9,139,50,188,25053.34,3848.3,0,3,0,182,1,0,3,2,3,0.9842931937172775,False,False,False,False,False,False
2017-11-10,165,159,6,125,44,164,20223.84,3379.73,0,2,0,159,2,1,1,0,1,0.9939393939393939,False,False,False,False,False,False
2017-11-11,159,152,7,112,43,155,23292.07,3378.87,0,1,0,152,1,0,1,4,4,0.9748427672955975,False,False,False,False,False,False
2017-11-12,174,170,4,126,43,172,23087.260000000002,3442.05,0,0,0,170,0,1,1,2,2,0.9885057471264368,False,False,False,False,False,False
2017-11-13,205,197,8,141,56,202,24391.97,4942.2699999999995,0,2,0,197,2,1,0,3,3,0.9853658536585366,False,False,False,False,False,False
2017-11-14,192,184,8,138,47,189,27049.68,4307.19,0,4,0,184,0,0,1,3,3,0.984375,False,False,False,False,False,False
2017-11-15,186,176,10,130,55,185,23711.29,3834.96,0,3,0,176,0,1,5,1,1,0.9946236559139785,False,False,False,False,False,False
2017-11-16,226,219,7,148,49,224,28268.82,4649.27,0,0,0,219,4,0,1,2,2,0.9911504424778761,False,False,False,False,False,False
2017-11-17,197,185,12,127,47,189,29209.07,4983.1,0,0,0,185,1,1,2,8,8,0.9593908629441624,False,False,False,False,False,False
2017-11-18,149,141,8,107,44,146,23233.3,3972.08,0,1,0,141,2,0,2,3,3,0.9798657718120806,False,False,False,False,False,False
2017-11-19,158,157,1,118,48,158,19955.56,3357.05,0,0,0,157,0,0,1,0,0,1.0,False,False,False,False,False,False
2017-11-20,230,219,11,160,53,226,44284.47,5781.4,0,2,0,219,2,2,2,3,4,0.9826086956521739,False,False,True,True,False,False
2017-11-21,228,222,6,156,56,226,34316.64,4959.53,0,2,0,222,1,1,0,2,2,0.9912280701754386,False,False,False,False,False,False
2017-11-22,201,190,11,129,45,198,24962.57,4988.59,0,1,0,190,0,0,7,3,3,0.9850746268656716,False,False,False,False,False,False
2017-11-23,283,268,15,165,60,277,44712.88,6786.58,0,2,0,268,4,0,3,6,6,0.9787985865724381,True,False,True,True,True,False
2017-11-24,1176,1147,29,383,107,1166,152653.74,25723.89,0,0,0,1147,4,3,12,10,10,0.9914965986394558,True,True,True,True,True,True
2017-11-25,499,487,12,248,78,498,60923.48,10934.68,0,0,1,487,2,3,6,0,1,0.9979959919839679,True,True,True,True,True,True
2017-11-26,391,382,9,216,59,388,45315.28,8279.92,0,2,0,382,0,1,4,2,3,0.9923273657289002,True,True,True,True,True,True
2017-11-27,403,395,8,226,77,400,47923.66,8721.19,0,0,0,395,1,1,3,3,3,0.9925558312655087,True,True,True,True,True,True
2017-11-28,380,372,8,207,67,376,47886.55,8361.92,0,1,0,372,1,1,2,3,4,0.9894736842105263,True,True,True,True,True,True
2017-11-29,323,314,9,183,61,319,39834.75,7196.84,0,1,0,314,1,0,3,4,4,0.9876160990712074,True,True,True,False,True,False
2017-11-30,267,260,7,164,49,264,31322.74,5295.35,0,0,0,260,1,1,2,3,3,0.9887640449438202,True,False,False,False,False,False
2017-12-01,275,267,8,175,52,274,39981.91,5991.91,0,1,0,267,1,1,5,0,1,0.9963636363636363,True,False,True,False,True,False
2017-12-02,216,212,4,140,46,214,31208.13,4505.05,0,0,0,212,0,1,1,2,2,0.9907407407407407,False,False,False,False,False,False
2017-12-03,234,227,7,137,46,231,29262.920000000002,4944.5,0,1,0,227,2,1,1,2,3,0.9871794871794872,False,False,False,False,False,False
2017-12-04,337,322,15,195,62,331,47348.52,6911.6,0,1,0,322,1,4,3,6,6,0.9821958456973294,True,True,True,True,True,True
2017-12-05,282,269,13,173,50,275,33632.37,5928.05,0,0,2,269,1,0,5,5,7,0.975177304964539,True,False,False,False,False,False
2017-12-06,280,269,11,163,60,273,39198.74,6291.4800000000005,0,1,0,269,0,0,4,6,7,0.975,True,False,True,False,True,False
2017-12-07,229,223,6,140,60,226,28055.78,4865.1,0,0,0,223,0,1,2,3,3,0.9868995633187773,False,False,False,False,False,False
2017-12-08,219,210,9,136,51,215,29847.46,4514.76,0,0,0,210,1,1,3,4,4,0.9817351598173516,False,False,False,False,False,False
2017-12-09,155,154,1,109,47,155,20027.04,3612.48,0,0,0,154,0,0,1,0,0,1.0,False,False,False,False,False,False
2017-12-10,190,184,6,123,43,187,24695.79,3921.49,0,1,0,184,1,1,1,2,3,0.9842105263157894,False,False,False,False,False,False
2017-12-11,267,262,5,163,57,267,33990.39,5425.04,0,1,0,262,1,1,2,0,0,1.0,True,False,False,False,False,False
2017-12-12,260,251,9,153,51,258,33468.71,5088.67,0,0,0,251,0,2,5,2,2,0.9923076923076923,False,False,False,False,False,False
2017-12-13,218,215,3,142,52,218,29601.28,4781.35,0,1,0,215,0,0,2,0,0,1.0,False,False,False,False,False,False
2017-12-14,200,195,5,137,54,199,25286.23,4294.64,0,0,0,195,1,0,3,1,1,0.995,False,False,False,False,False,False
2017-12-15,192,185,7,136,61,192,27382.2,4069.43,0,0,0,185,1,3,3,0,0,1.0,False,False,False,False,False,False
2017-12-16,131,129,2,94,41,131,20296.28,2610.78,0,0,0,129,0,1,1,0,0,1.0,False,False,False,False,False,False
2017-12-17,133,130,3,99,41,133,19312.41,2793.59,0,0,0,130,0,1,2,0,0,1.0,False,False,False,False,False,False
2017-12-18,209,205,4,134,48,208,29162.11,4648.5,0,0,0,205,1,0,2,1,1,0.9952153110047847,False,False,False,False,False,False
2017-12-19,176,173,3,121,38,174,20615.99,3512.3,0,0,0,173,0,0,1,2,2,0.9886363636363636,False,False,False,False,False,False
2017-12-20,171,168,3,124,50,171,27958.53,4046.14,0,0,0,168,0,2,1,0,0,1.0,False,False,False,False,False,False
2017-12-21,143,140,3,94,37,143,18572.22,2960.73,0,1,0,140,0,0,2,0,0,1.0,False,False,False,False,False,False
2017-12-22,111,108,3,76,37,110,14935.3,2272.7400000000002,0,0,0,108,0,1,1,1,1,0.990990990990991,False,False,False,False,False,False
2017-12-23,109,101,8,80,39,107,12875.05,2482.04,0,1,0,101,0,5,1,1,2,0.981651376146789,False,False,False,False,False,False
2017-12-24,59,57,2,46,22,59,5759.01,1201.78,0,1,0,57,0,1,0,0,0,1.0,False,False,False,False,False,False
2017-12-25,90,86,4,65,37,90,10381.34,2280.89,0,0,0,86,1,1,2,0,0,1.0,False,False,False,False,False,False
2017-12-26,168,165,3,111,42,168,20549.43,3238.31,0,0,0,165,0,3,0,0,0,1.0,False,False,False,False,False,False
2017-12-27,167,164,3,101,43,166,17700.4,3327.11,0,0,0,164,1,0,1,1,1,0.9940119760479041,False,False,False,False,False,False
2017-12-28,146,143,3,91,40,146,15037.49,2744.56,0,0,0,143,0,3,0,0,0,1.0,False,False,False,False,False,False
2017-12-29,135,132,3,96,41,133,16042.720000000001,2722.93,0,0,0,132,0,1,0,2,2,0.9851851851851852,False,False,False,False,False,False
2017-12-30,97,96,1,69,29,96,13042.65,2146.84,0,0,0,96,0,0,0,1,1,0.9896907216494846,False,False,False,False,False,False
2017-12-31,74,71,3,54,28,74,8685.77,1498.27,0,1,0,71,0,0,2,0,0,1.0,False,False,False,False,False,False
2018-01-01,74,72,2,59,28,73,6948.21,1443.71,0,0,0,72,0,1,0,1,1,0.9864864864864865,False,False,False,False,False,False
2018-01-02,204,200,4,131,45,203,25315.0,4095.5099999999998,0,0,0,200,0,0,3,1,1,0.9950980392156863,False,False,False,False,False,False
2018-01-03,225,219,6,141,50,222,31886.72,4859.36,0,1,0,219,0,1,1,3,3,0.9866666666666667,False,False,False,False,False,False
2018-01-04,258,248,10,168,59,255,34839.44,5076.72,0,0,0,248,0,4,3,3,3,0.9883720930232558,False,False,False,False,False,False
2018-01-05,210,197,13,137,56,209,27720.39,4506.97,0,0,0,197,0,7,5,1,1,0.9952380952380953,False,False,False,False,False,False
2018-01-06,216,213,3,139,53,215,27609.670000000002,4971.61,0,0,0,213,0,0,2,1,1,0.9953703703703703,False,False,False,False,False,False
2018-01-07,196,192,4,129,44,195,29433.01,4485.11,0,0,0,192,1,0,2,1,1,0.9948979591836735,False,False,False,False,False,False
2018-01-08,293,287,6,172,51,292,38714.4,6454.25,0,0,0,287,0,0,5,1,1,0.9965870307167235,True,True,True,False,True,False
2018-01-09,252,246,6,158,54,251,30248.91,5152.42,0,0,0,246,1,1,3,1,1,0.996031746031746,False,False,False,False,False,False
2018-01-10,277,271,6,163,66,277,38479.53,6341.39,0,0,0,271,2,1,3,0,0,1.0,True,False,True,False,True,False
2018-01-11,266,260,6,158,65,264,40056.96,6275.54,0,0,0,260,0,2,2,2,2,0.9924812030075187,True,False,True,False,True,False
2018-01-12,243,234,9,161,57,239,30988.94,5944.03,0,0,0,234,1,0,4,4,4,0.9835390946502057,False,False,False,False,False,False
2018-01-13,219,211,8,141,51,216,28091.91,4587.92,0,0,0,211,1,1,3,3,3,0.9863013698630136,False,False,False,False,False,False
2018-01-14,235,229,6,149,50,232,30962.53,4426.3,0,0,0,229,0,2,1,3,3,0.9872340425531915,False,False,False,False,False,False
2018-01-15,307,300,7,191,63,305,38330.3,6648.43,0,0,0,300,1,3,1,2,2,0.993485342019544,True,True,True,False,True,False
2018-01-16,302,296,6,181,61,301,44237.17,6856.8,0,0,0,296,1,0,4,1,1,0.9966887417218543,True,True,True,True,True,True
2018-01-17,282,277,5,183,52,282,36089.22,6052.31,0,0,0,277,2,1,2,0,0,1.0,True,False,True,False,True,False
2018-01-18,241,236,5,145,50,238,27774.77,4984.62,0,0,0,236,0,0,2,3,3,0.9875518672199171,False,False,False,False,False,False
2018-01-19,235,225,10,141,44,232,29954.78,5310.05,0,0,0,225,3,2,2,3,3,0.9872340425531915,False,False,False,False,False,False
2018-01-20,184,182,2,127,50,184,22381.68,4569.65,0,1,0,182,0,0,1,0,0,1.0,False,False,False,False,False,False
2018-01-21,199,188,11,120,45,194,23829.829999999998,4063.96,0,2,0,188,1,0,4,4,5,0.9748743718592965,False,False,False,False,False,False
2018-01-22,314,305,9,187,58,310,37137.64,6257.47,0,1,0,305,0,2,2,4,4,0.9872611464968153,True,True,True,False,True,False
2018-01-23,262,256,6,160,53,262,34746.17,5547.0,0,2,0,256,1,0,3,0,0,1.0,False,False,False,False,False,False
2018-01-24,244,236,8,161,57,243,31700.17,5199.19,0,3,0,236,0,1,3,1,1,0.9959016393442623,False,False,False,False,False,False
2018-01-25,233,226,7,154,58,232,29634.420000000002,5054.86,0,2,0,226,0,0,4,1,1,0.9957081545064378,False,False,False,False,False,False
2018-01-26,229,223,6,149,52,228,33995.0,5266.3,0,3,0,223,0,0,2,1,1,0.9956331877729258,False,False,False,False,False,False
2018-01-27,153,150,3,108,41,153,22031.08,3071.69,0,3,0,150,0,0,0,0,0,1.0,False,False,False,False,False,False
2018-01-28,156,149,7,118,36,155,24100.75,3406.47,0,3,0,149,0,0,3,1,1,0.9935897435897436,False,False,False,False,False,False
2018-01-29,246,242,4,160,53,246,30481.32,5540.14,0,4,0,242,0,0,0,0,0,1.0,False,False,False,False,False,False
2018-01-30,258,248,10,161,57,257,29588.85,5773.88,0,6,0,248,0,0,3,1,1,0.9961240310077519,False,False,False,False,False,False
2018-01-31,256,251,5,156,49,255,32721.59,5047.87,0,3,0,251,0,0,1,1,1,0.99609375,False,False,False,False,False,False
2018-02-01,232,227,5,153,46,232,30362.15,5374.59,0,4,0,227,0,0,1,0,0,1.0,False,False,False,False,False,False
2018-02-02,212,207,5,139,52,212,27731.6,4785.9,0,4,0,207,0,0,1,0,0,1.0,False,False,False,False,False,False
2018-02-03,193,189,4,136,53,193,23448.66,4121.96,0,3,0,189,0,0,1,0,0,1.0,False,False,False,False,False,False
2018-02-04,201,197,4,141,52,201,23989.79,4226.69,0,1,0,197,0,2,1,0,0,1.0,False,False,False,False,False,False
2018-02-05,271,265,6,160,58,271,37360.84,5836.12,0,5,0,265,0,0,1,0,0,1.0,True,False,True,False,True,False
2018-02-06,268,262,6,174,58,267,34119.38,5727.34,0,1,0,262,1,0,3,1,1,0.996268656716418,True,False,False,False,False,False
2018-02-07,248,242,6,156,52,246,31306.23,5026.1,0,3,0,242,0,0,1,2,2,0.9919354838709677,False,False,False,False,False,False
2018-02-08,230,225,5,146,48,229,27314.73,4498.3,0,4,0,225,0,0,0,1,1,0.9956521739130435,False,False,False,False,False,False
2018-02-09,216,208,8,147,53,211,30743.07,4166.06,0,3,1,208,0,0,0,4,5,0.9768518518518519,False,False,False,False,False,False
2018-02-10,179,174,5,118,42,176,21248.16,3773.22,0,2,0,174,0,1,0,2,3,0.9832402234636871,False,False,False,False,False,False
2018-02-11,172,165,7,113,47,170,22504.98,3438.99,0,1,0,165,0,1,3,2,2,0.9883720930232558,False,False,False,False,False,False
2018-02-12,218,214,4,140,45,215,23310.73,4298.8,0,1,0,214,0,0,0,3,3,0.9862385321100917,False,False,False,False,False,False
2018-02-13,224,217,7,141,47,222,23638.34,4486.77,0,3,0,217,0,1,2,1,2,0.9910714285714286,False,False,False,False,False,False
2018-02-14,295,287,8,191,53,294,37079.65,6259.5,0,4,0,287,1,0,2,1,1,0.9966101694915255,True,True,True,False,True,False
2018-02-15,283,270,13,164,54,281,32279.91,5660.36,0,5,0,270,2,0,4,2,2,0.9929328621908127,True,False,False,False,False,False
2018-02-16,214,210,4,151,56,212,26894.99,4779.14,0,0,0,210,0,1,1,2,2,0.9906542056074766,False,False,False,False,False,False
2018-02-17,204,198,6,139,51,202,24952.76,4461.73,0,4,0,198,0,0,1,1,2,0.9901960784313726,False,False,False,False,False,False
2018-02-18,202,199,3,134,49,202,24592.43,4469.46,0,2,0,199,0,0,1,0,0,1.0,False,False,False,False,False,False
2018-02-19,259,251,8,146,65,259,28190.63,5545.32,0,4,0,251,0,0,4,0,0,1.0,False,False,False,False,False,False
2018-02-20,289,283,6,194,57,288,36568.57,5965.19,0,3,0,283,0,0,2,1,1,0.9965397923875432,True,False,True,False,True,False
2018-02-21,266,260,6,172,58,265,32401.69,5525.27,0,4,0,260,0,0,1,1,1,0.9962406015037594,True,False,False,False,False,False
2018-02-22,279,268,11,168,54,278,32718.71,5972.23,0,4,0,268,0,0,6,1,1,0.996415770609319,True,False,False,False,False,False
2018-02-23,235,232,3,159,49,235,28424.7,4648.26,0,0,0,232,0,0,3,0,0,1.0,False,False,False,False,False,False
2018-02-24,191,188,3,139,47,190,24263.510000000002,4034.95,0,1,0,188,1,0,0,1,1,0.9947643979057592,False,False,False,False,False,False
2018-02-25,237,231,6,144,58,237,29203.77,5727.12,0,1,0,231,0,0,5,0,0,1.0,False,False,False,False,False,False
2018-02-26,299,290,9,184,55,296,43750.96,6361.12,0,3,0,290,0,0,3,3,3,0.9899665551839465,True,True,True,True,True,True
2018-02-27,298,293,5,193,58,298,40267.2,6809.78,0,2,0,293,1,0,2,0,0,1.0,True,True,True,False,True,False
2018-02-28,313,303,10,187,67,312,45510.57,6749.98,0,1,0,303,0,0,8,1,1,0.9968051118210862,True,True,True,True,True,True
2018-03-01,277,268,9,171,60,275,39651.51,6537.74,0,4,0,268,1,0,3,1,2,0.9927797833935018,True,False,True,False,True,False
2018-03-02,266,262,4,164,51,265,31776.46,5597.07,0,0,0,262,0,0,3,1,1,0.9962406015037594,True,False,False,False,False,False
2018-03-03,214,205,9,149,55,212,26394.97,4972.16,0,3,0,205,0,0,4,2,2,0.9906542056074766,False,False,False,False,False,False
2018-03-04,236,228,8,149,49,235,32441.9,4909.09,0,0,0,228,0,0,7,1,1,0.9957627118644068,False,False,False,False,False,False
2018-03-05,264,252,12,161,58,262,38323.07,7061.4,0,4,0,252,1,1,5,1,2,0.9924242424242424,True,False,True,False,True,False
2018-03-06,271,268,3,158,58,271,39173.99,6797.26,0,0,0,268,1,0,2,0,0,1.0,True,False,True,False,True,False
2018-03-07,259,254,5,156,54,258,36137.89,6333.2699999999995,0,0,0,254,0,0,4,1,1,0.9961389961389961,False,False,True,False,False,False
2018-03-08,234,227,7,155,44,234,28156.39,5685.73,0,1,0,227,0,0,6,0,0,1.0,False,False,False,False,False,False
2018-03-09,204,197,7,126,46,203,28405.44,5311.07,0,0,0,197,1,0,5,1,1,0.9950980392156863,False,False,False,False,False,False
2018-03-10,193,185,8,130,50,192,26203.91,4597.23,0,1,0,185,1,0,5,1,1,0.9948186528497409,False,False,False,False,False,False
2018-03-11,218,215,3,171,57,218,31320.43,5297.92,0,0,0,215,0,0,3,0,0,1.0,False,False,False,False,False,False
2018-03-12,232,228,4,154,53,232,30644.66,5286.25,0,0,0,228,0,1,3,0,0,1.0,False,False,False,False,False,False
2018-03-13,227,217,10,149,52,227,36074.24,6105.37,0,1,0,217,1,1,7,0,0,1.0,False,False,True,False,False,False
2018-03-14,199,195,4,147,45,198,23528.79,4795.05,0,0,0,195,0,0,3,1,1,0.9949748743718593,False,False,False,False,False,False
2018-03-15,290,272,18,174,56,286,44311.46,7132.6,0,3,0,272,5,1,8,1,4,0.9862068965517241,True,False,True,True,True,False
2018-03-16,252,242,10,172,51,252,32832.19,5927.82,0,0,0,242,3,2,5,0,0,1.0,False,False,False,False,False,False
2018-03-17,180,176,4,131,44,180,20078.5,3918.36,0,0,0,176,1,0,3,0,0,1.0,False,False,False,False,False,False
2018-03-18,215,211,4,152,44,215,31119.33,4957.05,0,0,0,211,0,0,4,0,0,1.0,False,False,False,False,False,False
2018-03-19,303,293,10,182,55,302,44645.19,7936.56,0,1,0,293,1,0,7,1,1,0.9966996699669967,True,True,True,True,True,True
2018-03-20,297,292,5,186,51,297,35749.47,7138.45,0,2,0,292,1,0,2,0,0,1.0,True,True,False,False,False,False
2018-03-21,286,277,9,187,60,285,39714.43,6719.53,0,1,0,277,0,0,7,1,1,0.9965034965034965,True,False,True,False,True,False
2018-03-22,254,249,5,161,56,254,31119.41,5870.38,0,0,0,249,1,0,4,0,0,1.0,False,False,False,False,False,False
2018-03-23,221,209,12,144,45,219,29621.239999999998,5016.92,0,1,0,209,1,2,7,1,2,0.9909502262443439,False,False,False,False,False,False
2018-03-24,165,163,2,122,36,165,23787.77,3923.65,0,0,0,163,0,0,2,0,0,1.0,False,False,False,False,False,False
2018-03-25,190,188,2,144,49,190,25557.29,4635.5,0,0,0,188,1,0,1,0,0,1.0,False,False,False,False,False,False
2018-03-26,272,266,6,181,61,271,35779.01,6176.67,0,1,0,266,1,0,3,1,1,0.9963235294117647,True,False,False,False,False,False
2018-03-27,245,239,6,175,50,245,34732.56,5897.64,0,1,0,239,0,0,5,0,0,1.0,False,False,False,False,False,False
2018-03-28,220,210,10,152,48,219,29713.34,4703.32,0,1,0,210,1,0,7,1,1,0.9954545454545455,False,False,False,False,False,False
2018-03-29,194,188,6,128,48,194,28926.73,4635.94,0,1,0,188,1,0,4,0,0,1.0,False,False,False,False,False,False
2018-03-30,165,163,2,130,45,165,22088.14,4186.94,0,0,0,163,0,1,1,0,0,1.0,False,False,False,False,False,False
2018-03-31,168,164,4,122,44,167,25203.73,3849.44,0,0,0,164,0,0,3,1,1,0.9940476190476191,False,False,False,False,False,False
2018-04-01,207,201,6,139,42,207,29396.66,4792.34,0,0,0,201,1,0,5,0,0,1.0,False,False,False,False,False,False
2018-04-02,282,274,8,175,51,281,40279.1,7689.23,0,1,0,274,1,1,4,1,1,0.9964539007092199,True,False,True,False,True,False
2018-04-03,247,243,4,170,55,246,36246.51,5824.0,0,0,0,243,1,0,2,1,1,0.9959514170040485,False,False,True,False,False,False
2018-04-04,257,252,5,185,53,257,37982.73,5585.09,0,0,0,252,0,0,5,0,0,1.0,False,False,True,False,False,False
2018-04-05,266,261,5,193,51,266,36058.79,6160.01,0,0,0,261,1,0,4,0,0,1.0,True,False,True,False,True,False
2018-04-06,189,181,8,142,46,189,27784.74,4500.6,0,1,0,181,0,0,7,0,0,1.0,False,False,False,False,False,False
2018-04-07,164,161,3,117,37,164,25517.38,3497.4900000000002,0,0,0,161,0,0,3,0,0,1.0,False,False,False,False,False,False
2018-04-08,185,183,2,145,47,185,23463.85,4413.83,0,0,0,183,0,0,2,0,0,1.0,False,False,False,False,False,False
2018-04-09,253,250,3,181,50,253,49308.73,6474.09,0,0,0,250,0,0,3,0,0,1.0,False,False,True,True,False,False
2018-04-10,201,196,5,144,51,201,27870.56,4664.7,0,0,0,196,0,0,5,0,0,1.0,False,False,False,False,False,False
2018-04-11,274,262,12,189,52,274,40782.96,6421.5,0,0,0,262,1,2,9,0,0,1.0,True,False,True,True,True,False
2018-04-12,255,253,2,182,52,255,34117.58,5827.81,0,0,0,253,0,0,2,0,0,1.0,False,False,False,False,False,False
2018-04-13,202,197,5,147,44,202,31150.36,5290.17,0,3,0,197,0,1,1,0,0,1.0,False,False,False,False,False,False
2018-04-14,146,145,1,112,37,146,18845.7,3552.17,0,0,0,145,1,0,0,0,0,1.0,False,False,False,False,False,False
2018-04-15,223,219,4,162,44,223,30524.04,6034.15,0,0,0,219,0,1,3,0,0,1.0,False,False,False,False,False,False
2018-04-16,280,276,4,195,59,280,40412.26,6947.22,0,1,0,276,2,0,1,0,0,1.0,True,False,True,False,True,False
2018-04-17,266,258,8,172,49,265,36682.97,5929.82,0,1,0,258,1,0,5,1,1,0.9962406015037594,True,False,True,False,True,False
2018-04-18,280,271,9,195,65,280,39472.71,6823.02,0,0,0,271,2,0,7,0,0,1.0,True,False,True,False,True,False
2018-04-19,293,287,6,187,59,292,43287.21,6585.04,0,2,0,287,0,0,3,1,1,0.9965870307167235,True,True,True,True,True,True
2018-04-20,197,192,5,139,41,196,28353.84,4312.64,0,0,0,192,0,1,3,1,1,0.9949238578680203,False,False,False,False,False,False
2018-04-21,156,154,2,113,41,156,18966.34,3499.55,0,0,0,154,0,0,2,0,0,1.0,False,False,False,False,False,False
2018-04-22,200,199,1,141,46,200,27350.9,4640.91,0,0,0,199,1,0,0,0,0,1.0,False,False,False,False,False,False
2018-04-23,285,283,2,186,54,285,37674.27,6689.03,0,0,0,283,0,0,2,0,0,1.0,True,False,True,False,True,False
2018-04-24,271,265,6,183,67,271,43083.77,6821.28,0,1,0,265,2,0,3,0,0,1.0,True,False,True,True,True,False
2018-04-25,284,279,5,190,63,284,40995.02,6361.45,0,1,0,279,0,0,4,0,0,1.0,True,False,True,True,True,False
2018-04-26,254,250,4,171,50,254,31631.36,5281.41,0,1,0,250,0,0,3,0,0,1.0,False,False,False,False,False,False
2018-04-27,242,237,5,163,48,242,40752.54,6010.53,0,1,0,237,0,0,4,0,0,1.0,False,False,True,True,False,False
2018-04-28,169,166,3,122,43,169,23560.56,3417.96,0,1,0,166,0,0,2,0,0,1.0,False,False,False,False,False,False
2018-04-29,171,168,3,127,49,171,19411.7,3649.25,0,1,0,168,0,0,2,0,0,1.0,False,False,False,False,False,False
2018-04-30,240,235,5,167,49,240,35682.61,5354.0,0,0,0,235,0,2,3,0,0,1.0,False,False,False,False,False,False
2018-05-01,256,252,4,162,54,255,33163.8,5277.88,0,1,0,252,0,0,2,1,1,0.99609375,False,False,False,False,False,False
2018-05-02,296,287,9,182,53,295,38557.72,6206.6,0,0,0,287,2,0,6,1,1,0.9966216216216216,True,True,True,False,True,False
2018-05-03,305,300,5,193,55,304,42497.77,7077.95,0,0,0,300,2,0,2,1,1,0.9967213114754099,True,True,True,True,True,True
2018-05-04,265,262,3,175,60,265,39730.93,5763.17,0,0,0,262,0,0,3,0,0,1.0,True,False,True,False,True,False
2018-05-05,197,192,5,145,46,197,28306.45,4301.7,0,2,0,192,0,2,1,0,0,1.0,False,False,False,False,False,False
2018-05-06,211,206,5,151,44,210,28565.97,4428.26,0,1,0,206,0,0,3,1,1,0.995260663507109,False,False,False,False,False,False
2018-05-07,372,363,9,241,72,371,54167.48,8292.73,0,2,0,363,1,2,3,1,1,0.9973118279569892,True,True,True,True,True,True
2018-05-08,331,323,8,212,66,327,47800.69,6919.4,0,3,0,323,1,1,2,1,4,0.9879154078549849,True,True,True,True,True,True
2018-05-09,344,335,9,204,71,342,43589.12,7379.5199999999995,0,1,0,335,1,0,5,2,2,0.9941860465116279,True,True,True,True,True,True
2018-05-10,279,273,6,186,67,279,51458.67,7413.22,0,1,0,273,2,0,3,0,0,1.0,True,False,True,True,True,False
2018-05-11,247,244,3,172,60,246,37859.19,5390.82,0,0,0,244,0,0,2,1,1,0.9959514170040485,False,False,True,False,False,False
2018-05-12,207,200,7,142,47,204,29604.14,5108.2300000000005,0,1,0,200,3,0,1,2,3,0.9855072463768116,False,False,False,False,False,False
2018-05-13,207,205,2,147,51,206,31313.52,4888.77,0,0,0,205,0,0,1,1,1,0.9951690821256038,False,False,False,False,False,False
2018-05-14,364,355,9,230,60,364,53842.38,8388.34,0,1,0,355,1,0,7,0,0,1.0,True,True,True,True,True,True
2018-05-15,352,348,4,213,63,352,41119.85,8386.17,0,1,0,348,1,1,1,0,0,1.0,True,True,True,True,True,True
2018-05-16,357,351,6,231,59,357,56283.73,8455.36,0,1,0,351,3,0,2,0,0,1.0,True,True,True,True,True,True
2018-05-17,228,224,4,157,46,227,31488.47,4478.26,0,1,0,224,1,0,1,1,1,0.9956140350877193,False,False,False,False,False,False
2018-05-18,236,232,4,166,44,236,31621.52,4808.26,0,0,0,232,2,0,2,0,0,1.0,False,False,False,False,False,False
2018-05-19,139,137,2,110,34,139,25201.29,3118.44,0,1,0,137,1,0,0,0,0,1.0,False,False,False,False,False,False
2018-05-20,161,158,3,121,32,161,19586.54,3499.58,0,1,0,158,1,0,1,0,0,1.0,False,False,False,False,False,False
2018-05-21,206,199,7,143,31,204,25404.06,4261.91,0,3,0,199,2,0,0,2,2,0.9902912621359223,False,False,False,False,False,False
2018-05-22,199,195,4,144,39,199,27793.91,4276.77,0,2,0,195,0,0,2,0,0,1.0,False,False,False,False,False,False
2018-05-23,132,132,0,98,33,132,17501.05,2761.24,0,0,0,132,0,0,0,0,0,1.0,False,False,False,False,False,False
2018-05-24,114,113,1,93,26,114,20073.26,2201.41,0,0,0,113,0,0,1,0,0,1.0,False,False,False,False,False,False
2018-05-25,104,103,1,79,27,103,15888.92,2248.45,0,0,0,103,0,0,0,1,1,0.9903846153846154,False,False,False,False,False,False
2018-05-26,99,99,0,74,34,99,14799.17,2114.92,0,0,0,99,0,0,0,0,0,1.0,False,False,False,False,False,False
2018-05-27,100,100,0,80,33,100,12523.25,2170.43,0,0,0,100,0,0,0,0,0,1.0,False,False,False,False,False,False
2018-05-28,143,142,1,111,35,143,26877.47,3427.48,0,1,0,142,0,0,0,0,0,1.0,False,False,False,False,False,False
2018-05-29,149,149,0,114,40,149,25572.08,3858.55,0,0,0,149,0,0,0,0,0,1.0,False,False,False,False,False,False
2018-05-30,140,138,2,110,54,140,19214.0,3315.08,0,0,0,138,0,0,2,0,0,1.0,False,False,False,False,False,False
2018-05-31,133,132,1,105,37,133,25111.28,3045.24,0,0,0,132,0,0,1,0,0,1.0,False,False,False,False,False,False
2018-06-01,184,184,0,138,43,184,32298.92,4983.75,0,0,0,184,0,0,0,0,0,1.0,False,False,False,False,False,False
2018-06-02,142,141,1,106,40,142,25266.62,3673.37,0,0,0,141,0,0,1,0,0,1.0,False,False,False,False,False,False
2018-06-03,192,189,3,146,48,191,28461.66,4408.24,0,0,0,189,1,0,1,1,1,0.9947916666666666,False,False,False,False,False,False
2018-06-04,225,222,3,153,59,225,28622.4,5704.0,0,0,0,222,0,0,3,0,0,1.0,False,False,False,False,False,False
2018-06-05,200,196,4,147,54,197,30709.36,5392.36,0,3,0,196,0,0,1,0,3,0.985,False,False,False,False,False,False
2018-06-06,227,227,0,161,53,227,26134.4,6042.58,0,0,0,227,0,0,0,0,0,1.0,False,False,False,False,False,False
2018-06-07,223,223,0,159,56,223,37020.4,5655.9800000000005,0,0,0,223,0,0,0,0,0,1.0,False,False,True,False,False,False
2018-06-08,198,195,3,150,48,198,26870.41,4926.79,0,0,0,195,0,0,3,0,0,1.0,False,False,False,False,False,False
2018-06-09,172,169,3,133,56,172,29325.079999999998,4708.69,0,0,0,169,0,0,3,0,0,1.0,False,False,False,False,False,False
2018-06-10,193,190,3,144,51,193,25501.97,4786.28,0,2,0,190,0,0,1,0,0,1.0,False,False,False,False,False,False
2018-06-11,294,294,0,191,64,294,49669.7,7643.58,0,0,0,294,0,0,0,0,0,1.0,True,True,True,True,True,True
2018-06-12,246,244,2,175,55,246,40369.0,6393.43,0,0,0,244,1,0,1,0,0,1.0,False,False,True,False,False,False
2018-06-13,259,253,6,190,55,259,34616.96,6969.67,0,1,0,253,0,0,5,0,0,1.0,False,False,False,False,False,False
2018-06-14,212,211,1,157,53,212,27504.6,5202.61,0,0,0,211,0,0,1,0,0,1.0,False,False,False,False,False,False
2018-06-15,186,182,4,150,49,186,26617.56,4881.2,0,1,0,182,0,0,3,0,0,1.0,False,False,False,False,False,False
2018-06-16,165,162,3,128,51,165,24616.05,4384.03,0,0,0,162,0,0,3,0,0,1.0,False,False,False,False,False,False
2018-06-17,152,151,1,122,33,152,17316.33,3435.19,0,0,0,151,0,0,1,0,0,1.0,False,False,False,False,False,False
2018-06-18,246,243,3,159,53,246,34718.3,6305.1,0,1,0,243,0,0,2,0,0,1.0,False,False,False,False,False,False
2018-06-19,231,228,3,155,55,231,34630.33,5383.27,0,2,0,228,0,0,1,0,0,1.0,False,False,False,False,False,False
2018-06-20,217,216,1,159,62,217,28793.99,5536.28,0,1,0,216,0,0,0,0,0,1.0,False,False,False,False,False,False
2018-06-21,234,232,2,156,52,234,27703.58,5598.41,0,0,0,232,0,0,2,0,0,1.0,False,False,False,False,False,False
2018-06-22,179,177,2,132,44,179,24807.27,3945.89,0,0,0,177,1,0,1,0,0,1.0,False,False,False,False,False,False
2018-06-23,151,149,2,122,45,151,17501.92,3679.19,0,1,0,149,0,0,1,0,0,1.0,False,False,False,False,False,False
2018-06-24,199,198,1,144,48,199,24432.6,5065.98,0,1,0,198,0,0,0,0,0,1.0,False,False,False,False,False,False
2018-06-25,241,238,3,176,44,240,36135.52,5744.4,0,1,0,238,0,0,1,1,1,0.995850622406639,False,False,True,False,False,False
2018-06-26,243,238,5,171,60,242,30957.57,6658.97,0,2,0,238,0,0,2,1,1,0.9958847736625515,False,False,False,False,False,False
2018-06-27,215,214,1,162,61,214,26496.48,6009.45,0,0,0,214,0,0,0,1,1,0.9953488372093023,False,False,False,False,False,False
2018-06-28,243,239,4,186,59,243,32171.97,6567.08,0,1,0,239,0,0,3,0,0,1.0,False,False,False,False,False,False
2018-06-29,174,171,3,140,52,174,20473.48,4625.21,0,1,0,171,0,0,2,0,0,1.0,False,False,False,False,False,False
2018-06-30,124,123,1,109,33,124,15379.880000000001,3241.82,0,0,0,123,0,0,1,0,0,1.0,False,False,False,False,False,False
2018-07-01,161,159,2,128,40,161,24369.47,4691.2300000000005,0,0,0,159,0,0,2,0,0,1.0,False,False,False,False,False,False
2018-07-02,195,193,2,147,54,195,23158.62,6263.81,0,2,0,193,0,0,0,0,0,1.0,False,False,False,False,False,False
2018-07-03,216,214,2,154,50,216,26307.31,5147.29,0,1,0,214,0,0,1,0,0,1.0,False,False,False,False,False,False
2018-07-04,256,251,5,186,47,256,35651.65,5928.15,0,2,0,251,0,0,3,0,0,1.0,False,False,False,False,False,False
2018-07-05,195,193,2,146,52,195,28809.33,5140.15,0,1,0,193,0,0,1,0,0,1.0,False,False,False,False,False,False
2018-07-06,121,120,1,105,39,121,19005.54,3103.13,0,0,0,120,0,0,1,0,0,1.0,False,False,False,False,False,False
2018-07-07,91,89,2,73,32,91,9076.56,2200.68,0,0,0,89,0,0,2,0,0,1.0,False,False,False,False,False,False
2018-07-08,122,118,4,92,43,122,14410.79,3143.95,0,2,0,118,0,0,2,0,0,1.0,False,False,False,False,False,False
2018-07-09,148,146,2,113,42,148,19564.85,3557.32,0,0,0,146,0,0,2,0,0,1.0,False,False,False,False,False,False
2018-07-10,134,129,5,118,42,132,18724.57,3522.2,0,0,0,129,0,0,3,2,2,0.9850746268656716,False,False,False,False,False,False
2018-07-11,127,123,4,97,47,127,18519.98,3620.64,0,1,0,123,2,0,1,0,0,1.0,False,False,False,False,False,False
2018-07-12,124,117,7,92,43,121,28891.77,3677.94,0,3,0,117,0,0,1,3,3,0.9758064516129032,False,False,False,False,False,False
2018-07-13,168,167,1,126,58,167,27644.23,4885.17,0,0,0,167,0,0,0,1,1,0.9940476190476191,False,False,False,False,False,False
2018-07-14,148,142,6,110,50,148,22257.69,4169.33,0,2,0,142,1,0,3,0,0,1.0,False,False,False,False,False,False
2018-07-15,152,148,4,112,59,152,30037.49,4451.91,0,1,0,148,0,0,3,0,0,1.0,False,False,False,False,False,False
2018-07-16,245,238,7,176,66,245,31308.29,6469.84,0,2,0,238,2,0,3,0,0,1.0,False,False,False,False,False,False
2018-07-17,221,216,5,157,56,221,30421.48,5336.93,0,2,0,216,0,0,3,0,0,1.0,False,False,False,False,False,False
2018-07-18,307,302,5,203,61,305,41193.49,7790.66,0,1,0,302,1,0,2,1,2,0.993485342019544,True,True,True,True,True,True
2018-07-19,253,249,4,184,49,253,38705.58,6205.66,0,0,0,249,0,0,4,0,0,1.0,False,False,True,False,False,False
2018-07-20,250,247,3,157,59,249,32031.44,6030.41,0,2,0,247,0,0,0,1,1,0.996,False,False,False,False,False,False
2018-07-21,187,184,3,143,48,187,21113.579999999998,4388.5,0,2,0,184,0,0,1,0,0,1.0,False,False,False,False,False,False
2018-07-22,215,213,2,159,52,215,27753.420000000002,5208.84,0,1,0,213,0,0,1,0,0,1.0,False,False,False,False,False,False
2018-07-23,307,298,9,221,68,305,39911.22,8064.4,0,1,0,298,1,1,4,2,2,0.993485342019544,True,True,True,False,True,False
2018-07-24,271,264,7,187,59,270,41525.76,6557.68,0,0,0,264,2,0,4,1,1,0.996309963099631,True,False,True,True,True,False
2018-07-25,268,264,4,200,57,268,40417.5,7495.09,0,1,0,264,1,0,2,0,0,1.0,True,False,True,True,True,False
2018-07-26,247,244,3,174,54,247,35292.72,6492.0,0,2,0,244,0,0,1,0,0,1.0,False,False,False,False,False,False
2018-07-27,189,186,3,149,57,189,28371.75,4959.38,0,0,0,186,0,0,3,0,0,1.0,False,False,False,False,False,False
2018-07-28,176,172,4,128,52,175,25210.12,4855.0,0,0,0,172,1,0,2,1,1,0.9943181818181818,False,False,False,False,False,False
2018-07-29,188,182,6,148,47,188,31434.079999999998,5034.2,0,4,0,182,0,0,2,0,0,1.0,False,False,False,False,False,False
2018-07-30,288,278,10,210,56,284,39070.66,6743.36,0,4,0,278,0,0,2,4,4,0.9861111111111112,True,False,True,False,True,False
2018-07-31,322,313,9,219,63,320,45316.28,8085.96,0,4,0,313,2,0,1,2,2,0.9937888198757764,True,True,True,True,True,True
2018-08-01,311,306,5,210,65,310,40553.8,7877.23,0,2,0,306,0,0,2,1,1,0.9967845659163987,True,True,True,True,True,True
2018-08-02,302,292,10,210,65,299,38462.26,7163.4,0,2,0,292,3,0,3,2,3,0.9900662251655629,True,True,True,False,True,False
2018-08-03,314,308,6,211,63,314,42075.18,7442.4,0,2,0,308,3,0,1,0,0,1.0,True,True,True,True,True,True
2018-08-04,245,236,9,177,57,245,35511.96,5715.84,0,3,0,236,1,0,5,0,0,1.0,False,False,False,False,False,False
2018-08-05,276,269,7,194,59,276,35583.76,6688.31,0,2,0,269,3,0,2,0,0,1.0,True,False,False,False,False,False
2018-08-06,372,363,9,242,67,372,56427.39,9433.03,0,4,0,363,3,0,2,0,0,1.0,True,True,True,True,True,True
2018-08-07,370,353,17,249,71,366,49178.98,9115.4,0,9,0,353,7,0,1,0,4,0.9891891891891892,True,True,True,True,True,True
2018-08-08,316,310,6,214,63,315,43333.07,8027.43,0,2,0,310,0,0,4,0,1,0.9968354430379747,True,True,True,True,True,True
2018-08-09,289,280,9,201,58,283,40040.28,6694.58,0,6,0,280,2,0,1,0,6,0.9792387543252595,True,False,True,False,True,False
2018-08-10,256,249,7,181,56,253,33424.73,6160.56,0,3,0,249,0,0,3,1,3,0.98828125,False,False,False,False,False,False
2018-08-11,188,185,3,137,55,186,25960.93,4604.8,0,0,0,185,0,0,1,2,2,0.9893617021276596,False,False,False,False,False,False
2018-08-12,197,191,6,155,50,197,31524.21,5215.54,0,0,0,191,0,0,6,0,0,1.0,False,False,False,False,False,False
2018-08-13,292,284,8,207,58,288,38613.13,7263.78,0,5,0,284,0,0,3,0,4,0.9863013698630136,True,True,True,False,True,False
2018-08-14,316,311,5,225,54,315,44192.84,7278.53,0,4,0,311,1,0,0,0,1,0.9968354430379747,True,True,True,True,True,True
2018-08-15,288,282,6,205,56,285,45574.04,6784.61,0,5,0,282,0,0,1,0,3,0.9895833333333334,True,False,True,True,True,False
2018-08-16,320,316,4,212,61,318,35670.61,6546.7,0,4,0,316,0,0,0,0,2,0.99375,True,True,False,False,False,False
2018-08-17,257,249,8,198,62,255,31730.67,5908.32,0,3,0,249,0,0,5,0,2,0.9922178988326849,False,False,False,False,False,False
2018-08-18,198,193,5,154,41,196,24340.95,4357.15,0,2,0,193,0,0,3,0,2,0.98989898989899,False,False,False,False,False,False
2018-08-19,204,204,0,157,39,204,25487.39,4479.11,0,0,0,204,0,0,0,0,0,1.0,False,False,False,False,False,False
2018-08-20,256,251,5,192,45,252,34479.5,5372.37,0,4,0,251,0,0,1,0,4,0.984375,False,False,False,False,False,False
2018-08-21,243,238,5,181,47,239,26323.06,4507.63,0,3,0,238,0,0,1,1,4,0.9835390946502057,False,False,False,False,False,False
2018-08-22,187,185,2,149,34,186,20297.13,3965.48,0,1,0,185,0,0,1,0,1,0.9946524064171123,False,False,False,False,False,False
2018-08-23,144,142,2,111,26,142,17030.87,2509.69,0,2,0,142,0,0,0,0,2,0.9861111111111112,False,False,False,False,False,False
2018-08-24,99,96,3,74,17,98,9633.61,1679.78,0,2,0,96,0,0,1,0,1,0.98989898989899,False,False,False,False,False,False
2018-08-25,69,69,0,64,12,69,10599.41,1138.35,0,0,0,69,0,0,0,0,0,1.0,False,False,False,False,False,False
2018-08-26,73,73,0,66,14,73,8070.71,1262.45,0,0,0,73,0,0,0,0,0,1.0,False,False,False,False,False,False
2018-08-27,67,66,1,59,11,66,5345.91,765.7,0,1,0,66,0,0,0,0,1,0.9850746268656716,False,False,False,False,False,False
2018-08-28,44,39,5,34,5,39,3673.91,447.31,0,5,0,39,0,0,0,0,5,0.8863636363636364,False,False,False,False,False,False
2018-08-29,14,11,3,11,3,11,1546.04,216.66,0,3,0,11,0,0,0,0,3,0.7857142857142857,False,False,False,False,False,False
2018-08-30,4,0,4,0,0,0,0.0,0.0,0,4,0,0,0,0,0,0,4,0.0,False,False,False,False,False,False
2018-08-31,1,0,1,0,0,0,0.0,0.0,0,1,0,0,0,0,0,0,1,0.0,False,False,False,False,False,False
2018-09-01,0,0,0,0,0,0,0.0,0.0,0,0,0,0,0,0,0,0,0,,False,False,False,False,False,False
2018-09-02,0,0,0,0,0,0,0.0,0.0,0,0,0,0,0,0,0,0,0,,False,False,False,False,False,False
2018-09-03,4,0,4,1,1,1,145.0,21.46,0,3,0,0,0,0,1,0,3,0.25,False,False,False,False,False,False
2018-09-04,0,0,0,0,0,0,0.0,0.0,0,0,0,0,0,0,0,0,0,,False,False,False,False,False,False
2018-09-05,0,0,0,0,0,0,0.0,0.0,0,0,0,0,0,0,0,0,0,,False,False,False,False,False,False
2018-09-06,3,0,3,0,0,0,0.0,0.0,0,3,0,0,0,0,0,0,3,0.0,False,False,False,False,False,False
2018-09-07,0,0,0,0,0,0,0.0,0.0,0,0,0,0,0,0,0,0,0,,False,False,False,False,False,False
2018-09-08,0,0,0,0,0,0,0.0,0.0,0,0,0,0,0,0,0,0,0,,False,False,False,False,False,False
2018-09-09,0,0,0,0,0,0,0.0,0.0,0,0,0,0,0,0,0,0,0,,False,False,False,False,False,False
2018-09-10,1,0,1,0,0,0,0.0,0.0,0,1,0,0,0,0,0,0,1,0.0,False,False,False,False,False,False
2018-09-11,1,0,1,0,0,0,0.0,0.0,0,1,0,0,0,0,0,0,1,0.0,False,False,False,False,False,False
2018-09-12,1,0,1,0,0,0,0.0,0.0,0,1,0,0,0,0,0,0,1,0.0,False,False,False,False,False,False
2018-09-13,1,0,1,0,0,0,0.0,0.0,0,1,0,0,0,0,0,0,1,0.0,False,False,False,False,False,False
2018-09-14,0,0,0,0,0,0,0.0,0.0,0,0,0,0,0,0,0,0,0,,False,False,False,False,False,False
2018-09-15,0,0,0,0,0,0,0.0,0.0,0,0,0,0,0,0,0,0,0,,False,False,False,False,False,False
2018-09-16,0,0,0,0,0,0,0.0,0.0,0,0,0,0,0,0,0,0,0,,False,False,False,False,False,False
2018-09-17,1,0,1,0,0,0,0.0,0.0,0,1,0,0,0,0,0,0,1,0.0,False,False,False,False,False,False
2018-09-18,0,0,0,0,0,0,0.0,0.0,0,0,0,0,0,0,0,0,0,,False,False,False,False,False,False
2018-09-19,0,0,0,0,0,0,0.0,0.0,0,0,0,0,0,0,0,0,0,,False,False,False,False,False,False
2018-09-20,1,0,1,0,0,0,0.0,0.0,0,1,0,0,0,0,0,0,1,0.0,False,False,False,False,False,False
2018-09-21,0,0,0,0,0,0,0.0,0.0,0,0,0,0,0,0,0,0,0,,False,False,False,False,False,False
2018-09-22,0,0,0,0,0,0,0.0,0.0,0,0,0,0,0,0,0,0,0,,False,False,False,False,False,False
2018-09-23,0,0,0,0,0,0,0.0,0.0,0,0,0,0,0,0,0,0,0,,False,False,False,False,False,False
2018-09-24,0,0,0,0,0,0,0.0,0.0,0,0,0,0,0,0,0,0,0,,False,False,False,False,False,False
2018-09-25,1,0,1,0,0,0,0.0,0.0,0,1,0,0,0,0,0,0,1,0.0,False,False,False,False,False,False
2018-09-26,1,0,1,0,0,0,0.0,0.0,0,1,0,0,0,0,0,0,1,0.0,False,False,False,False,False,False
2018-09-27,0,0,0,0,0,0,0.0,0.0,0,0,0,0,0,0,0,0,0,,False,False,False,False,False,False
2018-09-28,0,0,0,0,0,0,0.0,0.0,0,0,0,0,0,0,0,0,0,,False,False,False,False,False,False
2018-09-29,1,0,1,0,0,0,0.0,0.0,0,1,0,0,0,0,0,0,1,0.0,False,False,False,False,False,False
2018-09-30,0,0,0,0,0,0,0.0,0.0,0,0,0,0,0,0,0,0,0,,False,False,False,False,False,False
2018-10-01,1,0,1,0,0,0,0.0,0.0,0,1,0,0,0,0,0,0,1,0.0,False,False,False,False,False,False
2018-10-02,0,0,0,0,0,0,0.0,0.0,0,0,0,0,0,0,0,0,0,,False,False,False,False,False,False
2018-10-03,1,0,1,0,0,0,0.0,0.0,0,1,0,0,0,0,0,0,1,0.0,False,False,False,False,False,False
2018-10-04,0,0,0,0,0,0,0.0,0.0,0,0,0,0,0,0,0,0,0,,False,False,False,False,False,False
2018-10-05,0,0,0,0,0,0,0.0,0.0,0,0,0,0,0,0,0,0,0,,False,False,False,False,False,False
2018-10-06,0,0,0,0,0,0,0.0,0.0,0,0,0,0,0,0,0,0,0,,False,False,False,False,False,False
2018-10-07,0,0,0,0,0,0,0.0,0.0,0,0,0,0,0,0,0,0,0,,False,False,False,False,False,False
2018-10-08,0,0,0,0,0,0,0.0,0.0,0,0,0,0,0,0,0,0,0,,False,False,False,False,False,False
2018-10-09,0,0,0,0,0,0,0.0,0.0,0,0,0,0,0,0,0,0,0,,False,False,False,False,False,False
2018-10-10,0,0,0,0,0,0,0.0,0.0,0,0,0,0,0,0,0,0,0,,False,False,False,False,False,False
2018-10-11,0,0,0,0,0,0,0.0,0.0,0,0,0,0,0,0,0,0,0,,False,False,False,False,False,False
2018-10-12,0,0,0,0,0,0,0.0,0.0,0,0,0,0,0,0,0,0,0,,False,False,False,False,False,False
2018-10-13,0,0,0,0,0,0,0.0,0.0,0,0,0,0,0,0,0,0,0,,False,False,False,False,False,False
2018-10-14,0,0,0,0,0,0,0.0,0.0,0,0,0,0,0,0,0,0,0,,False,False,False,False,False,False
2018-10-15,0,0,0,0,0,0,0.0,0.0,0,0,0,0,0,0,0,0,0,,False,False,False,False,False,False
2018-10-16,1,0,1,0,0,0,0.0,0.0,0,1,0,0,0,0,0,0,1,0.0,False,False,False,False,False,False
2018-10-17,1,0,1,0,0,0,0.0,0.0,0,1,0,0,0,0,0,0,1,0.0,False,False,False,False,False,False
