snapshot_date,target,purchase_age_days,all_placed_orders,available_asof_orders,unconditional_availability_asof
2018-08-30,final_breach,1,14,0,0.0
2018-08-30,final_breach,2,44,10,0.22727272727272727
2018-08-30,final_breach,3,67,34,0.5074626865671642
2018-08-30,final_breach,4,73,36,0.4931506849315068
2018-08-30,final_breach,5,69,35,0.5072463768115942
2018-08-30,final_breach,6,99,52,0.5252525252525253
2018-08-30,final_breach,7,144,107,0.7430555555555556
2018-08-30,final_breach,8,187,146,0.7807486631016043
2018-08-30,final_breach,9,243,214,0.8806584362139918
2018-08-30,final_breach,10,256,232,0.90625
2018-08-30,final_breach,11,204,186,0.9117647058823529
2018-08-30,final_breach,12,198,182,0.9191919191919192
2018-08-30,final_breach,13,257,237,0.9221789883268483
2018-08-30,final_breach,14,320,308,0.9625
2018-08-30,final_breach,15,288,273,0.9479166666666666
2018-08-30,final_breach,16,316,298,0.9430379746835443
2018-08-30,final_breach,17,292,278,0.952054794520548
2018-08-30,final_breach,18,197,187,0.949238578680203
2018-08-30,final_breach,19,188,183,0.973404255319149
2018-08-30,final_breach,20,256,237,0.92578125
2018-08-30,final_breach,21,289,277,0.9584775086505191
2018-08-30,final_breach,22,316,304,0.9620253164556962
2018-08-30,final_breach,23,370,351,0.9486486486486486
2018-08-30,final_breach,24,372,358,0.9623655913978495
2018-08-30,final_breach,25,276,266,0.9637681159420289
2018-08-30,final_breach,26,245,233,0.9510204081632653
2018-08-30,final_breach,27,314,306,0.9745222929936306
2018-08-30,final_breach,28,302,290,0.9602649006622517
2018-08-30,final_breach,29,311,303,0.9742765273311897
2018-08-30,final_breach,30,322,313,0.9720496894409938
2018-08-30,final_breach,31,288,276,0.9583333333333334
2018-08-30,final_breach,32,188,180,0.9574468085106383
2018-08-30,final_breach,33,176,171,0.9715909090909091
2018-08-30,final_breach,34,189,185,0.9788359788359788
2018-08-30,final_breach,35,247,244,0.9878542510121457
2018-08-30,final_breach,36,268,262,0.9776119402985075
2018-08-30,final_breach,37,271,262,0.966789667896679
2018-08-30,final_breach,38,307,297,0.9674267100977199
2018-08-30,final_breach,39,215,212,0.986046511627907
2018-08-30,final_breach,40,187,184,0.983957219251337
2018-08-30,final_breach,41,250,246,0.984
2018-08-30,final_breach,42,253,249,0.9841897233201581
2018-08-30,final_breach,43,307,301,0.9804560260586319
2018-08-30,final_breach,44,221,216,0.9773755656108597
2018-08-30,final_breach,45,245,238,0.9714285714285714
2018-08-30,final_breach,46,152,147,0.9671052631578947
2018-08-30,final_breach,47,148,142,0.9594594594594594
2018-08-30,final_breach,48,168,167,0.9940476190476191
2018-08-30,final_breach,49,124,117,0.9435483870967742
2018-08-30,final_breach,50,127,122,0.9606299212598425
2018-08-30,final_breach,51,134,129,0.9626865671641791
2018-08-30,final_breach,52,148,146,0.9864864864864865
2018-08-30,final_breach,53,122,118,0.9672131147540983
2018-08-30,final_breach,54,91,89,0.978021978021978
2018-08-30,final_breach,55,121,120,0.9917355371900827
2018-08-30,final_breach,56,195,193,0.9897435897435898
2018-08-30,final_breach,57,256,251,0.98046875
2018-08-30,final_breach,58,216,212,0.9814814814814815
2018-08-30,final_breach,59,195,193,0.9897435897435898
2018-08-30,final_breach,60,161,156,0.968944099378882
2018-08-30,handling,1,14,11,0.7857142857142857
2018-08-30,handling,2,44,39,0.8863636363636364
2018-08-30,handling,3,67,66,0.9850746268656716
2018-08-30,handling,4,73,73,1.0
2018-08-30,handling,5,69,69,1.0
2018-08-30,handling,6,99,96,0.9696969696969697
2018-08-30,handling,7,144,142,0.9861111111111112
2018-08-30,handling,8,187,186,0.9946524064171123
2018-08-30,handling,9,243,239,0.9835390946502057
2018-08-30,handling,10,256,252,0.984375
2018-08-30,handling,11,204,203,0.9950980392156863
2018-08-30,handling,12,198,196,0.98989898989899
2018-08-30,handling,13,257,254,0.9883268482490273
2018-08-30,handling,14,320,316,0.9875
2018-08-30,handling,15,288,282,0.9791666666666666
2018-08-30,handling,16,316,309,0.9778481012658228
2018-08-30,handling,17,292,287,0.9828767123287672
2018-08-30,handling,18,197,197,1.0
2018-08-30,handling,19,188,186,0.9893617021276596
2018-08-30,handling,20,256,251,0.98046875
2018-08-30,handling,21,289,281,0.972318339100346
2018-08-30,handling,22,316,314,0.9936708860759493
2018-08-30,handling,23,370,354,0.9567567567567568
2018-08-30,handling,24,372,364,0.978494623655914
2018-08-30,handling,25,276,271,0.9818840579710145
2018-08-30,handling,26,245,241,0.9836734693877551
2018-08-30,handling,27,314,309,0.9840764331210191
2018-08-30,handling,28,302,295,0.9768211920529801
2018-08-30,handling,29,311,308,0.9903536977491961
2018-08-30,handling,30,322,314,0.9751552795031055
2018-08-30,handling,31,288,280,0.9722222222222222
2018-08-30,handling,32,188,184,0.9787234042553191
2018-08-30,handling,33,176,174,0.9886363636363636
2018-08-30,handling,34,189,189,1.0
2018-08-30,handling,35,247,245,0.9919028340080972
2018-08-30,handling,36,268,266,0.9925373134328358
2018-08-30,handling,37,271,268,0.988929889298893
2018-08-30,handling,38,307,302,0.9837133550488599
2018-08-30,handling,39,215,214,0.9953488372093023
2018-08-30,handling,40,187,185,0.9893048128342246
2018-08-30,handling,41,250,247,0.988
2018-08-30,handling,42,253,253,1.0
2018-08-30,handling,43,307,304,0.990228013029316
2018-08-30,handling,44,221,219,0.9909502262443439
2018-08-30,handling,45,245,241,0.9836734693877551
2018-08-30,handling,46,152,151,0.993421052631579
2018-08-30,handling,47,148,145,0.9797297297297297
2018-08-30,handling,48,168,167,0.9940476190476191
2018-08-30,handling,49,124,118,0.9516129032258065
2018-08-30,handling,50,127,124,0.9763779527559056
2018-08-30,handling,51,134,132,0.9850746268656716
2018-08-30,handling,52,148,148,1.0
2018-08-30,handling,53,122,120,0.9836065573770492
2018-08-30,handling,54,91,91,1.0
2018-08-30,handling,55,121,121,1.0
2018-08-30,handling,56,195,194,0.9948717948717949
2018-08-30,handling,57,256,254,0.9921875
2018-08-30,handling,58,216,215,0.9953703703703703
2018-08-30,handling,59,195,193,0.9897435897435898
2018-08-30,handling,60,161,161,1.0
2018-08-30,positive_late_days,1,14,0,0.0
2018-08-30,positive_late_days,2,44,10,0.22727272727272727
2018-08-30,positive_late_days,3,67,34,0.5074626865671642
2018-08-30,positive_late_days,4,73,36,0.4931506849315068
2018-08-30,positive_late_days,5,69,35,0.5072463768115942
2018-08-30,positive_late_days,6,99,52,0.5252525252525253
2018-08-30,positive_late_days,7,144,107,0.7430555555555556
2018-08-30,positive_late_days,8,187,146,0.7807486631016043
2018-08-30,positive_late_days,9,243,214,0.8806584362139918
2018-08-30,positive_late_days,10,256,232,0.90625
2018-08-30,positive_late_days,11,204,186,0.9117647058823529
2018-08-30,positive_late_days,12,198,182,0.9191919191919192
2018-08-30,positive_late_days,13,257,237,0.9221789883268483
2018-08-30,positive_late_days,14,320,308,0.9625
2018-08-30,positive_late_days,15,288,273,0.9479166666666666
2018-08-30,positive_late_days,16,316,298,0.9430379746835443
2018-08-30,positive_late_days,17,292,278,0.952054794520548
2018-08-30,positive_late_days,18,197,187,0.949238578680203
2018-08-30,positive_late_days,19,188,183,0.973404255319149
2018-08-30,positive_late_days,20,256,237,0.92578125
2018-08-30,positive_late_days,21,289,277,0.9584775086505191
2018-08-30,positive_late_days,22,316,304,0.9620253164556962
2018-08-30,positive_late_days,23,370,351,0.9486486486486486
2018-08-30,positive_late_days,24,372,358,0.9623655913978495
2018-08-30,positive_late_days,25,276,266,0.9637681159420289
2018-08-30,positive_late_days,26,245,233,0.9510204081632653
2018-08-30,positive_late_days,27,314,306,0.9745222929936306
2018-08-30,positive_late_days,28,302,290,0.9602649006622517
2018-08-30,positive_late_days,29,311,303,0.9742765273311897
2018-08-30,positive_late_days,30,322,313,0.9720496894409938
2018-08-30,positive_late_days,31,288,276,0.9583333333333334
2018-08-30,positive_late_days,32,188,180,0.9574468085106383
2018-08-30,positive_late_days,33,176,171,0.9715909090909091
2018-08-30,positive_late_days,34,189,185,0.9788359788359788
2018-08-30,positive_late_days,35,247,244,0.9878542510121457
2018-08-30,positive_late_days,36,268,262,0.9776119402985075
2018-08-30,positive_late_days,37,271,262,0.966789667896679
2018-08-30,positive_late_days,38,307,297,0.9674267100977199
2018-08-30,positive_late_days,39,215,212,0.986046511627907
2018-08-30,positive_late_days,40,187,184,0.983957219251337
2018-08-30,positive_late_days,41,250,246,0.984
2018-08-30,positive_late_days,42,253,249,0.9841897233201581
2018-08-30,positive_late_days,43,307,301,0.9804560260586319
2018-08-30,positive_late_days,44,221,216,0.9773755656108597
2018-08-30,positive_late_days,45,245,238,0.9714285714285714
2018-08-30,positive_late_days,46,152,147,0.9671052631578947
2018-08-30,positive_late_days,47,148,142,0.9594594594594594
2018-08-30,positive_late_days,48,168,167,0.9940476190476191
2018-08-30,positive_late_days,49,124,117,0.9435483870967742
2018-08-30,positive_late_days,50,127,122,0.9606299212598425
2018-08-30,positive_late_days,51,134,129,0.9626865671641791
2018-08-30,positive_late_days,52,148,146,0.9864864864864865
2018-08-30,positive_late_days,53,122,118,0.9672131147540983
2018-08-30,positive_late_days,54,91,89,0.978021978021978
2018-08-30,positive_late_days,55,121,120,0.9917355371900827
2018-08-30,positive_late_days,56,195,193,0.9897435897435898
2018-08-30,positive_late_days,57,256,251,0.98046875
2018-08-30,positive_late_days,58,216,212,0.9814814814814815
2018-08-30,positive_late_days,59,195,193,0.9897435897435898
2018-08-30,positive_late_days,60,161,156,0.968944099378882
2018-08-30,transit,1,14,0,0.0
2018-08-30,transit,2,44,10,0.22727272727272727
2018-08-30,transit,3,67,34,0.5074626865671642
2018-08-30,transit,4,73,36,0.4931506849315068
2018-08-30,transit,5,69,35,0.5072463768115942
2018-08-30,transit,6,99,52,0.5252525252525253
2018-08-30,transit,7,144,107,0.7430555555555556
2018-08-30,transit,8,187,146,0.7807486631016043
2018-08-30,transit,9,243,214,0.8806584362139918
2018-08-30,transit,10,256,232,0.90625
2018-08-30,transit,11,204,186,0.9117647058823529
2018-08-30,transit,12,198,182,0.9191919191919192
2018-08-30,transit,13,257,237,0.9221789883268483
2018-08-30,transit,14,320,308,0.9625
2018-08-30,transit,15,288,273,0.9479166666666666
2018-08-30,transit,16,316,298,0.9430379746835443
2018-08-30,transit,17,292,278,0.952054794520548
2018-08-30,transit,18,197,187,0.949238578680203
2018-08-30,transit,19,188,183,0.973404255319149
2018-08-30,transit,20,256,237,0.92578125
2018-08-30,transit,21,289,277,0.9584775086505191
2018-08-30,transit,22,316,304,0.9620253164556962
2018-08-30,transit,23,370,351,0.9486486486486486
2018-08-30,transit,24,372,358,0.9623655913978495
2018-08-30,transit,25,276,266,0.9637681159420289
2018-08-30,transit,26,245,233,0.9510204081632653
2018-08-30,transit,27,314,306,0.9745222929936306
2018-08-30,transit,28,302,290,0.9602649006622517
2018-08-30,transit,29,311,303,0.9742765273311897
2018-08-30,transit,30,322,313,0.9720496894409938
2018-08-30,transit,31,288,276,0.9583333333333334
2018-08-30,transit,32,188,180,0.9574468085106383
2018-08-30,transit,33,176,171,0.9715909090909091
2018-08-30,transit,34,189,185,0.9788359788359788
2018-08-30,transit,35,247,244,0.9878542510121457
2018-08-30,transit,36,268,262,0.9776119402985075
2018-08-30,transit,37,271,262,0.966789667896679
2018-08-30,transit,38,307,297,0.9674267100977199
2018-08-30,transit,39,215,212,0.986046511627907
2018-08-30,transit,40,187,184,0.983957219251337
2018-08-30,transit,41,250,246,0.984
2018-08-30,transit,42,253,249,0.9841897233201581
2018-08-30,transit,43,307,301,0.9804560260586319
2018-08-30,transit,44,221,216,0.9773755656108597
2018-08-30,transit,45,245,238,0.9714285714285714
2018-08-30,transit,46,152,147,0.9671052631578947
2018-08-30,transit,47,148,142,0.9594594594594594
2018-08-30,transit,48,168,167,0.9940476190476191
2018-08-30,transit,49,124,117,0.9435483870967742
2018-08-30,transit,50,127,122,0.9606299212598425
2018-08-30,transit,51,134,129,0.9626865671641791
2018-08-30,transit,52,148,146,0.9864864864864865
2018-08-30,transit,53,122,118,0.9672131147540983
2018-08-30,transit,54,91,89,0.978021978021978
2018-08-30,transit,55,121,120,0.9917355371900827
2018-08-30,transit,56,195,193,0.9897435897435898
2018-08-30,transit,57,256,251,0.98046875
2018-08-30,transit,58,216,212,0.9814814814814815
2018-08-30,transit,59,195,193,0.9897435897435898
2018-08-30,transit,60,161,156,0.968944099378882
