task,family,comparison,probability_variant,quantile,n_months,median_delta_log_loss,median_delta_brier,months_log_loss_improved,months_brier_improved,months_both_improved,median_pinball_skill,months_nonnegative_skill,high_support_guard,calibration_guard,score_not_metadata_only_guard,coverage_guard,evidence_status,evidence_reason,source_file
breach,logistic_l2,M1-M0,,,6,-0.00267638014736,-0.000573686504362,3,3,3,,,,False,,,,baseline_or_secondary_comparison_not_assigned_a_profile_block_label,ORDER_BREACH_PAIRED_DIFFERENCES.csv
breach,logistic_l2,M2-M1,,,6,-0.00362976512882,-0.000409649138751,6,6,6,,,True,True,True,,Supported,all_frozen_breach_rules_passed,ORDER_BREACH_PAIRED_DIFFERENCES.csv
breach,logistic_l2,M3-M1,,,6,-0.00934112747353,-0.000967202240254,3,3,3,,,True,True,True,,Mixed,proper_score_gain_concentrated_in_fewer_than_four_months,ORDER_BREACH_PAIRED_DIFFERENCES.csv
breach,logistic_l2,M4-M1,,,6,-0.0118082057867,-0.00124549078367,4,4,4,,,True,True,True,,Supported,all_frozen_breach_rules_passed,ORDER_BREACH_PAIRED_DIFFERENCES.csv
breach,logistic_l2,M4-M2,,,6,-0.0084167786159,-0.000891145477407,3,3,3,,,,False,,,,baseline_or_secondary_comparison_not_assigned_a_profile_block_label,ORDER_BREACH_PAIRED_DIFFERENCES.csv
breach,logistic_l2,M4-M3,,,6,-0.00404197984118,-0.000673188718625,6,6,6,,,,False,,,,baseline_or_secondary_comparison_not_assigned_a_profile_block_label,ORDER_BREACH_PAIRED_DIFFERENCES.csv
breach,logistic_l2,M4E-M4,,,6,0.000430091272584,0.000140450468282,1,2,1,,,,False,,,,baseline_or_secondary_comparison_not_assigned_a_profile_block_label,ORDER_BREACH_PAIRED_DIFFERENCES.csv
breach,logistic_l2,M5-M4,,,6,0.00133914624624,0.000176576347788,2,2,2,,,,False,,,,baseline_or_secondary_comparison_not_assigned_a_profile_block_label,ORDER_BREACH_PAIRED_DIFFERENCES.csv
breach,xgboost,M1-M0,,,6,-0.000880446430516,-0.000122820343423,4,4,4,,,,False,,,,baseline_or_secondary_comparison_not_assigned_a_profile_block_label,ORDER_BREACH_PAIRED_DIFFERENCES.csv
breach,xgboost,M2-M1,,,6,-0.000140511705397,-1.21099138891e-05,3,3,3,,,True,True,True,,Mixed,proper_score_gain_concentrated_in_fewer_than_four_months,ORDER_BREACH_PAIRED_DIFFERENCES.csv
breach,xgboost,M3-M1,,,6,-4.05045649025e-05,1.75032783969e-05,3,3,3,,,True,True,True,,Not-supported,median_proper_score_non_improvement,ORDER_BREACH_PAIRED_DIFFERENCES.csv
breach,xgboost,M4-M1,,,6,-0.000906255739247,-0.000127879810165,4,4,4,,,True,True,True,,Supported,all_frozen_breach_rules_passed,ORDER_BREACH_PAIRED_DIFFERENCES.csv
breach,xgboost,M4-M2,,,6,-0.000886220760725,-0.000131783815353,3,3,3,,,,False,,,,baseline_or_secondary_comparison_not_assigned_a_profile_block_label,ORDER_BREACH_PAIRED_DIFFERENCES.csv
breach,xgboost,M4-M3,,,6,0.000182266874374,2.25100433892e-05,3,3,3,,,,False,,,,baseline_or_secondary_comparison_not_assigned_a_profile_block_label,ORDER_BREACH_PAIRED_DIFFERENCES.csv
breach,xgboost,M4E-M4,,,6,8.5435651773e-05,-9.130933628e-07,3,3,3,,,,False,,,,baseline_or_secondary_comparison_not_assigned_a_profile_block_label,ORDER_BREACH_PAIRED_DIFFERENCES.csv
breach,xgboost,M5-M4,,,6,0.000734426507821,0.00011147823739,2,2,2,,,,False,,,,baseline_or_secondary_comparison_not_assigned_a_profile_block_label,ORDER_BREACH_PAIRED_DIFFERENCES.csv
severity,linear_quantile,Q2-Q1,,0.5,6,,,,,,0.0010547393104,4,False,,,,Not-supported,low_support_only_or_material_high_support_reversal,SEVERITY_PINBALL_SKILL.csv
severity,linear_quantile,Q2-Q1,,0.9,6,,,,,,-7.195817048e-05,3,False,,,True,Not-supported,median_skill_nonpositive_or_fewer_than_four_nonnegative_months,SEVERITY_PINBALL_SKILL.csv
severity,linear_quantile,Q3-Q1,,0.5,6,,,,,,0.00239203453241,4,True,,,,Supported,all_frozen_severity_rules_passed,SEVERITY_PINBALL_SKILL.csv
severity,linear_quantile,Q3-Q1,,0.9,6,,,,,,-0.000160302346599,2,False,,,True,Not-supported,median_skill_nonpositive_or_fewer_than_four_nonnegative_months,SEVERITY_PINBALL_SKILL.csv
severity,linear_quantile,Q4-Q1,,0.5,6,,,,,,0.00355428573544,5,True,,,,Supported,all_frozen_severity_rules_passed,SEVERITY_PINBALL_SKILL.csv
severity,linear_quantile,Q4-Q1,,0.9,6,,,,,,-0.00142631663894,3,False,,,True,Not-supported,median_skill_nonpositive_or_fewer_than_four_nonnegative_months,SEVERITY_PINBALL_SKILL.csv
severity,xgboost_quantile,Q2-Q1,,0.5,6,,,,,,-0.00124128367092,1,False,,,,Not-supported,median_skill_nonpositive_or_fewer_than_four_nonnegative_months,SEVERITY_PINBALL_SKILL.csv
severity,xgboost_quantile,Q2-Q1,,0.9,6,,,,,,0.025480655672,4,True,,,True,Supported,all_frozen_severity_rules_passed,SEVERITY_PINBALL_SKILL.csv
severity,xgboost_quantile,Q3-Q1,,0.5,6,,,,,,-0.00172605882814,3,False,,,,Not-supported,median_skill_nonpositive_or_fewer_than_four_nonnegative_months,SEVERITY_PINBALL_SKILL.csv
severity,xgboost_quantile,Q3-Q1,,0.9,6,,,,,,0.0265924816691,5,True,,,True,Supported,all_frozen_severity_rules_passed,SEVERITY_PINBALL_SKILL.csv
severity,xgboost_quantile,Q4-Q1,,0.5,6,,,,,,3.2443644232e-05,3,False,,,,Not-supported,median_skill_nonpositive_or_fewer_than_four_nonnegative_months,SEVERITY_PINBALL_SKILL.csv
severity,xgboost_quantile,Q4-Q1,,0.9,6,,,,,,0.0085608841926,3,True,,,True,Not-supported,median_skill_nonpositive_or_fewer_than_four_nonnegative_months,SEVERITY_PINBALL_SKILL.csv
