period,cohort,family,model_id,probability_type,fitted_model_sha256,model_hash_type,constituent_fitted_model_count,n_orders,n_events,prevalence,log_loss,brier,average_precision,roc_auc,top_5pct_lift,top_10pct_lift,top_10pct_recall,calibration_intercept,calibration_slope,wace,calibration_invalid_reason,order_id_sha256,origin,calibration_method,n_train,cohort_month
aggregate,later_pooled,logistic_l2,M0,raw,2250d81ea8cca885db7cd6954104ab985943826e8aea0f944d55f260c7216e58,composite_fitted_models,6,40270,3477,0.086342190216,0.303679744829,0.0800890821681,0.069921170779,0.394471730748,0.943107765343,1.00373885534,0.100373885534,-6.03734990662,-1.35565106003,0.0546955940035,,72cfdc8f6be208328a97da86166024c4a11b6099541993e6da4d9e100c5d76d2,,,,later_pooled
aggregate,later_pooled,logistic_l2,M0,calibrated,2250d81ea8cca885db7cd6954104ab985943826e8aea0f944d55f260c7216e58,composite_fitted_models,6,40270,3477,0.086342190216,0.303679744829,0.0800890821681,0.069921170779,0.394471730748,0.943107765343,1.00373885534,0.100373885534,-6.03734990662,-1.35565106003,0.0546955940035,,72cfdc8f6be208328a97da86166024c4a11b6099541993e6da4d9e100c5d76d2,,,,later_pooled
aggregate,later_pooled,logistic_l2,M1,raw,1d820bba85ab74ed6dd03cb0e76180b6468b8ba94e0bae47d1d8e8cb5989d333,composite_fitted_models,6,40270,3477,0.086342190216,0.314414990339,0.0803097268736,0.118814878393,0.609533197413,1.66193990356,1.37474834628,0.137474834628,-0.737794873614,0.491574978621,0.0455167592051,,72cfdc8f6be208328a97da86166024c4a11b6099541993e6da4d9e100c5d76d2,,,,later_pooled
aggregate,later_pooled,logistic_l2,M1,calibrated,1d820bba85ab74ed6dd03cb0e76180b6468b8ba94e0bae47d1d8e8cb5989d333,composite_fitted_models,6,40270,3477,0.086342190216,0.314414990339,0.0803097268736,0.118814878393,0.609533197413,1.66193990356,1.37474834628,0.137474834628,-0.737794873614,0.491574978621,0.0455167592051,,72cfdc8f6be208328a97da86166024c4a11b6099541993e6da4d9e100c5d76d2,,,,later_pooled
aggregate,later_pooled,logistic_l2,M2,raw,81b4131cd1672a4548b609c4694356e1b008e56c0e1fafdec0d590144c575172,composite_fitted_models,6,40270,3477,0.086342190216,0.3081000593,0.0796678953802,0.131656132947,0.63613976868,2.04148327254,1.66522864538,0.166522864538,-0.439741031448,0.588962758571,0.0438814751059,,72cfdc8f6be208328a97da86166024c4a11b6099541993e6da4d9e100c5d76d2,,,,later_pooled
aggregate,later_pooled,logistic_l2,M2,calibrated,81b4131cd1672a4548b609c4694356e1b008e56c0e1fafdec0d590144c575172,composite_fitted_models,6,40270,3477,0.086342190216,0.3081000593,0.0796678953802,0.131656132947,0.63613976868,2.04148327254,1.66522864538,0.166522864538,-0.439741031448,0.588962758571,0.0438814751059,,72cfdc8f6be208328a97da86166024c4a11b6099541993e6da4d9e100c5d76d2,,,,later_pooled
aggregate,later_pooled,logistic_l2,M3,raw,e9e70b9e143093dc36fa441776cbcde6550ce8f2d67b113d940880e388377b41,composite_fitted_models,6,40270,3477,0.086342190216,0.298747443517,0.0793176610579,0.122812195309,0.623384492935,1.69069318909,1.62784009203,0.162784009203,-0.926764359616,0.496030601222,0.0345409895936,,72cfdc8f6be208328a97da86166024c4a11b6099541993e6da4d9e100c5d76d2,,,,later_pooled
aggregate,later_pooled,logistic_l2,M3,calibrated,e9e70b9e143093dc36fa441776cbcde6550ce8f2d67b113d940880e388377b41,composite_fitted_models,6,40270,3477,0.086342190216,0.298747443517,0.0793176610579,0.122812195309,0.623384492935,1.69069318909,1.62784009203,0.162784009203,-0.926764359616,0.496030601222,0.0345409895936,,72cfdc8f6be208328a97da86166024c4a11b6099541993e6da4d9e100c5d76d2,,,,later_pooled
aggregate,later_pooled,logistic_l2,M4,raw,732f54c2c9e10659b4f9e3cabd163194bddd03e3bee175190a5bd4d3eff35837,composite_fitted_models,6,40270,3477,0.086342190216,0.292531251117,0.0784445526199,0.136646607702,0.650021737404,1.97822604438,1.87805579523,0.187805579523,-0.672352579997,0.590596486405,0.0305197990245,,72cfdc8f6be208328a97da86166024c4a11b6099541993e6da4d9e100c5d76d2,,,,later_pooled
aggregate,later_pooled,logistic_l2,M4,calibrated,732f54c2c9e10659b4f9e3cabd163194bddd03e3bee175190a5bd4d3eff35837,composite_fitted_models,6,40270,3477,0.086342190216,0.292531251117,0.0784445526199,0.136646607702,0.650021737404,1.97822604438,1.87805579523,0.187805579523,-0.672352579997,0.590596486405,0.0305197990245,,72cfdc8f6be208328a97da86166024c4a11b6099541993e6da4d9e100c5d76d2,,,,later_pooled
aggregate,later_pooled,logistic_l2,M4E,raw,c0bf19121063676da9e06c9800253b95d426c60e9d27fc2ef41a11d37b94346e,composite_fitted_models,6,40270,3477,0.086342190216,0.293344030798,0.0785819101136,0.134591765745,0.646695164604,1.95522341596,1.8550474547,0.18550474547,-0.712366908934,0.575889666729,0.0309129011638,,72cfdc8f6be208328a97da86166024c4a11b6099541993e6da4d9e100c5d76d2,,,,later_pooled
aggregate,later_pooled,logistic_l2,M4E,calibrated,c0bf19121063676da9e06c9800253b95d426c60e9d27fc2ef41a11d37b94346e,composite_fitted_models,6,40270,3477,0.086342190216,0.293344030798,0.0785819101136,0.134591765745,0.646695164604,1.95522341596,1.8550474547,0.18550474547,-0.712366908934,0.575889666729,0.0309129011638,,72cfdc8f6be208328a97da86166024c4a11b6099541993e6da4d9e100c5d76d2,,,,later_pooled
aggregate,later_pooled,logistic_l2,M5,raw,3325e43a92b2981baa619049db95c9a98e56b8207696a35cadf69e60df97d545,composite_fitted_models,6,40270,3477,0.086342190216,0.294474340508,0.0786973714894,0.135888767657,0.652465705246,1.94372210174,1.91544434858,0.191544434858,-0.619302716364,0.592771580361,0.0319814008429,,72cfdc8f6be208328a97da86166024c4a11b6099541993e6da4d9e100c5d76d2,,,,later_pooled
aggregate,later_pooled,logistic_l2,M5,calibrated,3325e43a92b2981baa619049db95c9a98e56b8207696a35cadf69e60df97d545,composite_fitted_models,6,40270,3477,0.086342190216,0.294474340508,0.0786973714894,0.135888767657,0.652465705246,1.94372210174,1.91544434858,0.191544434858,-0.619302716364,0.592771580361,0.0319814008429,,72cfdc8f6be208328a97da86166024c4a11b6099541993e6da4d9e100c5d76d2,,,,later_pooled
aggregate,later_pooled,xgboost,M0,raw,c15a138a793830652d5ef425c3e4a58e87f7b2a87d40c5c50b12dc45ac2a6684,composite_fitted_models,6,40270,3477,0.086342190216,0.307000861556,0.0804055527975,0.0715204879322,0.421525459293,0.701580166902,0.790911705493,0.0790911705493,-6.72212104135,-1.54956248048,0.0513264995735,,72cfdc8f6be208328a97da86166024c4a11b6099541993e6da4d9e100c5d76d2,,,,later_pooled
aggregate,later_pooled,xgboost,M0,calibrated,c15a138a793830652d5ef425c3e4a58e87f7b2a87d40c5c50b12dc45ac2a6684,composite_fitted_models,6,40270,3477,0.086342190216,0.307000861556,0.0804055527975,0.0715204879322,0.421525459293,0.701580166902,0.790911705493,0.0790911705493,-6.72212104135,-1.54956248048,0.0513264995735,,72cfdc8f6be208328a97da86166024c4a11b6099541993e6da4d9e100c5d76d2,,,,later_pooled
aggregate,later_pooled,xgboost,M1,raw,3d9f731b74faf57d07899767efad93ca41288709cc96b38bb144653760c1e8f0,composite_fitted_models,6,40270,3477,0.086342190216,0.307765649472,0.0804179443025,0.0845442753038,0.444035938736,1.61593464672,1.20506183492,0.120506183492,-6.50278746856,-1.44642291354,0.0534773882605,,72cfdc8f6be208328a97da86166024c4a11b6099541993e6da4d9e100c5d76d2,,,,later_pooled
aggregate,later_pooled,xgboost,M1,calibrated,3d9f731b74faf57d07899767efad93ca41288709cc96b38bb144653760c1e8f0,composite_fitted_models,6,40270,3477,0.086342190216,0.307765649472,0.0804179443025,0.0845442753038,0.444035938736,1.61593464672,1.20506183492,0.120506183492,-6.50278746856,-1.44642291354,0.0534773882605,,72cfdc8f6be208328a97da86166024c4a11b6099541993e6da4d9e100c5d76d2,,,,later_pooled
aggregate,later_pooled,xgboost,M2,raw,2da72f7d132e41fdfe1207695a8eee445bded548b12dcb70b78f5b95228f1286,composite_fitted_models,6,40270,3477,0.086342190216,0.308338890752,0.0804756129662,0.0825186579994,0.432452294866,1.42041230512,1.1734253667,0.11734253667,-6.89367288131,-1.57946177744,0.055047151536,,72cfdc8f6be208328a97da86166024c4a11b6099541993e6da4d9e100c5d76d2,,,,later_pooled
aggregate,later_pooled,xgboost,M2,calibrated,2da72f7d132e41fdfe1207695a8eee445bded548b12dcb70b78f5b95228f1286,composite_fitted_models,6,40270,3477,0.086342190216,0.308338890752,0.0804756129662,0.0825186579994,0.432452294866,1.42041230512,1.1734253667,0.11734253667,-6.89367288131,-1.57946177744,0.055047151536,,72cfdc8f6be208328a97da86166024c4a11b6099541993e6da4d9e100c5d76d2,,,,later_pooled
aggregate,later_pooled,xgboost,M3,raw,7bb0beceb3a920da14c560a112a920b8fa2ee7bab7028357557e86a325e51a8c,composite_fitted_models,6,40270,3477,0.086342190216,0.305990775374,0.0802365584303,0.0837510417363,0.44864559954,1.36290573406,1.04400345125,0.104400345125,-5.03024957819,-0.945054867514,0.050214058259,,72cfdc8f6be208328a97da86166024c4a11b6099541993e6da4d9e100c5d76d2,,,,later_pooled
aggregate,later_pooled,xgboost,M3,calibrated,7bb0beceb3a920da14c560a112a920b8fa2ee7bab7028357557e86a325e51a8c,composite_fitted_models,6,40270,3477,0.086342190216,0.305990775374,0.0802365584303,0.0837510417363,0.44864559954,1.36290573406,1.04400345125,0.104400345125,-5.03024957819,-0.945054867514,0.050214058259,,72cfdc8f6be208328a97da86166024c4a11b6099541993e6da4d9e100c5d76d2,,,,later_pooled
aggregate,later_pooled,xgboost,M4,raw,39e581159b1f1834ad4b80dbf4fe27d42242ecd92d9b44ecadcc973475e68a74,composite_fitted_models,6,40270,3477,0.086342190216,0.304721601461,0.0801151941119,0.087056618015,0.464846150405,1.53542544724,1.25395455853,0.125395455853,-4.25767375918,-0.675627353557,0.0523575328235,,72cfdc8f6be208328a97da86166024c4a11b6099541993e6da4d9e100c5d76d2,,,,later_pooled
aggregate,later_pooled,xgboost,M4,calibrated,39e581159b1f1834ad4b80dbf4fe27d42242ecd92d9b44ecadcc973475e68a74,composite_fitted_models,6,40270,3477,0.086342190216,0.304721601461,0.0801151941119,0.087056618015,0.464846150405,1.53542544724,1.25395455853,0.125395455853,-4.25767375918,-0.675627353557,0.0523575328235,,72cfdc8f6be208328a97da86166024c4a11b6099541993e6da4d9e100c5d76d2,,,,later_pooled
aggregate,later_pooled,xgboost,M4E,raw,999e65aa4534ae3c24be95c6a622c9f99610602b168e665fe0e0a1dc8c2274e0,composite_fitted_models,6,40270,3477,0.086342190216,0.304365312474,0.0800807492204,0.0838595592677,0.470699592332,1.13863010694,1.15329306874,0.115329306874,-3.96457166325,-0.570688246642,0.0470643328845,,72cfdc8f6be208328a97da86166024c4a11b6099541993e6da4d9e100c5d76d2,,,,later_pooled
aggregate,later_pooled,xgboost,M4E,calibrated,999e65aa4534ae3c24be95c6a622c9f99610602b168e665fe0e0a1dc8c2274e0,composite_fitted_models,6,40270,3477,0.086342190216,0.304365312474,0.0800807492204,0.0838595592677,0.470699592332,1.13863010694,1.15329306874,0.115329306874,-3.96457166325,-0.570688246642,0.0470643328845,,72cfdc8f6be208328a97da86166024c4a11b6099541993e6da4d9e100c5d76d2,,,,later_pooled
aggregate,later_pooled,xgboost,M5,raw,f6943f5f9169683b497358a0427b1e7a01dc9af8a9e4bfcab1dd5b0f8fac7349,composite_fitted_models,6,40270,3477,0.086342190216,0.306131074694,0.0803481977933,0.0723819471392,0.447747255415,0.402545997403,0.457290767903,0.0457290767903,-5.10054159994,-0.980899636144,0.0507753181767,,72cfdc8f6be208328a97da86166024c4a11b6099541993e6da4d9e100c5d76d2,,,,later_pooled
aggregate,later_pooled,xgboost,M5,calibrated,f6943f5f9169683b497358a0427b1e7a01dc9af8a9e4bfcab1dd5b0f8fac7349,composite_fitted_models,6,40270,3477,0.086342190216,0.306131074694,0.0803481977933,0.0723819471392,0.447747255415,0.402545997403,0.457290767903,0.0457290767903,-5.10054159994,-0.980899636144,0.0507753181767,,72cfdc8f6be208328a97da86166024c4a11b6099541993e6da4d9e100c5d76d2,,,,later_pooled
terminal,2018-07_to_2018-08,logistic_l2,M0,raw,c9daccd999e6d1c6e1c31b8e4d3879e9a8f87252ee5f857c50a2a86f71e524ee,fitted_model,,12507,601,0.0480530902694,0.198633474128,0.0464584601625,0.141620803612,0.725074369304,3.95595466555,3.49333844073,0.349417637271,26.0995340962,12.1493106547,0.0495432374366,,085d47c5390ce26eb4920710912d5fe0bd515a587d209de3cd55af821edb6235,2018-07-01,none,77042,2018-07_to_2018-08
terminal,2018-07_to_2018-08,logistic_l2,M0,calibrated,c9daccd999e6d1c6e1c31b8e4d3879e9a8f87252ee5f857c50a2a86f71e524ee,fitted_model,,12507,601,0.0480530902694,0.198633474128,0.0464584601625,0.141620803612,0.725074369304,3.95595466555,3.49333844073,0.349417637271,26.0995340962,12.1493106547,0.0495432374366,,085d47c5390ce26eb4920710912d5fe0bd515a587d209de3cd55af821edb6235,2018-07-01,none,77042,2018-07_to_2018-08
terminal,2018-07_to_2018-08,logistic_l2,M1,raw,bc969ef29276e19cde55106bab63c8587b3a8425b6a9ae87ce53e816600b21a8,fitted_model,,12507,601,0.0480530902694,0.212730949174,0.0513085984842,0.0705401173884,0.596575001125,1.99459899103,1.71339933045,0.171381031614,-1.88326864659,0.48290770928,0.0529792817316,,085d47c5390ce26eb4920710912d5fe0bd515a587d209de3cd55af821edb6235,2018-07-01,none,77042,2018-07_to_2018-08
terminal,2018-07_to_2018-08,logistic_l2,M1,calibrated,bc969ef29276e19cde55106bab63c8587b3a8425b6a9ae87ce53e816600b21a8,fitted_model,,12507,601,0.0480530902694,0.212730949174,0.0513085984842,0.0705401173884,0.596575001125,1.99459899103,1.71339933045,0.171381031614,-1.88326864659,0.48290770928,0.0529792817316,,085d47c5390ce26eb4920710912d5fe0bd515a587d209de3cd55af821edb6235,2018-07-01,none,77042,2018-07_to_2018-08
terminal,2018-07_to_2018-08,logistic_l2,M2,raw,114df6cfc6c1ef1ecf6b98063243858b63cebe86c6edd4a68102d497cf62f008,fitted_model,,12507,601,0.0480530902694,0.206365625001,0.0499568602866,0.0767316721889,0.615015346224,2.19405889014,1.92965361488,0.193011647255,-1.67150961764,0.558226722151,0.046323315017,,085d47c5390ce26eb4920710912d5fe0bd515a587d209de3cd55af821edb6235,2018-07-01,none,77042,2018-07_to_2018-08
terminal,2018-07_to_2018-08,logistic_l2,M2,calibrated,114df6cfc6c1ef1ecf6b98063243858b63cebe86c6edd4a68102d497cf62f008,fitted_model,,12507,601,0.0480530902694,0.206365625001,0.0499568602866,0.0767316721889,0.615015346224,2.19405889014,1.92965361488,0.193011647255,-1.67150961764,0.558226722151,0.046323315017,,085d47c5390ce26eb4920710912d5fe0bd515a587d209de3cd55af821edb6235,2018-07-01,none,77042,2018-07_to_2018-08
terminal,2018-07_to_2018-08,logistic_l2,M3,raw,796b5a244731f98e9de9926fb2fd0305c96869814c52f05178d5cfa2e2b0b503,fitted_model,,12507,601,0.0480530902694,0.216894324675,0.0531140552091,0.0731174021227,0.616906337581,1.99459899103,1.59695471576,0.159733777038,-1.86118334683,0.510960983989,0.0602835642962,,085d47c5390ce26eb4920710912d5fe0bd515a587d209de3cd55af821edb6235,2018-07-01,none,77042,2018-07_to_2018-08
terminal,2018-07_to_2018-08,logistic_l2,M3,calibrated,796b5a244731f98e9de9926fb2fd0305c96869814c52f05178d5cfa2e2b0b503,fitted_model,,12507,601,0.0480530902694,0.216894324675,0.0531140552091,0.0731174021227,0.616906337581,1.99459899103,1.59695471576,0.159733777038,-1.86118334683,0.510960983989,0.0602835642962,,085d47c5390ce26eb4920710912d5fe0bd515a587d209de3cd55af821edb6235,2018-07-01,none,77042,2018-07_to_2018-08
terminal,2018-07_to_2018-08,logistic_l2,M4,raw,8b2454afff17bbc275de3ae7f7507c35bcb7ff442458ec18022ee260381b6d65,fitted_model,,12507,601,0.0480530902694,0.210053955627,0.0515133323695,0.0789003575403,0.634678386127,2.1275722571,1.74666922036,0.174708818636,-1.67638271065,0.57736983897,0.0529168168593,,085d47c5390ce26eb4920710912d5fe0bd515a587d209de3cd55af821edb6235,2018-07-01,none,77042,2018-07_to_2018-08
terminal,2018-07_to_2018-08,logistic_l2,M4,calibrated,8b2454afff17bbc275de3ae7f7507c35bcb7ff442458ec18022ee260381b6d65,fitted_model,,12507,601,0.0480530902694,0.210053955627,0.0515133323695,0.0789003575403,0.634678386127,2.1275722571,1.74666922036,0.174708818636,-1.67638271065,0.57736983897,0.0529168168593,,085d47c5390ce26eb4920710912d5fe0bd515a587d209de3cd55af821edb6235,2018-07-01,none,77042,2018-07_to_2018-08
terminal,2018-07_to_2018-08,logistic_l2,M5,raw,624aa390af5a83b5bd516490bc2a0318511d33a5e19be51eb76e20fd44af9d1a,fitted_model,,12507,601,0.0480530902694,0.207843009458,0.051037001921,0.0801485800194,0.639074301664,1.99459899103,1.66349449558,0.166389351082,-1.64631420856,0.580014992645,0.0494150088224,,085d47c5390ce26eb4920710912d5fe0bd515a587d209de3cd55af821edb6235,2018-07-01,none,77042,2018-07_to_2018-08
terminal,2018-07_to_2018-08,logistic_l2,M5,calibrated,624aa390af5a83b5bd516490bc2a0318511d33a5e19be51eb76e20fd44af9d1a,fitted_model,,12507,601,0.0480530902694,0.207843009458,0.051037001921,0.0801485800194,0.639074301664,1.99459899103,1.66349449558,0.166389351082,-1.64631420856,0.580014992645,0.0494150088224,,085d47c5390ce26eb4920710912d5fe0bd515a587d209de3cd55af821edb6235,2018-07-01,none,77042,2018-07_to_2018-08
terminal,2018-07_to_2018-08,logistic_l2,M4E,raw,34dee07c27745fe3fc9241bcd500690d08b500224be6b475972c68de9cb08c5f,fitted_model,,12507,601,0.0480530902694,0.21027013961,0.0516128854035,0.0780385322682,0.63058852861,2.1275722571,1.71339933045,0.171381031614,-1.71775648211,0.554558083845,0.0521009371903,,085d47c5390ce26eb4920710912d5fe0bd515a587d209de3cd55af821edb6235,2018-07-01,none,77042,2018-07_to_2018-08
terminal,2018-07_to_2018-08,logistic_l2,M4E,calibrated,34dee07c27745fe3fc9241bcd500690d08b500224be6b475972c68de9cb08c5f,fitted_model,,12507,601,0.0480530902694,0.21027013961,0.0516128854035,0.0780385322682,0.63058852861,2.1275722571,1.71339933045,0.171381031614,-1.71775648211,0.554558083845,0.0521009371903,,085d47c5390ce26eb4920710912d5fe0bd515a587d209de3cd55af821edb6235,2018-07-01,none,77042,2018-07_to_2018-08
terminal,2018-07_to_2018-08,xgboost,M0,raw,3711ac62921d554666130247510f33b819543184aa4073cc46a3e67914b92ab0,fitted_model,,12507,601,0.0480530902694,0.197372285781,0.0462939367321,0.0786463686004,0.621038819617,0.83108291293,0.765207467969,0.0765391014975,15.6147142397,7.3375688526,0.04256314813,,085d47c5390ce26eb4920710912d5fe0bd515a587d209de3cd55af821edb6235,2018-07-01,none,77042,2018-07_to_2018-08
terminal,2018-07_to_2018-08,xgboost,M0,calibrated,3711ac62921d554666130247510f33b819543184aa4073cc46a3e67914b92ab0,fitted_model,,12507,601,0.0480530902694,0.197372285781,0.0462939367321,0.0786463686004,0.621038819617,0.83108291293,0.765207467969,0.0765391014975,15.6147142397,7.3375688526,0.04256314813,,085d47c5390ce26eb4920710912d5fe0bd515a587d209de3cd55af821edb6235,2018-07-01,none,77042,2018-07_to_2018-08
terminal,2018-07_to_2018-08,xgboost,M1,raw,b6937089e93d917498dd0ec140ee8d6be4288e2675b8e3502c99f71719a6658e,fitted_model,,12507,601,0.0480530902694,0.196329776925,0.0461590364311,0.0585751163113,0.570023908861,0.964056178999,0.931556917528,0.0931780366057,3.27116314805,2.40774978585,0.0271290883176,,085d47c5390ce26eb4920710912d5fe0bd515a587d209de3cd55af821edb6235,2018-07-01,none,77042,2018-07_to_2018-08
terminal,2018-07_to_2018-08,xgboost,M1,calibrated,b6937089e93d917498dd0ec140ee8d6be4288e2675b8e3502c99f71719a6658e,fitted_model,,12507,601,0.0480530902694,0.196329776925,0.0461590364311,0.0585751163113,0.570023908861,0.964056178999,0.931556917528,0.0931780366057,3.27116314805,2.40774978585,0.0271290883176,,085d47c5390ce26eb4920710912d5fe0bd515a587d209de3cd55af821edb6235,2018-07-01,none,77042,2018-07_to_2018-08
terminal,2018-07_to_2018-08,xgboost,M2,raw,624f844cd45ed6dcafce9a37a1768de103091f6094b3d9b32968348cb2415a30,fitted_model,,12507,601,0.0480530902694,0.195511827925,0.0460532801861,0.0710237440858,0.614042249423,1.76189577541,1.48051010107,0.148086522463,10.5374341155,5.17011607077,0.0258149235941,,085d47c5390ce26eb4920710912d5fe0bd515a587d209de3cd55af821edb6235,2018-07-01,none,77042,2018-07_to_2018-08
terminal,2018-07_to_2018-08,xgboost,M2,calibrated,624f844cd45ed6dcafce9a37a1768de103091f6094b3d9b32968348cb2415a30,fitted_model,,12507,601,0.0480530902694,0.195511827925,0.0460532801861,0.0710237440858,0.614042249423,1.76189577541,1.48051010107,0.148086522463,10.5374341155,5.17011607077,0.0258149235941,,085d47c5390ce26eb4920710912d5fe0bd515a587d209de3cd55af821edb6235,2018-07-01,none,77042,2018-07_to_2018-08
terminal,2018-07_to_2018-08,xgboost,M3,raw,fb2475b3f43d72e09f268a0e769c9bd028e2a769f59653f0507931b98c12e784,fitted_model,,12507,601,0.0480530902694,0.197554017375,0.0463287797893,0.0496085294585,0.424698476949,1.62892250934,1.18108109187,0.118136439268,-3.53915409242,-0.214013616953,0.0338490933008,,085d47c5390ce26eb4920710912d5fe0bd515a587d209de3cd55af821edb6235,2018-07-01,none,77042,2018-07_to_2018-08
terminal,2018-07_to_2018-08,xgboost,M3,calibrated,fb2475b3f43d72e09f268a0e769c9bd028e2a769f59653f0507931b98c12e784,fitted_model,,12507,601,0.0480530902694,0.197554017375,0.0463287797893,0.0496085294585,0.424698476949,1.62892250934,1.18108109187,0.118136439268,-3.53915409242,-0.214013616953,0.0338490933008,,085d47c5390ce26eb4920710912d5fe0bd515a587d209de3cd55af821edb6235,2018-07-01,none,77042,2018-07_to_2018-08
terminal,2018-07_to_2018-08,xgboost,M4,raw,6187a787608e786ee1067eadc70c5d35441adccb5decf308bafce7534faf06cb,fitted_model,,12507,601,0.0480530902694,0.196593681989,0.0461957435173,0.0580130448778,0.540071240245,1.72865245889,1.34743054142,0.134775374376,0.514135768807,1.35649018401,0.028267653431,,085d47c5390ce26eb4920710912d5fe0bd515a587d209de3cd55af821edb6235,2018-07-01,none,77042,2018-07_to_2018-08
terminal,2018-07_to_2018-08,xgboost,M4,calibrated,6187a787608e786ee1067eadc70c5d35441adccb5decf308bafce7534faf06cb,fitted_model,,12507,601,0.0480530902694,0.196593681989,0.0461957435173,0.0580130448778,0.540071240245,1.72865245889,1.34743054142,0.134775374376,0.514135768807,1.35649018401,0.028267653431,,085d47c5390ce26eb4920710912d5fe0bd515a587d209de3cd55af821edb6235,2018-07-01,none,77042,2018-07_to_2018-08
terminal,2018-07_to_2018-08,xgboost,M5,raw,08c02ad5003bda70cd284586f015baaffe00f9098dc9023dd3837407ea3604ce,fitted_model,,12507,601,0.0480530902694,0.196089242137,0.0461269994073,0.0615849623068,0.570343033742,1.66216582586,1.16444614691,0.116472545757,1.56064815374,1.75382579748,0.031331879704,,085d47c5390ce26eb4920710912d5fe0bd515a587d209de3cd55af821edb6235,2018-07-01,none,77042,2018-07_to_2018-08
terminal,2018-07_to_2018-08,xgboost,M5,calibrated,08c02ad5003bda70cd284586f015baaffe00f9098dc9023dd3837407ea3604ce,fitted_model,,12507,601,0.0480530902694,0.196089242137,0.0461269994073,0.0615849623068,0.570343033742,1.66216582586,1.16444614691,0.116472545757,1.56064815374,1.75382579748,0.031331879704,,085d47c5390ce26eb4920710912d5fe0bd515a587d209de3cd55af821edb6235,2018-07-01,none,77042,2018-07_to_2018-08
terminal,2018-07_to_2018-08,xgboost,M4E,raw,6a3076305b22ad1658d5b187c9f8d084ea4382bb4059c6a9fa5abbddf24fa2f9,fitted_model,,12507,601,0.0480530902694,0.197353314802,0.0463005580021,0.0531140424318,0.489227316698,1.46270592676,1.41397032125,0.141430948419,-1.19996534582,0.697105256384,0.0302076753206,,085d47c5390ce26eb4920710912d5fe0bd515a587d209de3cd55af821edb6235,2018-07-01,none,77042,2018-07_to_2018-08
terminal,2018-07_to_2018-08,xgboost,M4E,calibrated,6a3076305b22ad1658d5b187c9f8d084ea4382bb4059c6a9fa5abbddf24fa2f9,fitted_model,,12507,601,0.0480530902694,0.197353314802,0.0463005580021,0.0531140424318,0.489227316698,1.46270592676,1.41397032125,0.141430948419,-1.19996534582,0.697105256384,0.0302076753206,,085d47c5390ce26eb4920710912d5fe0bd515a587d209de3cd55af821edb6235,2018-07-01,none,77042,2018-07_to_2018-08
