family,family_display,family_status,quantile,profile_block,comparison,median_skill,favourable_month_count,median_empirical_coverage,coverage_not_materially_worse,evidence_label,label_type,family_label,block_label,quantile_label,skill_pct,pattern
linear_quantile,Linear Quantile Regression,evaluated,0.5,both,DQB-DQ0,-0.00174129588923,2,0.439692148572,TRUE,Not-supported,PROTECTED PRE-EXISTING DIRECT-EXTENSION LABEL,Linear Quantile,Both,A  Q50 median skill,-0.174129588923,Other result
linear_quantile,Linear Quantile Regression,evaluated,0.5,state_od,DQG-DQ0,-0.00502930204561,3,0.432748909499,TRUE,Not-supported,PROTECTED PRE-EXISTING DIRECT-EXTENSION LABEL,Linear Quantile,State-OD,A  Q50 median skill,-0.502930204561,Other result
linear_quantile,Linear Quantile Regression,evaluated,0.5,seller,DQS-DQ0,5.19832297006e-4,3,0.430468668088,TRUE,Not-supported,PROTECTED PRE-EXISTING DIRECT-EXTENSION LABEL,Linear Quantile,Seller,A  Q50 median skill,0.0519832297006,Other result
linear_quantile,Linear Quantile Regression,evaluated,0.9,both,DQB-DQ0,-0.00513196219554,1,0.856669428335,TRUE,Not-supported,PROTECTED PRE-EXISTING DIRECT-EXTENSION LABEL,Linear Quantile,Both,B  Q90 median skill,-0.5131962195540001,Other result
linear_quantile,Linear Quantile Regression,evaluated,0.9,state_od,DQG-DQ0,-0.00250912580818,3,0.859088919945,TRUE,Not-supported,PROTECTED PRE-EXISTING DIRECT-EXTENSION LABEL,Linear Quantile,State-OD,B  Q90 median skill,-0.250912580818,Other result
linear_quantile,Linear Quantile Regression,evaluated,0.9,seller,DQS-DQ0,-0.00243285667054,1,0.856758017987,TRUE,Not-supported,PROTECTED PRE-EXISTING DIRECT-EXTENSION LABEL,Linear Quantile,Seller,B  Q90 median skill,-0.243285667054,Other result
lognormal_ridge,Lognormal Ridge,evaluated,0.5,both,DQB-DQ0,-0.00310524681375,3,0.401972947988,TRUE,Not-supported,ROBUSTNESS EVIDENCE LABEL,Lognormal Ridge,Both,A  Q50 median skill,-0.310524681375,Other result
lognormal_ridge,Lognormal Ridge,evaluated,0.5,state_od,DQG-DQ0,-0.00515987974753,1,0.395364841401,TRUE,Not-supported,ROBUSTNESS EVIDENCE LABEL,Lognormal Ridge,State-OD,A  Q50 median skill,-0.515987974753,Other result
lognormal_ridge,Lognormal Ridge,evaluated,0.5,seller,DQS-DQ0,0.00136094074254,3,0.40605668752,TRUE,Not-supported,ROBUSTNESS EVIDENCE LABEL,Lognormal Ridge,Seller,A  Q50 median skill,0.136094074254,Other result
lognormal_ridge,Lognormal Ridge,evaluated,0.9,both,DQB-DQ0,-0.00285088634486,3,0.872894228114,TRUE,Not-supported,ROBUSTNESS EVIDENCE LABEL,Lognormal Ridge,Both,B  Q90 median skill,-0.28508863448599997,Other result
lognormal_ridge,Lognormal Ridge,evaluated,0.9,state_od,DQG-DQ0,0.00197958322708,4,0.87616220197,TRUE,Supported,ROBUSTNESS EVIDENCE LABEL,Lognormal Ridge,State-OD,B  Q90 median skill,0.19795832270799998,Consistent improvement
lognormal_ridge,Lognormal Ridge,evaluated,0.9,seller,DQS-DQ0,-0.00290758792723,2,0.880896826744,TRUE,Not-supported,ROBUSTNESS EVIDENCE LABEL,Lognormal Ridge,Seller,B  Q90 median skill,-0.290758792723,Other result
random_forest_leaf_weighted_quantile,Leaf-weighted Quantile Random Forest,evaluated,0.5,both,DQB-DQ0,0.00714874448574,4,0.434048557388,TRUE,Supported,ROBUSTNESS EVIDENCE LABEL,Quantile Random Forest,Both,A  Q50 median skill,0.714874448574,Consistent improvement
random_forest_leaf_weighted_quantile,Leaf-weighted Quantile Random Forest,evaluated,0.5,state_od,DQG-DQ0,-0.00395175137805,2,0.419681829053,TRUE,Not-supported,ROBUSTNESS EVIDENCE LABEL,Quantile Random Forest,State-OD,A  Q50 median skill,-0.395175137805,Other result
random_forest_leaf_weighted_quantile,Leaf-weighted Quantile Random Forest,evaluated,0.5,seller,DQS-DQ0,0.0154878362616,6,0.436942153061,TRUE,Supported,ROBUSTNESS EVIDENCE LABEL,Quantile Random Forest,Seller,A  Q50 median skill,1.54878362616,Consistent improvement
random_forest_leaf_weighted_quantile,Leaf-weighted Quantile Random Forest,evaluated,0.9,both,DQB-DQ0,0.0482986236869,5,0.830137451213,TRUE,Supported,ROBUSTNESS EVIDENCE LABEL,Quantile Random Forest,Both,B  Q90 median skill,4.82986236869,Consistent improvement
random_forest_leaf_weighted_quantile,Leaf-weighted Quantile Random Forest,evaluated,0.9,state_od,DQG-DQ0,0.0115657390639,4,0.80853588051,FALSE,Not-supported,ROBUSTNESS EVIDENCE LABEL,Quantile Random Forest,State-OD,B  Q90 median skill,1.15657390639,Other result
random_forest_leaf_weighted_quantile,Leaf-weighted Quantile Random Forest,evaluated,0.9,seller,DQS-DQ0,0.0627893466798,6,0.85176746755,TRUE,Supported,ROBUSTNESS EVIDENCE LABEL,Quantile Random Forest,Seller,B  Q90 median skill,6.278934667980001,Consistent improvement
xgboost_quantile,XGBoost Quantile Regression,evaluated,0.5,both,DQB-DQ0,-1.52139854368e-4,2,0.438454522315,TRUE,Not-supported,PROTECTED PRE-EXISTING DIRECT-EXTENSION LABEL,XGBoost Quantile,Both,A  Q50 median skill,-0.015213985436799998,Other result
xgboost_quantile,XGBoost Quantile Regression,evaluated,0.5,state_od,DQG-DQ0,1.90782815425e-5,3,0.43619548617,TRUE,Not-supported,PROTECTED PRE-EXISTING DIRECT-EXTENSION LABEL,XGBoost Quantile,State-OD,A  Q50 median skill,0.00190782815425,Other result
xgboost_quantile,XGBoost Quantile Regression,evaluated,0.5,seller,DQS-DQ0,7.76680377993e-5,4,0.440978703547,TRUE,Not-supported,PROTECTED PRE-EXISTING DIRECT-EXTENSION LABEL,XGBoost Quantile,Seller,A  Q50 median skill,0.00776680377993,Other result
xgboost_quantile,XGBoost Quantile Regression,evaluated,0.9,both,DQB-DQ0,-0.00411813543947,2,0.856943209249,TRUE,Not-supported,PROTECTED PRE-EXISTING DIRECT-EXTENSION LABEL,XGBoost Quantile,Both,B  Q90 median skill,-0.411813543947,Other result
xgboost_quantile,XGBoost Quantile Regression,evaluated,0.9,state_od,DQG-DQ0,-0.00201792974276,2,0.86018295007,TRUE,Not-supported,PROTECTED PRE-EXISTING DIRECT-EXTENSION LABEL,XGBoost Quantile,State-OD,B  Q90 median skill,-0.20179297427600001,Other result
xgboost_quantile,XGBoost Quantile Regression,evaluated,0.9,seller,DQS-DQ0,-0.00466230145562,0,0.855628499915,TRUE,Not-supported,PROTECTED PRE-EXISTING DIRECT-EXTENSION LABEL,XGBoost Quantile,Seller,B  Q90 median skill,-0.466230145562,Other result
