profile_code,candidate_id,base_candidate_id,target,target_kind,period,horizon_days,metric,favourable_direction,selected_90d_value,all_mature_value,all_mature_minus_90d,scheduled_anchor_count,paired_nonmissing_count,favourable_anchor_count,aggregate_median_difference,all_mature_minus_90d_aggregation,aggregate_median_difference_aggregation,practical_equivalence_assessment,source
R1,transit_level|state_od|A|w90|l0|P0|parent=global|kappa=na|min_support=5,transit_level|state_od|A|w90|l0|P0|parent=global|kappa=na,transit_level,continuous,confirmation,7,log_mae,lower_is_favourable,0.480181124924,0.472956987284,0.00164681486019,25,25,12,-0.00722413764071,median_of_paired_anchor_differences,difference_of_separately_aggregated_medians,outside_frozen_tolerances_numeric_only,standalone_summary
R1,transit_level|state_od|A|w90|l0|P0|parent=global|kappa=na|min_support=5,transit_level|state_od|A|w90|l0|P0|parent=global|kappa=na,transit_level,continuous,confirmation,7,top_quintile_lift,higher_is_favourable,2.12957312666,2.12262437696,0.0323549670069,25,25,14,-0.0069487496938,median_of_paired_anchor_differences,difference_of_separately_aggregated_medians,outside_frozen_tolerances_numeric_only,standalone_summary
R1,transit_level|state_od|A|w90|l0|P0|parent=global|kappa=na|min_support=5,transit_level|state_od|A|w90|l0|P0|parent=global|kappa=na,transit_level,continuous,confirmation,7,weighted_spearman,higher_is_favourable,0.896570015033,0.885944749251,0.0156901535736,25,25,13,-0.0106252657824,median_of_paired_anchor_differences,difference_of_separately_aggregated_medians,outside_frozen_tolerances_numeric_only,standalone_summary
R1,transit_level|state_od|A|w90|l0|P0|parent=global|kappa=na|min_support=5,transit_level|state_od|A|w90|l0|P0|parent=global|kappa=na,transit_level,continuous,confirmation,30,log_mae,lower_is_favourable,0.489131629861,0.468144830984,-0.0102579969939,21,21,11,-0.0209867988773,median_of_paired_anchor_differences,difference_of_separately_aggregated_medians,outside_frozen_tolerances_numeric_only,standalone_summary
R1,transit_level|state_od|A|w90|l0|P0|parent=global|kappa=na|min_support=5,transit_level|state_od|A|w90|l0|P0|parent=global|kappa=na,transit_level,continuous,confirmation,30,top_quintile_lift,higher_is_favourable,2.12881925587,2.10229989336,-0.00688601899974,21,21,10,-0.026519362514,median_of_paired_anchor_differences,difference_of_separately_aggregated_medians,outside_frozen_tolerances_numeric_only,standalone_summary
R1,transit_level|state_od|A|w90|l0|P0|parent=global|kappa=na|min_support=5,transit_level|state_od|A|w90|l0|P0|parent=global|kappa=na,transit_level,continuous,confirmation,30,weighted_spearman,higher_is_favourable,0.9146289845,0.924228105311,0.0140518513691,21,21,11,0.00959912081138,median_of_paired_anchor_differences,difference_of_separately_aggregated_medians,outside_frozen_tolerances_numeric_only,standalone_summary
R1,transit_level|state_od|A|w90|l0|P0|parent=global|kappa=na|min_support=5,transit_level|state_od|A|w90|l0|P0|parent=global|kappa=na,transit_level,continuous,development,7,log_mae,lower_is_favourable,0.399603623173,0.398433330155,9.1562259344e-05,39,39,19,-0.001170293018,median_of_paired_anchor_differences,difference_of_separately_aggregated_medians,within_frozen_tolerances_descriptive_only,standalone_summary
R1,transit_level|state_od|A|w90|l0|P0|parent=global|kappa=na|min_support=5,transit_level|state_od|A|w90|l0|P0|parent=global|kappa=na,transit_level,continuous,development,7,top_quintile_lift,higher_is_favourable,1.78980103988,1.84261916047,0.0341703685581,39,39,25,0.0528181205849,median_of_paired_anchor_differences,difference_of_separately_aggregated_medians,within_frozen_tolerances_descriptive_only,standalone_summary
R1,transit_level|state_od|A|w90|l0|P0|parent=global|kappa=na|min_support=5,transit_level|state_od|A|w90|l0|P0|parent=global|kappa=na,transit_level,continuous,development,7,weighted_spearman,higher_is_favourable,0.866470754732,0.865794791276,0.0012951986292,39,39,22,-0.000675963455803,median_of_paired_anchor_differences,difference_of_separately_aggregated_medians,within_frozen_tolerances_descriptive_only,standalone_summary
R1,transit_level|state_od|A|w90|l0|P0|parent=global|kappa=na|min_support=5,transit_level|state_od|A|w90|l0|P0|parent=global|kappa=na,transit_level,continuous,development,30,log_mae,lower_is_favourable,0.398634734945,0.398096581531,-0.00187603440103,36,36,25,-0.000538153413737,median_of_paired_anchor_differences,difference_of_separately_aggregated_medians,within_frozen_tolerances_descriptive_only,standalone_summary
R1,transit_level|state_od|A|w90|l0|P0|parent=global|kappa=na|min_support=5,transit_level|state_od|A|w90|l0|P0|parent=global|kappa=na,transit_level,continuous,development,30,top_quintile_lift,higher_is_favourable,1.80999477955,1.85500779215,0.0355393538953,36,36,28,0.0450130125995,median_of_paired_anchor_differences,difference_of_separately_aggregated_medians,within_frozen_tolerances_descriptive_only,standalone_summary
R1,transit_level|state_od|A|w90|l0|P0|parent=global|kappa=na|min_support=5,transit_level|state_od|A|w90|l0|P0|parent=global|kappa=na,transit_level,continuous,development,30,weighted_spearman,higher_is_favourable,0.883992482437,0.900727709527,0.007791592488,36,36,28,0.0167352270893,median_of_paired_anchor_differences,difference_of_separately_aggregated_medians,within_frozen_tolerances_descriptive_only,standalone_summary
R2,transit_tail|state_od|A|w90|l0|P1|parent=global|kappa=10|min_support=5,transit_tail|state_od|A|w90|l0|P1|parent=global|kappa=10,transit_tail,binary,confirmation,7,brier,lower_is_favourable,0.142994598388,0.151546412133,0.00445999382076,25,25,11,0.00855181374515,median_of_paired_anchor_differences,difference_of_separately_aggregated_medians,outside_frozen_tolerances_numeric_only,standalone_summary
R2,transit_tail|state_od|A|w90|l0|P1|parent=global|kappa=10|min_support=5,transit_tail|state_od|A|w90|l0|P1|parent=global|kappa=10,transit_tail,binary,confirmation,7,log_loss,lower_is_favourable,0.437652169955,0.457424996268,0.0164448239991,25,25,11,0.0197728263132,median_of_paired_anchor_differences,difference_of_separately_aggregated_medians,outside_frozen_tolerances_numeric_only,standalone_summary
R2,transit_tail|state_od|A|w90|l0|P1|parent=global|kappa=10|min_support=5,transit_tail|state_od|A|w90|l0|P1|parent=global|kappa=10,transit_tail,binary,confirmation,7,top_quintile_lift,higher_is_favourable,2.15278501233,2.71216783217,0.561555193923,25,25,23,0.55938281984,median_of_paired_anchor_differences,difference_of_separately_aggregated_medians,outside_frozen_tolerances_numeric_only,standalone_summary
R2,transit_tail|state_od|A|w90|l0|P1|parent=global|kappa=10|min_support=5,transit_tail|state_od|A|w90|l0|P1|parent=global|kappa=10,transit_tail,binary,confirmation,7,weighted_spearman,higher_is_favourable,0.674962422168,0.714355831542,0.0170470077392,25,25,18,0.0393934093738,median_of_paired_anchor_differences,difference_of_separately_aggregated_medians,outside_frozen_tolerances_numeric_only,standalone_summary
R2,transit_tail|state_od|A|w90|l0|P1|parent=global|kappa=10|min_support=5,transit_tail|state_od|A|w90|l0|P1|parent=global|kappa=10,transit_tail,binary,confirmation,30,brier,lower_is_favourable,0.145401491842,0.139473661117,-0.000146672955564,21,21,11,-0.00592783072514,median_of_paired_anchor_differences,difference_of_separately_aggregated_medians,outside_frozen_tolerances_numeric_only,standalone_summary
R2,transit_tail|state_od|A|w90|l0|P1|parent=global|kappa=10|min_support=5,transit_tail|state_od|A|w90|l0|P1|parent=global|kappa=10,transit_tail,binary,confirmation,30,log_loss,lower_is_favourable,0.441542265084,0.431286095162,-0.00218433943279,21,21,11,-0.0102561699228,median_of_paired_anchor_differences,difference_of_separately_aggregated_medians,outside_frozen_tolerances_numeric_only,standalone_summary
R2,transit_tail|state_od|A|w90|l0|P1|parent=global|kappa=10|min_support=5,transit_tail|state_od|A|w90|l0|P1|parent=global|kappa=10,transit_tail,binary,confirmation,30,top_quintile_lift,higher_is_favourable,2.01530508198,2.93600283517,0.80424786876,21,21,21,0.920697753189,median_of_paired_anchor_differences,difference_of_separately_aggregated_medians,outside_frozen_tolerances_numeric_only,standalone_summary
R2,transit_tail|state_od|A|w90|l0|P1|parent=global|kappa=10|min_support=5,transit_tail|state_od|A|w90|l0|P1|parent=global|kappa=10,transit_tail,binary,confirmation,30,weighted_spearman,higher_is_favourable,0.81463496407,0.836765949258,0.0308001843111,21,21,17,0.0221309851882,median_of_paired_anchor_differences,difference_of_separately_aggregated_medians,outside_frozen_tolerances_numeric_only,standalone_summary
R2,transit_tail|state_od|A|w90|l0|P1|parent=global|kappa=10|min_support=5,transit_tail|state_od|A|w90|l0|P1|parent=global|kappa=10,transit_tail,binary,development,7,brier,lower_is_favourable,0.097672929653,0.0972407670503,-0.00100124466414,39,39,32,-0.000432162602715,median_of_paired_anchor_differences,difference_of_separately_aggregated_medians,outside_frozen_tolerances_numeric_only,standalone_summary
R2,transit_tail|state_od|A|w90|l0|P1|parent=global|kappa=10|min_support=5,transit_tail|state_od|A|w90|l0|P1|parent=global|kappa=10,transit_tail,binary,development,7,log_loss,lower_is_favourable,0.328356404911,0.324800960636,-0.00355544427498,39,39,33,-0.00355544427498,median_of_paired_anchor_differences,difference_of_separately_aggregated_medians,outside_frozen_tolerances_numeric_only,standalone_summary
R2,transit_tail|state_od|A|w90|l0|P1|parent=global|kappa=10|min_support=5,transit_tail|state_od|A|w90|l0|P1|parent=global|kappa=10,transit_tail,binary,development,7,top_quintile_lift,higher_is_favourable,3.31408227848,3.39100405767,0,39,39,19,0.0769217791897,median_of_paired_anchor_differences,difference_of_separately_aggregated_medians,outside_frozen_tolerances_numeric_only,standalone_summary
R2,transit_tail|state_od|A|w90|l0|P1|parent=global|kappa=10|min_support=5,transit_tail|state_od|A|w90|l0|P1|parent=global|kappa=10,transit_tail,binary,development,7,weighted_spearman,higher_is_favourable,0.396483558218,0.416385671646,0.00852371700066,39,39,27,0.0199021134277,median_of_paired_anchor_differences,difference_of_separately_aggregated_medians,outside_frozen_tolerances_numeric_only,standalone_summary
R2,transit_tail|state_od|A|w90|l0|P1|parent=global|kappa=10|min_support=5,transit_tail|state_od|A|w90|l0|P1|parent=global|kappa=10,transit_tail,binary,development,30,brier,lower_is_favourable,0.098283553318,0.0971348789745,-0.00161111838662,36,36,33,-0.00114867434346,median_of_paired_anchor_differences,difference_of_separately_aggregated_medians,outside_frozen_tolerances_numeric_only,standalone_summary
R2,transit_tail|state_od|A|w90|l0|P1|parent=global|kappa=10|min_support=5,transit_tail|state_od|A|w90|l0|P1|parent=global|kappa=10,transit_tail,binary,development,30,log_loss,lower_is_favourable,0.327555665777,0.322731724003,-0.00572001879224,36,36,36,-0.00482394177453,median_of_paired_anchor_differences,difference_of_separately_aggregated_medians,outside_frozen_tolerances_numeric_only,standalone_summary
R2,transit_tail|state_od|A|w90|l0|P1|parent=global|kappa=10|min_support=5,transit_tail|state_od|A|w90|l0|P1|parent=global|kappa=10,transit_tail,binary,development,30,top_quintile_lift,higher_is_favourable,3.22721861358,3.17909602715,0.03301375186,36,36,25,-0.0481225864331,median_of_paired_anchor_differences,difference_of_separately_aggregated_medians,outside_frozen_tolerances_numeric_only,standalone_summary
R2,transit_tail|state_od|A|w90|l0|P1|parent=global|kappa=10|min_support=5,transit_tail|state_od|A|w90|l0|P1|parent=global|kappa=10,transit_tail,binary,development,30,weighted_spearman,higher_is_favourable,0.622696799338,0.693752327516,0.0187956559142,36,36,31,0.0710555281777,median_of_paired_anchor_differences,difference_of_separately_aggregated_medians,outside_frozen_tolerances_numeric_only,standalone_summary
S1,handling_level|seller_id|C|w90|l14|P1|parent=global|kappa=na|min_support=5,handling_level|seller_id|C|w90|l14|P1|parent=global|kappa=na,handling_level,continuous,confirmation,7,log_mae,lower_is_favourable,0.427348771369,0.432005766727,0.00536936451751,25,25,5,0.00465699535818,median_of_paired_anchor_differences,difference_of_separately_aggregated_medians,outside_frozen_tolerances_numeric_only,standalone_summary
S1,handling_level|seller_id|C|w90|l14|P1|parent=global|kappa=na|min_support=5,handling_level|seller_id|C|w90|l14|P1|parent=global|kappa=na,handling_level,continuous,confirmation,7,top_quintile_lift,higher_is_favourable,1.78838110282,1.79124604899,-0.0126783473615,25,25,9,0.00286494617358,median_of_paired_anchor_differences,difference_of_separately_aggregated_medians,outside_frozen_tolerances_numeric_only,standalone_summary
S1,handling_level|seller_id|C|w90|l14|P1|parent=global|kappa=na|min_support=5,handling_level|seller_id|C|w90|l14|P1|parent=global|kappa=na,handling_level,continuous,confirmation,7,weighted_spearman,higher_is_favourable,0.513591595361,0.491660452897,-0.00375077505994,25,25,11,-0.021931142464,median_of_paired_anchor_differences,difference_of_separately_aggregated_medians,outside_frozen_tolerances_numeric_only,standalone_summary
S1,handling_level|seller_id|C|w90|l14|P1|parent=global|kappa=na|min_support=5,handling_level|seller_id|C|w90|l14|P1|parent=global|kappa=na,handling_level,continuous,confirmation,30,log_mae,lower_is_favourable,0.420268428485,0.420634543083,0.00148093179684,21,21,5,0.000366114597649,median_of_paired_anchor_differences,difference_of_separately_aggregated_medians,within_frozen_tolerances_descriptive_only,standalone_summary
S1,handling_level|seller_id|C|w90|l14|P1|parent=global|kappa=na|min_support=5,handling_level|seller_id|C|w90|l14|P1|parent=global|kappa=na,handling_level,continuous,confirmation,30,top_quintile_lift,higher_is_favourable,1.68288822345,1.69234287068,-0.00679769771859,21,21,9,0.00945464722654,median_of_paired_anchor_differences,difference_of_separately_aggregated_medians,within_frozen_tolerances_descriptive_only,standalone_summary
S1,handling_level|seller_id|C|w90|l14|P1|parent=global|kappa=na|min_support=5,handling_level|seller_id|C|w90|l14|P1|parent=global|kappa=na,handling_level,continuous,confirmation,30,weighted_spearman,higher_is_favourable,0.570480123568,0.569724721108,0.000898947957396,21,21,12,-0.000755402460199,median_of_paired_anchor_differences,difference_of_separately_aggregated_medians,within_frozen_tolerances_descriptive_only,standalone_summary
S1,handling_level|seller_id|C|w90|l14|P1|parent=global|kappa=na|min_support=5,handling_level|seller_id|C|w90|l14|P1|parent=global|kappa=na,handling_level,continuous,development,7,log_mae,lower_is_favourable,0.432803250789,0.43546329339,0.00313027889685,39,39,7,0.0026600426014,median_of_paired_anchor_differences,difference_of_separately_aggregated_medians,within_frozen_tolerances_descriptive_only,standalone_summary
S1,handling_level|seller_id|C|w90|l14|P1|parent=global|kappa=na|min_support=5,handling_level|seller_id|C|w90|l14|P1|parent=global|kappa=na,handling_level,continuous,development,7,top_quintile_lift,higher_is_favourable,1.69774327939,1.66449345318,-0.00879792644668,39,39,12,-0.0332498262111,median_of_paired_anchor_differences,difference_of_separately_aggregated_medians,within_frozen_tolerances_descriptive_only,standalone_summary
S1,handling_level|seller_id|C|w90|l14|P1|parent=global|kappa=na|min_support=5,handling_level|seller_id|C|w90|l14|P1|parent=global|kappa=na,handling_level,continuous,development,7,weighted_spearman,higher_is_favourable,0.5390182103,0.52439765263,-0.009040812149,39,39,10,-0.0146205576706,median_of_paired_anchor_differences,difference_of_separately_aggregated_medians,within_frozen_tolerances_descriptive_only,standalone_summary
S1,handling_level|seller_id|C|w90|l14|P1|parent=global|kappa=na|min_support=5,handling_level|seller_id|C|w90|l14|P1|parent=global|kappa=na,handling_level,continuous,development,30,log_mae,lower_is_favourable,0.42565095529,0.427351520712,0.00366450328484,36,36,2,0.00170056542241,median_of_paired_anchor_differences,difference_of_separately_aggregated_medians,within_frozen_tolerances_descriptive_only,standalone_summary
S1,handling_level|seller_id|C|w90|l14|P1|parent=global|kappa=na|min_support=5,handling_level|seller_id|C|w90|l14|P1|parent=global|kappa=na,handling_level,continuous,development,30,top_quintile_lift,higher_is_favourable,1.6269960285,1.58472258536,-0.0180571951491,36,36,10,-0.0422734431388,median_of_paired_anchor_differences,difference_of_separately_aggregated_medians,within_frozen_tolerances_descriptive_only,standalone_summary
S1,handling_level|seller_id|C|w90|l14|P1|parent=global|kappa=na|min_support=5,handling_level|seller_id|C|w90|l14|P1|parent=global|kappa=na,handling_level,continuous,development,30,weighted_spearman,higher_is_favourable,0.594317217635,0.592977921012,-0.0129684477757,36,36,6,-0.00133929662211,median_of_paired_anchor_differences,difference_of_separately_aggregated_medians,within_frozen_tolerances_descriptive_only,standalone_summary
S2,handling_tail|seller_id|A|w90|l0|P1|parent=global|kappa=10|min_support=5,handling_tail|seller_id|A|w90|l0|P1|parent=global|kappa=10,handling_tail,binary,confirmation,7,brier,lower_is_favourable,0.0372395687033,0.0374395896998,0.0011102349674,25,25,7,0.000200020996488,median_of_paired_anchor_differences,difference_of_separately_aggregated_medians,within_frozen_tolerances_descriptive_only,standalone_summary
S2,handling_tail|seller_id|A|w90|l0|P1|parent=global|kappa=10|min_support=5,handling_tail|seller_id|A|w90|l0|P1|parent=global|kappa=10,handling_tail,binary,confirmation,7,log_loss,lower_is_favourable,0.147081031996,0.146945453599,0.000726897135575,25,25,12,-0.000135578396793,median_of_paired_anchor_differences,difference_of_separately_aggregated_medians,within_frozen_tolerances_descriptive_only,standalone_summary
S2,handling_tail|seller_id|A|w90|l0|P1|parent=global|kappa=10|min_support=5,handling_tail|seller_id|A|w90|l0|P1|parent=global|kappa=10,handling_tail,binary,confirmation,7,top_quintile_lift,higher_is_favourable,3.55020357463,3.74512227896,-0.00467829792366,25,25,12,0.194918704325,median_of_paired_anchor_differences,difference_of_separately_aggregated_medians,within_frozen_tolerances_descriptive_only,standalone_summary
S2,handling_tail|seller_id|A|w90|l0|P1|parent=global|kappa=10|min_support=5,handling_tail|seller_id|A|w90|l0|P1|parent=global|kappa=10,handling_tail,binary,confirmation,7,weighted_spearman,higher_is_favourable,0.337118863502,0.364096993101,0.0130777659348,25,25,16,0.0269781295991,median_of_paired_anchor_differences,difference_of_separately_aggregated_medians,within_frozen_tolerances_descriptive_only,standalone_summary
S2,handling_tail|seller_id|A|w90|l0|P1|parent=global|kappa=10|min_support=5,handling_tail|seller_id|A|w90|l0|P1|parent=global|kappa=10,handling_tail,binary,confirmation,30,brier,lower_is_favourable,0.0399032129564,0.0395533920453,0.000493814834617,21,21,5,-0.000349820911107,median_of_paired_anchor_differences,difference_of_separately_aggregated_medians,outside_frozen_tolerances_numeric_only,standalone_summary
S2,handling_tail|seller_id|A|w90|l0|P1|parent=global|kappa=10|min_support=5,handling_tail|seller_id|A|w90|l0|P1|parent=global|kappa=10,handling_tail,binary,confirmation,30,log_loss,lower_is_favourable,0.157242933618,0.153489222173,0.000111272462174,21,21,10,-0.00375371144536,median_of_paired_anchor_differences,difference_of_separately_aggregated_medians,outside_frozen_tolerances_numeric_only,standalone_summary
S2,handling_tail|seller_id|A|w90|l0|P1|parent=global|kappa=10|min_support=5,handling_tail|seller_id|A|w90|l0|P1|parent=global|kappa=10,handling_tail,binary,confirmation,30,top_quintile_lift,higher_is_favourable,3.49629591814,3.68523150401,0.159863723021,21,21,16,0.188935585876,median_of_paired_anchor_differences,difference_of_separately_aggregated_medians,outside_frozen_tolerances_numeric_only,standalone_summary
S2,handling_tail|seller_id|A|w90|l0|P1|parent=global|kappa=10|min_support=5,handling_tail|seller_id|A|w90|l0|P1|parent=global|kappa=10,handling_tail,binary,confirmation,30,weighted_spearman,higher_is_favourable,0.309244114475,0.349067914618,0.0510534514949,21,21,18,0.0398238001429,median_of_paired_anchor_differences,difference_of_separately_aggregated_medians,outside_frozen_tolerances_numeric_only,standalone_summary
S2,handling_tail|seller_id|A|w90|l0|P1|parent=global|kappa=10|min_support=5,handling_tail|seller_id|A|w90|l0|P1|parent=global|kappa=10,handling_tail,binary,development,7,brier,lower_is_favourable,0.0519664950684,0.0510080888397,7.48110624466e-05,39,39,19,-0.000958406228714,median_of_paired_anchor_differences,difference_of_separately_aggregated_medians,outside_frozen_tolerances_numeric_only,standalone_summary
S2,handling_tail|seller_id|A|w90|l0|P1|parent=global|kappa=10|min_support=5,handling_tail|seller_id|A|w90|l0|P1|parent=global|kappa=10,handling_tail,binary,development,7,log_loss,lower_is_favourable,0.192843587299,0.198216187442,0.000868465379635,39,39,16,0.00537260014314,median_of_paired_anchor_differences,difference_of_separately_aggregated_medians,outside_frozen_tolerances_numeric_only,standalone_summary
S2,handling_tail|seller_id|A|w90|l0|P1|parent=global|kappa=10|min_support=5,handling_tail|seller_id|A|w90|l0|P1|parent=global|kappa=10,handling_tail,binary,development,7,top_quintile_lift,higher_is_favourable,3.04666666667,3.00602623183,0.0609325761555,39,39,23,-0.040640434834,median_of_paired_anchor_differences,difference_of_separately_aggregated_medians,outside_frozen_tolerances_numeric_only,standalone_summary
S2,handling_tail|seller_id|A|w90|l0|P1|parent=global|kappa=10|min_support=5,handling_tail|seller_id|A|w90|l0|P1|parent=global|kappa=10,handling_tail,binary,development,7,weighted_spearman,higher_is_favourable,0.294375812278,0.299494731536,0.000597608787166,39,39,20,0.00511891925774,median_of_paired_anchor_differences,difference_of_separately_aggregated_medians,outside_frozen_tolerances_numeric_only,standalone_summary
S2,handling_tail|seller_id|A|w90|l0|P1|parent=global|kappa=10|min_support=5,handling_tail|seller_id|A|w90|l0|P1|parent=global|kappa=10,handling_tail,binary,development,30,brier,lower_is_favourable,0.0503534312706,0.0506265735594,0.00026152607721,36,36,14,0.000273142288813,median_of_paired_anchor_differences,difference_of_separately_aggregated_medians,within_frozen_tolerances_descriptive_only,standalone_summary
S2,handling_tail|seller_id|A|w90|l0|P1|parent=global|kappa=10|min_support=5,handling_tail|seller_id|A|w90|l0|P1|parent=global|kappa=10,handling_tail,binary,development,30,log_loss,lower_is_favourable,0.191397491556,0.192067542821,0.000658587227227,36,36,15,0.000670051265512,median_of_paired_anchor_differences,difference_of_separately_aggregated_medians,within_frozen_tolerances_descriptive_only,standalone_summary
S2,handling_tail|seller_id|A|w90|l0|P1|parent=global|kappa=10|min_support=5,handling_tail|seller_id|A|w90|l0|P1|parent=global|kappa=10,handling_tail,binary,development,30,top_quintile_lift,higher_is_favourable,2.91327212192,2.78629153214,-0.105918241908,36,36,9,-0.126980589782,median_of_paired_anchor_differences,difference_of_separately_aggregated_medians,within_frozen_tolerances_descriptive_only,standalone_summary
S2,handling_tail|seller_id|A|w90|l0|P1|parent=global|kappa=10|min_support=5,handling_tail|seller_id|A|w90|l0|P1|parent=global|kappa=10,handling_tail,binary,development,30,weighted_spearman,higher_is_favourable,0.33200344938,0.341147445242,0.00943985314209,36,36,20,0.00914399586142,median_of_paired_anchor_differences,difference_of_separately_aggregated_medians,within_frozen_tolerances_descriptive_only,standalone_summary
