variant,model_id,outcome,contrast,contrast_id,contrast_family,high_setting,low_setting,estimate,standard_error,ci_lower,ci_upper,ci_method,continuous_variable,low_value,high_value,reference_value,error_group,reference_error_group,standardization_population,n_standardization,support_rule,support_lower,support_upper,support_n,available,blocker
primary,A,low_review_2,model_a_full_sample_p75_minus_p25,model_a_full_sample_p75_minus_p25,absolute_speed,"{""actual_delivery_days"": 16.0}","{""actual_delivery_days"": 7.0}",0.0585253818591,0.0016480156367,0.0552953305652,0.0617554331529,HC1 delta-Wald,actual_delivery_days,7,16,,,,primary,95824,full-sample empirical p25/p75,3,29,95824,True,
primary,B,low_review_2,error_group_rd::very early: <= -14 days,error_group_rd::very early: <= -14 days,error_group_vs_on_date,"{""actual_delivery_days"": 9.0, ""promise_error_group_label"": ""very early: <= -14 days""}","{""actual_delivery_days"": 9.0, ""promise_error_group_label"": ""on promised date""}",-0.00195365742967,0.00730536300615,-0.0162719058157,0.0123645909564,HC1 delta-Wald,actual_delivery_days,9,9,9,very early: <= -14 days,on promised date,primary,95824,intersection of group-specific p05-p95; pooled median inside intersection,5,19,36216,True,
primary,B,low_review_2,error_group_rd::early: -13 to -7 days,error_group_rd::early: -13 to -7 days,error_group_vs_on_date,"{""actual_delivery_days"": 11.0, ""promise_error_group_label"": ""early: -13 to -7 days""}","{""actual_delivery_days"": 11.0, ""promise_error_group_label"": ""on promised date""}",-0.00594683489584,0.00770312593369,-0.0210446842942,0.00915101450257,HC1 delta-Wald,actual_delivery_days,11,11,11,early: -13 to -7 days,on promised date,primary,95824,intersection of group-specific p05-p95; pooled median inside intersection,5,22,27713,True,
primary,B,low_review_2,error_group_rd::slightly early: -6 to -1 days,error_group_rd::slightly early: -6 to -1 days,error_group_vs_on_date,"{""actual_delivery_days"": 15.0, ""promise_error_group_label"": ""slightly early: -6 to -1 days""}","{""actual_delivery_days"": 15.0, ""promise_error_group_label"": ""on promised date""}",-0.000623156239567,0.00876554543371,-0.0178033095945,0.0165569971153,HC1 delta-Wald,actual_delivery_days,15,15,15,slightly early: -6 to -1 days,on promised date,primary,95824,intersection of group-specific p05-p95; pooled median inside intersection,5,28,11273,True,
primary,B,low_review_2,error_group_rd::on promised date,error_group_rd::on promised date,error_group_vs_on_date,"{""actual_delivery_days"": 20.0, ""promise_error_group_label"": ""on promised date""}","{""actual_delivery_days"": 20.0, ""promise_error_group_label"": ""on promised date""}",0,0,0,0,HC1 delta-Wald,actual_delivery_days,20,20,20,on promised date,on promised date,primary,95824,intersection of group-specific p05-p95; pooled median inside intersection,5,33,1178,True,
primary,B,low_review_2,error_group_rd::1 day late,error_group_rd::1 day late,error_group_vs_on_date,"{""actual_delivery_days"": 22.0, ""promise_error_group_label"": ""1 day late""}","{""actual_delivery_days"": 22.0, ""promise_error_group_label"": ""on promised date""}",0.0595161644876,0.0168571727464,0.0264767130235,0.0925556159517,HC1 delta-Wald,actual_delivery_days,22,22,22,1 day late,on promised date,primary,95824,intersection of group-specific p05-p95; pooled median inside intersection,7,33,1816,True,
primary,B,low_review_2,error_group_rd::2-3 days late,error_group_rd::2-3 days late,error_group_vs_on_date,"{""actual_delivery_days"": 23.0, ""promise_error_group_label"": ""2-3 days late""}","{""actual_delivery_days"": 23.0, ""promise_error_group_label"": ""on promised date""}",0.27535751023,0.018443326308,0.239209254911,0.311505765549,HC1 delta-Wald,actual_delivery_days,23,23,23,2-3 days late,on promised date,primary,95824,intersection of group-specific p05-p95; pooled median inside intersection,10,33,1864,True,
primary,B,low_review_2,error_group_rd::4-7 days late,error_group_rd::4-7 days late,error_group_vs_on_date,"{""actual_delivery_days"": 25.0, ""promise_error_group_label"": ""4-7 days late""}","{""actual_delivery_days"": 25.0, ""promise_error_group_label"": ""on promised date""}",0.515754593419,0.0157977431235,0.48479158586,0.546717600978,HC1 delta-Wald,actual_delivery_days,25,25,25,4-7 days late,on promised date,primary,95824,intersection of group-specific p05-p95; pooled median inside intersection,14,33,2115,True,
primary,B,low_review_2,error_group_rd::>=8 days late,error_group_rd::>=8 days late,error_group_vs_on_date,"{""actual_delivery_days"": 30.0, ""promise_error_group_label"": "">=8 days late""}","{""actual_delivery_days"": 30.0, ""promise_error_group_label"": ""on promised date""}",0.609841261952,0.0162936252634,0.577906343258,0.641776180646,HC1 delta-Wald,actual_delivery_days,30,30,30,>=8 days late,on promised date,primary,95824,intersection of group-specific p05-p95; pooled median inside intersection,26,33,800,True,
primary,C,low_review_2,error_group_rd::very early: <= -14 days,error_group_rd::very early: <= -14 days,error_group_vs_on_date,"{""promise_error_group_label"": ""very early: <= -14 days"", ""promised_lead_days"": 26.0}","{""promise_error_group_label"": ""on promised date"", ""promised_lead_days"": 26.0}",-0.0607255135404,0.0107520480874,-0.0817991405517,-0.0396518865292,HC1 delta-Wald,promised_lead_days,26,26,26,very early: <= -14 days,on promised date,primary,95824,intersection of group-specific p05-p95; pooled median inside intersection,19,33,31188,True,
primary,C,low_review_2,error_group_rd::early: -13 to -7 days,error_group_rd::early: -13 to -7 days,error_group_vs_on_date,"{""promise_error_group_label"": ""early: -13 to -7 days"", ""promised_lead_days"": 20.0}","{""promise_error_group_label"": ""on promised date"", ""promised_lead_days"": 20.0}",-0.0375344741086,0.00940339193963,-0.0559647836428,-0.0191041645744,HC1 delta-Wald,promised_lead_days,20,20,20,early: -13 to -7 days,on promised date,primary,95824,intersection of group-specific p05-p95; pooled median inside intersection,12,32,31871,True,
primary,C,low_review_2,error_group_rd::slightly early: -6 to -1 days,error_group_rd::slightly early: -6 to -1 days,error_group_vs_on_date,"{""promise_error_group_label"": ""slightly early: -6 to -1 days"", ""promised_lead_days"": 18.0}","{""promise_error_group_label"": ""on promised date"", ""promised_lead_days"": 18.0}",-0.0135511635132,0.00924852072813,-0.0316779310506,0.00457560402419,HC1 delta-Wald,promised_lead_days,18,18,18,slightly early: -6 to -1 days,on promised date,primary,95824,intersection of group-specific p05-p95; pooled median inside intersection,6,32,12546,True,
primary,C,low_review_2,error_group_rd::on promised date,error_group_rd::on promised date,error_group_vs_on_date,"{""promise_error_group_label"": ""on promised date"", ""promised_lead_days"": 20.0}","{""promise_error_group_label"": ""on promised date"", ""promised_lead_days"": 20.0}",0,0,0,0,HC1 delta-Wald,promised_lead_days,20,20,20,on promised date,on promised date,primary,95824,intersection of group-specific p05-p95; pooled median inside intersection,5,33,1178,True,
primary,C,low_review_2,error_group_rd::1 day late,error_group_rd::1 day late,error_group_vs_on_date,"{""promise_error_group_label"": ""1 day late"", ""promised_lead_days"": 21.0}","{""promise_error_group_label"": ""on promised date"", ""promised_lead_days"": 21.0}",0.0620197372933,0.0164568004254,0.0297650011587,0.0942744734279,HC1 delta-Wald,promised_lead_days,21,21,21,1 day late,on promised date,primary,95824,intersection of group-specific p05-p95; pooled median inside intersection,6,33,1862,True,
primary,C,low_review_2,error_group_rd::2-3 days late,error_group_rd::2-3 days late,error_group_vs_on_date,"{""promise_error_group_label"": ""2-3 days late"", ""promised_lead_days"": 22.0}","{""promise_error_group_label"": ""on promised date"", ""promised_lead_days"": 22.0}",0.286233718979,0.0182794907983,0.250406575359,0.3220608626,HC1 delta-Wald,promised_lead_days,22,22,22,2-3 days late,on promised date,primary,95824,intersection of group-specific p05-p95; pooled median inside intersection,7,33,2003,True,
primary,C,low_review_2,error_group_rd::4-7 days late,error_group_rd::4-7 days late,error_group_vs_on_date,"{""promise_error_group_label"": ""4-7 days late"", ""promised_lead_days"": 22.0}","{""promise_error_group_label"": ""on promised date"", ""promised_lead_days"": 22.0}",0.538376424626,0.0150573345074,0.508864591288,0.567888257963,HC1 delta-Wald,promised_lead_days,22,22,22,4-7 days late,on promised date,primary,95824,intersection of group-specific p05-p95; pooled median inside intersection,8,33,2601,True,
primary,C,low_review_2,error_group_rd::>=8 days late,error_group_rd::>=8 days late,error_group_vs_on_date,"{""promise_error_group_label"": "">=8 days late"", ""promised_lead_days"": 24.0}","{""promise_error_group_label"": ""on promised date"", ""promised_lead_days"": 24.0}",0.644326913391,0.0129593391615,0.618927075371,0.669726751411,HC1 delta-Wald,promised_lead_days,24,24,24,>=8 days late,on promised date,primary,95824,intersection of group-specific p05-p95; pooled median inside intersection,14,33,3293,True,
primary,B,low_review_2,speed,C_speed,absolute_speed,"{""actual_delivery_days"": 25.0, ""promise_error_group_label"": ""on promised date""}","{""actual_delivery_days"": 12.0, ""promise_error_group_label"": ""on promised date""}",0.0458242560963,0.00372288523877,0.0389622771602,0.0536412944915,HC1 coefficient MVN percentile,actual_delivery_days,12,25,,on promised date,on promised date,primary,95824,on-date empirical p25/p75 within on-date p05-p95,5,33,1280,True,
primary,B,low_review_2,late_4_7,C_late_4_7,promise_relative,"{""actual_delivery_days"": 25.0, ""promise_error_group_label"": ""4-7 days late""}","{""actual_delivery_days"": 25.0, ""promise_error_group_label"": ""on promised date""}",0.515754593419,0.0157977431235,0.483586796797,0.546058243796,HC1 coefficient MVN percentile,actual_delivery_days,25,25,25,4-7 days late,on promised date,primary,95824,intersection of group-specific p05-p95; pooled median inside intersection,14,33,2115,True,
primary,B,low_review_2,late_8_plus,C_late_8_plus,promise_relative,"{""actual_delivery_days"": 30.0, ""promise_error_group_label"": "">=8 days late""}","{""actual_delivery_days"": 30.0, ""promise_error_group_label"": ""on promised date""}",0.609841261952,0.0162936252634,0.576343079546,0.639878343832,HC1 coefficient MVN percentile,actual_delivery_days,30,30,30,>=8 days late,on promised date,primary,95824,intersection of group-specific p05-p95; pooled median inside intersection,26,33,800,True,
primary,B,low_review_2,difference,C_difference_4_7_minus_speed,difference_of_contrasts,,,0.469930337323,0.0181688625734,0.432389572981,0.504535014919,HC1 coefficient MVN percentile,actual_delivery_days,,,,,on promised date,primary,95824,inherits component contrast support,,,,True,
primary,B,low_review_2,C_difference_8_plus_minus_speed,C_difference_8_plus_minus_speed,difference_of_contrasts,,,0.564017005855,0.0189334504575,0.525083800973,0.598874365181,HC1 coefficient MVN percentile,actual_delivery_days,,,,,on promised date,primary,95824,inherits component contrast support,,,,True,
low_review_3,B,low_review_3,error_group_rd::very early: <= -14 days,error_group_rd::very early: <= -14 days,error_group_vs_on_date,"{""actual_delivery_days"": 9.0, ""promise_error_group_label"": ""very early: <= -14 days""}","{""actual_delivery_days"": 9.0, ""promise_error_group_label"": ""on promised date""}",-0.0387205713929,0.0105920789365,-0.0594806646298,-0.017960478156,HC1 delta-Wald,actual_delivery_days,9,9,9,very early: <= -14 days,on promised date,low_review_3,95824,intersection of group-specific p05-p95; pooled median inside intersection,5,19,36216,True,
low_review_3,B,low_review_3,error_group_rd::early: -13 to -7 days,error_group_rd::early: -13 to -7 days,error_group_vs_on_date,"{""actual_delivery_days"": 11.0, ""promise_error_group_label"": ""early: -13 to -7 days""}","{""actual_delivery_days"": 11.0, ""promise_error_group_label"": ""on promised date""}",-0.0392616581732,0.0110172809774,-0.0608551320964,-0.0176681842499,HC1 delta-Wald,actual_delivery_days,11,11,11,early: -13 to -7 days,on promised date,low_review_3,95824,intersection of group-specific p05-p95; pooled median inside intersection,5,22,27713,True,
low_review_3,B,low_review_3,error_group_rd::slightly early: -6 to -1 days,error_group_rd::slightly early: -6 to -1 days,error_group_vs_on_date,"{""actual_delivery_days"": 15.0, ""promise_error_group_label"": ""slightly early: -6 to -1 days""}","{""actual_delivery_days"": 15.0, ""promise_error_group_label"": ""on promised date""}",-0.0187316288092,0.0121615524198,-0.0425678335481,0.00510457592974,HC1 delta-Wald,actual_delivery_days,15,15,15,slightly early: -6 to -1 days,on promised date,low_review_3,95824,intersection of group-specific p05-p95; pooled median inside intersection,5,28,11273,True,
low_review_3,B,low_review_3,error_group_rd::on promised date,error_group_rd::on promised date,error_group_vs_on_date,"{""actual_delivery_days"": 20.0, ""promise_error_group_label"": ""on promised date""}","{""actual_delivery_days"": 20.0, ""promise_error_group_label"": ""on promised date""}",0,0,0,0,HC1 delta-Wald,actual_delivery_days,20,20,20,on promised date,on promised date,low_review_3,95824,intersection of group-specific p05-p95; pooled median inside intersection,5,33,1178,True,
low_review_3,B,low_review_3,error_group_rd::1 day late,error_group_rd::1 day late,error_group_vs_on_date,"{""actual_delivery_days"": 22.0, ""promise_error_group_label"": ""1 day late""}","{""actual_delivery_days"": 22.0, ""promise_error_group_label"": ""on promised date""}",0.0619029003385,0.0210866255509,0.0205738737033,0.103231926974,HC1 delta-Wald,actual_delivery_days,22,22,22,1 day late,on promised date,low_review_3,95824,intersection of group-specific p05-p95; pooled median inside intersection,7,33,1816,True,
low_review_3,B,low_review_3,error_group_rd::2-3 days late,error_group_rd::2-3 days late,error_group_vs_on_date,"{""actual_delivery_days"": 23.0, ""promise_error_group_label"": ""2-3 days late""}","{""actual_delivery_days"": 23.0, ""promise_error_group_label"": ""on promised date""}",0.268257642866,0.0205376246031,0.228004638316,0.308510647416,HC1 delta-Wald,actual_delivery_days,23,23,23,2-3 days late,on promised date,low_review_3,95824,intersection of group-specific p05-p95; pooled median inside intersection,10,33,1864,True,
low_review_3,B,low_review_3,error_group_rd::4-7 days late,error_group_rd::4-7 days late,error_group_vs_on_date,"{""actual_delivery_days"": 25.0, ""promise_error_group_label"": ""4-7 days late""}","{""actual_delivery_days"": 25.0, ""promise_error_group_label"": ""on promised date""}",0.45842939916,0.0172289654215,0.424661247443,0.492197550877,HC1 delta-Wald,actual_delivery_days,25,25,25,4-7 days late,on promised date,low_review_3,95824,intersection of group-specific p05-p95; pooled median inside intersection,14,33,2115,True,
low_review_3,B,low_review_3,error_group_rd::>=8 days late,error_group_rd::>=8 days late,error_group_vs_on_date,"{""actual_delivery_days"": 30.0, ""promise_error_group_label"": "">=8 days late""}","{""actual_delivery_days"": 30.0, ""promise_error_group_label"": ""on promised date""}",0.53555432566,0.017208880152,0.501825540348,0.569283110972,HC1 delta-Wald,actual_delivery_days,30,30,30,>=8 days late,on promised date,low_review_3,95824,intersection of group-specific p05-p95; pooled median inside intersection,26,33,800,True,
low_review_3,B,low_review_3,speed,C_speed,absolute_speed,"{""actual_delivery_days"": 25.0, ""promise_error_group_label"": ""on promised date""}","{""actual_delivery_days"": 12.0, ""promise_error_group_label"": ""on promised date""}",0.0893399196111,0.00431241936234,0.0808877329747,0.0977921062475,HC1 delta-Wald,actual_delivery_days,12,25,,on promised date,on promised date,low_review_3,95824,on-date empirical p25/p75 within on-date p05-p95,5,33,1280,True,
low_review_3,B,low_review_3,late_4_7,C_late_4_7,promise_relative,"{""actual_delivery_days"": 25.0, ""promise_error_group_label"": ""4-7 days late""}","{""actual_delivery_days"": 25.0, ""promise_error_group_label"": ""on promised date""}",0.45842939916,0.0172289654215,0.424661247443,0.492197550877,HC1 delta-Wald,actual_delivery_days,25,25,25,4-7 days late,on promised date,low_review_3,95824,intersection of group-specific p05-p95; pooled median inside intersection,14,33,2115,True,
low_review_3,B,low_review_3,late_8_plus,C_late_8_plus,promise_relative,"{""actual_delivery_days"": 30.0, ""promise_error_group_label"": "">=8 days late""}","{""actual_delivery_days"": 30.0, ""promise_error_group_label"": ""on promised date""}",0.53555432566,0.017208880152,0.501825540348,0.569283110972,HC1 delta-Wald,actual_delivery_days,30,30,30,>=8 days late,on promised date,low_review_3,95824,intersection of group-specific p05-p95; pooled median inside intersection,26,33,800,True,
post_delivery_reviews,B,low_review_2,error_group_rd::very early: <= -14 days,error_group_rd::very early: <= -14 days,error_group_vs_on_date,"{""actual_delivery_days"": 9.0, ""promise_error_group_label"": ""very early: <= -14 days""}","{""actual_delivery_days"": 9.0, ""promise_error_group_label"": ""on promised date""}",0.000757880145684,0.00728295108696,-0.0135164416859,0.0150322019773,HC1 delta-Wald,actual_delivery_days,9,9,9,very early: <= -14 days,on promised date,post_delivery_reviews,91171,intersection of group-specific p05-p95; pooled median inside intersection,5,19,36159,True,
post_delivery_reviews,B,low_review_2,error_group_rd::early: -13 to -7 days,error_group_rd::early: -13 to -7 days,error_group_vs_on_date,"{""actual_delivery_days"": 11.0, ""promise_error_group_label"": ""early: -13 to -7 days""}","{""actual_delivery_days"": 11.0, ""promise_error_group_label"": ""on promised date""}",-0.00292125382158,0.00758815118603,-0.0177937568555,0.0119512492123,HC1 delta-Wald,actual_delivery_days,11,11,11,early: -13 to -7 days,on promised date,post_delivery_reviews,91171,intersection of group-specific p05-p95; pooled median inside intersection,5,22,27660,True,
post_delivery_reviews,B,low_review_2,error_group_rd::slightly early: -6 to -1 days,error_group_rd::slightly early: -6 to -1 days,error_group_vs_on_date,"{""actual_delivery_days"": 15.0, ""promise_error_group_label"": ""slightly early: -6 to -1 days""}","{""actual_delivery_days"": 15.0, ""promise_error_group_label"": ""on promised date""}",0.00212215677919,0.0084971889536,-0.0145320275397,0.0187763410981,HC1 delta-Wald,actual_delivery_days,15,15,15,slightly early: -6 to -1 days,on promised date,post_delivery_reviews,91171,intersection of group-specific p05-p95; pooled median inside intersection,5,28,11240,True,
post_delivery_reviews,B,low_review_2,error_group_rd::on promised date,error_group_rd::on promised date,error_group_vs_on_date,"{""actual_delivery_days"": 20.0, ""promise_error_group_label"": ""on promised date""}","{""actual_delivery_days"": 20.0, ""promise_error_group_label"": ""on promised date""}",0,0,0,0,HC1 delta-Wald,actual_delivery_days,20,20,20,on promised date,on promised date,post_delivery_reviews,91171,intersection of group-specific p05-p95; pooled median inside intersection,5,33,1173,True,
post_delivery_reviews,B,low_review_2,error_group_rd::1 day late,error_group_rd::1 day late,error_group_vs_on_date,"{""actual_delivery_days"": 22.0, ""promise_error_group_label"": ""1 day late""}","{""actual_delivery_days"": 22.0, ""promise_error_group_label"": ""on promised date""}",0.0445426448577,0.0163063802672,0.0125827268157,0.0765025628996,HC1 delta-Wald,actual_delivery_days,22,22,22,1 day late,on promised date,post_delivery_reviews,91171,intersection of group-specific p05-p95; pooled median inside intersection,7,33,1792,True,
post_delivery_reviews,B,low_review_2,error_group_rd::2-3 days late,error_group_rd::2-3 days late,error_group_vs_on_date,"{""actual_delivery_days"": 22.0, ""promise_error_group_label"": ""2-3 days late""}","{""actual_delivery_days"": 22.0, ""promise_error_group_label"": ""on promised date""}",0.0426138936599,0.0175627512544,0.0081915337319,0.0770362535878,HC1 delta-Wald,actual_delivery_days,22,22,22,2-3 days late,on promised date,post_delivery_reviews,91171,intersection of group-specific p05-p95; pooled median inside intersection,8,33,1594,True,
post_delivery_reviews,B,low_review_2,error_group_rd::4-7 days late,error_group_rd::4-7 days late,error_group_vs_on_date,"{""actual_delivery_days"": 23.0, ""promise_error_group_label"": ""4-7 days late""}","{""actual_delivery_days"": 23.0, ""promise_error_group_label"": ""on promised date""}",0.0374876027322,0.020821936338,-0.00332264257862,0.0782978480431,HC1 delta-Wald,actual_delivery_days,23,23,23,4-7 days late,on promised date,post_delivery_reviews,91171,intersection of group-specific p05-p95; pooled median inside intersection,12,33,1239,True,
post_delivery_reviews,B,low_review_2,error_group_rd::>=8 days late,error_group_rd::>=8 days late,error_group_vs_on_date,"{""actual_delivery_days"": 25.0, ""promise_error_group_label"": "">=8 days late""}","{""actual_delivery_days"": 25.0, ""promise_error_group_label"": ""on promised date""}",0.0609466849628,0.0433344290477,-0.0239872352613,0.145880605187,HC1 delta-Wald,actual_delivery_days,25,25,25,>=8 days late,on promised date,post_delivery_reviews,91171,intersection of group-specific p05-p95; pooled median inside intersection,21,33,600,True,
post_delivery_reviews,B,low_review_2,speed,C_speed,absolute_speed,"{""actual_delivery_days"": 25.0, ""promise_error_group_label"": ""on promised date""}","{""actual_delivery_days"": 12.0, ""promise_error_group_label"": ""on promised date""}",0.0483510654494,0.00505877695602,0.0384360448097,0.058266086089,HC1 delta-Wald,actual_delivery_days,12,25,,on promised date,on promised date,post_delivery_reviews,91171,on-date empirical p25/p75 within on-date p05-p95,5,33,1272,True,
post_delivery_reviews,B,low_review_2,late_4_7,C_late_4_7,promise_relative,"{""actual_delivery_days"": 23.0, ""promise_error_group_label"": ""4-7 days late""}","{""actual_delivery_days"": 23.0, ""promise_error_group_label"": ""on promised date""}",0.0374876027322,0.020821936338,-0.00332264257862,0.0782978480431,HC1 delta-Wald,actual_delivery_days,23,23,23,4-7 days late,on promised date,post_delivery_reviews,91171,intersection of group-specific p05-p95; pooled median inside intersection,12,33,1239,True,
post_delivery_reviews,B,low_review_2,late_8_plus,C_late_8_plus,promise_relative,"{""actual_delivery_days"": 25.0, ""promise_error_group_label"": "">=8 days late""}","{""actual_delivery_days"": 25.0, ""promise_error_group_label"": ""on promised date""}",0.0609466849628,0.0433344290477,-0.0239872352613,0.145880605187,HC1 delta-Wald,actual_delivery_days,25,25,25,>=8 days late,on promised date,post_delivery_reviews,91171,intersection of group-specific p05-p95; pooled median inside intersection,21,33,600,True,
fixed_duration_bins,B,low_review_2,error_group_rd::very early: <= -14 days,error_group_rd::very early: <= -14 days,error_group_vs_on_date,"{""actual_duration_group"": ""8-14 days"", ""promise_error_group_label"": ""very early: <= -14 days""}","{""actual_duration_group"": ""8-14 days"", ""promise_error_group_label"": ""on promised date""}",-0.00198480054814,0.00764764127661,-0.016973902017,0.0130043009207,HC1 delta-Wald,actual_delivery_days,9,9,9,very early: <= -14 days,on promised date,fixed_duration_bins,95824,intersection of group-specific p05-p95; pooled median inside intersection,5,19,36216,True,
fixed_duration_bins,B,low_review_2,error_group_rd::early: -13 to -7 days,error_group_rd::early: -13 to -7 days,error_group_vs_on_date,"{""actual_duration_group"": ""8-14 days"", ""promise_error_group_label"": ""early: -13 to -7 days""}","{""actual_duration_group"": ""8-14 days"", ""promise_error_group_label"": ""on promised date""}",-0.00570750215524,0.0075672221629,-0.0205389850575,0.00912398074705,HC1 delta-Wald,actual_delivery_days,11,11,11,early: -13 to -7 days,on promised date,fixed_duration_bins,95824,intersection of group-specific p05-p95; pooled median inside intersection,5,22,27713,True,
fixed_duration_bins,B,low_review_2,error_group_rd::slightly early: -6 to -1 days,error_group_rd::slightly early: -6 to -1 days,error_group_vs_on_date,"{""actual_duration_group"": ""15-21 days"", ""promise_error_group_label"": ""slightly early: -6 to -1 days""}","{""actual_duration_group"": ""15-21 days"", ""promise_error_group_label"": ""on promised date""}",-0.000657480794868,0.00919712083041,-0.0186835063839,0.0173685447942,HC1 delta-Wald,actual_delivery_days,15,15,15,slightly early: -6 to -1 days,on promised date,fixed_duration_bins,95824,intersection of group-specific p05-p95; pooled median inside intersection,5,28,11273,True,
fixed_duration_bins,B,low_review_2,error_group_rd::on promised date,error_group_rd::on promised date,error_group_vs_on_date,"{""actual_duration_group"": ""15-21 days"", ""promise_error_group_label"": ""on promised date""}","{""actual_duration_group"": ""15-21 days"", ""promise_error_group_label"": ""on promised date""}",0,0,0,0,HC1 delta-Wald,actual_delivery_days,20,20,20,on promised date,on promised date,fixed_duration_bins,95824,intersection of group-specific p05-p95; pooled median inside intersection,5,33,1178,True,
fixed_duration_bins,B,low_review_2,error_group_rd::1 day late,error_group_rd::1 day late,error_group_vs_on_date,"{""actual_duration_group"": ""22+ days"", ""promise_error_group_label"": ""1 day late""}","{""actual_duration_group"": ""22+ days"", ""promise_error_group_label"": ""on promised date""}",0.0659913673424,0.0188959184356,0.0289560477538,0.103026686931,HC1 delta-Wald,actual_delivery_days,22,22,22,1 day late,on promised date,fixed_duration_bins,95824,intersection of group-specific p05-p95; pooled median inside intersection,7,33,1816,True,
fixed_duration_bins,B,low_review_2,error_group_rd::2-3 days late,error_group_rd::2-3 days late,error_group_vs_on_date,"{""actual_duration_group"": ""22+ days"", ""promise_error_group_label"": ""2-3 days late""}","{""actual_duration_group"": ""22+ days"", ""promise_error_group_label"": ""on promised date""}",0.294659271255,0.0193487388987,0.256736439867,0.332582102642,HC1 delta-Wald,actual_delivery_days,23,23,23,2-3 days late,on promised date,fixed_duration_bins,95824,intersection of group-specific p05-p95; pooled median inside intersection,10,33,1864,True,
fixed_duration_bins,B,low_review_2,error_group_rd::4-7 days late,error_group_rd::4-7 days late,error_group_vs_on_date,"{""actual_duration_group"": ""22+ days"", ""promise_error_group_label"": ""4-7 days late""}","{""actual_duration_group"": ""22+ days"", ""promise_error_group_label"": ""on promised date""}",0.533493532303,0.0157715610753,0.502581840615,0.56440522399,HC1 delta-Wald,actual_delivery_days,25,25,25,4-7 days late,on promised date,fixed_duration_bins,95824,intersection of group-specific p05-p95; pooled median inside intersection,14,33,2115,True,
fixed_duration_bins,B,low_review_2,error_group_rd::>=8 days late,error_group_rd::>=8 days late,error_group_vs_on_date,"{""actual_duration_group"": ""22+ days"", ""promise_error_group_label"": "">=8 days late""}","{""actual_duration_group"": ""22+ days"", ""promise_error_group_label"": ""on promised date""}",0.630465036422,0.0138618146705,0.603296378908,0.657633693937,HC1 delta-Wald,actual_delivery_days,30,30,30,>=8 days late,on promised date,fixed_duration_bins,95824,intersection of group-specific p05-p95; pooled median inside intersection,26,33,800,True,
fixed_duration_bins,B,low_review_2,speed,C_speed,absolute_speed,"{""actual_duration_group"": ""22+ days"", ""promise_error_group_label"": ""on promised date""}","{""actual_duration_group"": ""8-14 days"", ""promise_error_group_label"": ""on promised date""}",0.0632735264671,0.00574300408687,0.0520174452937,0.0745296076404,HC1 delta-Wald,actual_delivery_days,12,25,,on promised date,on promised date,fixed_duration_bins,95824,on-date empirical p25/p75 within on-date p05-p95,5,33,1280,True,
fixed_duration_bins,B,low_review_2,late_4_7,C_late_4_7,promise_relative,"{""actual_duration_group"": ""22+ days"", ""promise_error_group_label"": ""4-7 days late""}","{""actual_duration_group"": ""22+ days"", ""promise_error_group_label"": ""on promised date""}",0.533493532303,0.0157715610753,0.502581840615,0.56440522399,HC1 delta-Wald,actual_delivery_days,25,25,25,4-7 days late,on promised date,fixed_duration_bins,95824,intersection of group-specific p05-p95; pooled median inside intersection,14,33,2115,True,
fixed_duration_bins,B,low_review_2,late_8_plus,C_late_8_plus,promise_relative,"{""actual_duration_group"": ""22+ days"", ""promise_error_group_label"": "">=8 days late""}","{""actual_duration_group"": ""22+ days"", ""promise_error_group_label"": ""on promised date""}",0.630465036422,0.0138618146705,0.603296378908,0.657633693937,HC1 delta-Wald,actual_delivery_days,30,30,30,>=8 days late,on promised date,fixed_duration_bins,95824,intersection of group-specific p05-p95; pooled median inside intersection,26,33,800,True,
