variant,analysis_sample,record_type,model_id,outcome,record_id,term,group,n_orders,estimate,standard_error,ci_lower,ci_upper,p_value,odds_ratio,odds_ratio_ci_lower,odds_ratio_ci_upper,direction_positive,support_rule,support_lower,support_upper,support_n,notes
fixed_duration_bins,fixed_duration_bins,coefficient,B,low_review_2,Intercept,Intercept,,95824,-2.42368457859,0.108368630015,-2.63608319047,-2.2112859667,8.59245318692e-111,0.0885945816364,0.0716413261632,0.109559667802,False,,,,,Fixed pre-specified actual-duration bins replace the spline.
fixed_duration_bins,fixed_duration_bins,coefficient,B,low_review_2,"C(actual_duration_group, Treatment(reference=""0-3 days""))[T.4-7 days]","C(actual_duration_group, Treatment(reference=""0-3 days""))[T.4-7 days]",,95824,0.0874455782095,0.0533500414138,-0.0171185815352,0.192009737954,0.101194287758,1.09138286782,0.983027108859,1.21168231621,True,,,,,Fixed pre-specified actual-duration bins replace the spline.
fixed_duration_bins,fixed_duration_bins,coefficient,B,low_review_2,"C(actual_duration_group, Treatment(reference=""0-3 days""))[T.8-14 days]","C(actual_duration_group, Treatment(reference=""0-3 days""))[T.8-14 days]",,95824,0.233733509886,0.0510719451139,0.133634336842,0.333832682929,4.72697946594e-06,1.26330778831,1.14297479945,1.39630949761,True,,,,,Fixed pre-specified actual-duration bins replace the spline.
fixed_duration_bins,fixed_duration_bins,coefficient,B,low_review_2,"C(actual_duration_group, Treatment(reference=""0-3 days""))[T.15-21 days]","C(actual_duration_group, Treatment(reference=""0-3 days""))[T.15-21 days]",,95824,0.468354661303,0.0539723155352,0.362570866692,0.574138455914,4.03911902965e-18,1.59736382537,1.43701905416,1.77560010997,True,,,,,Fixed pre-specified actual-duration bins replace the spline.
fixed_duration_bins,fixed_duration_bins,coefficient,B,low_review_2,"C(actual_duration_group, Treatment(reference=""0-3 days""))[T.22+ days]","C(actual_duration_group, Treatment(reference=""0-3 days""))[T.22+ days]",,95824,0.828744289894,0.0602124578178,0.710730041151,0.946758538638,4.21581738922e-43,2.29044080405,2.03547669812,2.57734175081,True,,,,,Fixed pre-specified actual-duration bins replace the spline.
fixed_duration_bins,fixed_duration_bins,coefficient,B,low_review_2,"C(promise_error_group_label, Treatment(reference=""on promised date""))[T.very early: <= -14 days]","C(promise_error_group_label, Treatment(reference=""on promised date""))[T.very early: <= -14 days]",,95824,-0.023945988209,0.0914264027872,-0.203138444908,0.15524646849,0.793386621347,0.976338442122,0.816165239682,1.16794578747,False,,,,,Fixed pre-specified actual-duration bins replace the spline.
fixed_duration_bins,fixed_duration_bins,coefficient,B,low_review_2,"C(promise_error_group_label, Treatment(reference=""on promised date""))[T.early: -13 to -7 days]","C(promise_error_group_label, Treatment(reference=""on promised date""))[T.early: -13 to -7 days]",,95824,-0.0701669659951,0.0905585072225,-0.247658378645,0.107324446655,0.438443266204,0.93223815484,0.780626576441,1.11329540086,False,,,,,Fixed pre-specified actual-duration bins replace the spline.
fixed_duration_bins,fixed_duration_bins,coefficient,B,low_review_2,"C(promise_error_group_label, Treatment(reference=""on promised date""))[T.slightly early: -6 to -1 days]","C(promise_error_group_label, Treatment(reference=""on promised date""))[T.slightly early: -6 to -1 days]",,95824,-0.0065379714722,0.0912672348774,-0.1854184648,0.172342521856,0.9428920098,0.993483354562,0.830756568722,1.18808470851,False,,,,,Fixed pre-specified actual-duration bins replace the spline.
fixed_duration_bins,fixed_duration_bins,coefficient,B,low_review_2,"C(promise_error_group_label, Treatment(reference=""on promised date""))[T.1 day late]","C(promise_error_group_label, Treatment(reference=""on promised date""))[T.1 day late]",,95824,0.435623660641,0.122965140338,0.194616414225,0.676630907058,0.000396113333772,1.54592689212,1.21484489988,1.96723874466,True,,,,,Fixed pre-specified actual-duration bins replace the spline.
fixed_duration_bins,fixed_duration_bins,coefficient,B,low_review_2,"C(promise_error_group_label, Treatment(reference=""on promised date""))[T.2-3 days late]","C(promise_error_group_label, Treatment(reference=""on promised date""))[T.2-3 days late]",,95824,1.49464168864,0.106779273963,1.28535815738,1.7039252199,1.61476344641e-44,4.45773900813,3.61596280908,5.49547606372,True,,,,,Fixed pre-specified actual-duration bins replace the spline.
fixed_duration_bins,fixed_duration_bins,coefficient,B,low_review_2,"C(promise_error_group_label, Treatment(reference=""on promised date""))[T.4-7 days late]","C(promise_error_group_label, Treatment(reference=""on promised date""))[T.4-7 days late]",,95824,2.49236502685,0.100254220883,2.29587036462,2.68885968907,1.99353437687e-136,12.0898351204,9.93307765038,14.7148868037,True,,,,,Fixed pre-specified actual-duration bins replace the spline.
fixed_duration_bins,fixed_duration_bins,coefficient,B,low_review_2,"C(promise_error_group_label, Treatment(reference=""on promised date""))[T.>=8 days late]","C(promise_error_group_label, Treatment(reference=""on promised date""))[T.>=8 days late]",,95824,2.99870201704,0.0986411122006,2.80536898973,3.19203504435,5.47227759711e-203,20.0594831509,16.5331753526,24.3379057983,True,,,,,Fixed pre-specified actual-duration bins replace the spline.
fixed_duration_bins,fixed_duration_bins,coefficient,B,low_review_2,"C(purchase_month_adjustment, Treatment(reference=""2018-01""))[T.2017-01]","C(purchase_month_adjustment, Treatment(reference=""2018-01""))[T.2017-01]",,95824,-0.00582260499572,0.126763941654,-0.254275365175,0.242630155184,0.963363922954,0.994194313516,0.775478232943,1.27459713379,False,,,,,Fixed pre-specified actual-duration bins replace the spline.
fixed_duration_bins,fixed_duration_bins,coefficient,B,low_review_2,"C(purchase_month_adjustment, Treatment(reference=""2018-01""))[T.2017-02]","C(purchase_month_adjustment, Treatment(reference=""2018-01""))[T.2017-02]",,95824,-0.109892886086,0.0913534415421,-0.288942341372,0.0691565692003,0.228998789549,0.895930096736,0.749055393664,1.07160397619,False,,,,,Fixed pre-specified actual-duration bins replace the spline.
fixed_duration_bins,fixed_duration_bins,coefficient,B,low_review_2,"C(purchase_month_adjustment, Treatment(reference=""2018-01""))[T.2017-03]","C(purchase_month_adjustment, Treatment(reference=""2018-01""))[T.2017-03]",,95824,-0.151134052409,0.0788161066035,-0.305610782753,0.00334267793592,0.0551677294393,0.85973244173,0.736673289614,1.00334827091,False,,,,,Fixed pre-specified actual-duration bins replace the spline.
fixed_duration_bins,fixed_duration_bins,coefficient,B,low_review_2,"C(purchase_month_adjustment, Treatment(reference=""2018-01""))[T.2017-04]","C(purchase_month_adjustment, Treatment(reference=""2018-01""))[T.2017-04]",,95824,-0.12239292888,0.0779557750427,-0.275183440351,0.0303975825903,0.11640806229,0.884800636467,0.759432799827,1.03086430619,False,,,,,Fixed pre-specified actual-duration bins replace the spline.
fixed_duration_bins,fixed_duration_bins,coefficient,B,low_review_2,"C(purchase_month_adjustment, Treatment(reference=""2018-01""))[T.2017-05]","C(purchase_month_adjustment, Treatment(reference=""2018-01""))[T.2017-05]",,95824,-0.160417390778,0.0707551278121,-0.299094893011,-0.0217398885449,0.0233768328892,0.851788186225,0.741489043968,0.978494719638,False,,,,,Fixed pre-specified actual-duration bins replace the spline.
fixed_duration_bins,fixed_duration_bins,coefficient,B,low_review_2,"C(purchase_month_adjustment, Treatment(reference=""2018-01""))[T.2017-06]","C(purchase_month_adjustment, Treatment(reference=""2018-01""))[T.2017-06]",,95824,-0.106118849315,0.0723576672634,-0.247937271157,0.0356995725263,0.142488306318,0.899317758424,0.78040889589,1.03634445337,False,,,,,Fixed pre-specified actual-duration bins replace the spline.
fixed_duration_bins,fixed_duration_bins,coefficient,B,low_review_2,"C(purchase_month_adjustment, Treatment(reference=""2018-01""))[T.2017-07]","C(purchase_month_adjustment, Treatment(reference=""2018-01""))[T.2017-07]",,95824,-0.176817288788,0.06807033221,-0.310232688335,-0.0434018892402,0.00938866407386,0.837932870268,0.733276311528,0.957526493134,False,,,,,Fixed pre-specified actual-duration bins replace the spline.
fixed_duration_bins,fixed_duration_bins,coefficient,B,low_review_2,"C(purchase_month_adjustment, Treatment(reference=""2018-01""))[T.2017-08]","C(purchase_month_adjustment, Treatment(reference=""2018-01""))[T.2017-08]",,95824,-0.238123970381,0.0680951186531,-0.371587950464,-0.104659990298,0.000470642537041,0.788104983362,0.689638349149,0.900630693707,False,,,,,Fixed pre-specified actual-duration bins replace the spline.
fixed_duration_bins,fixed_duration_bins,coefficient,B,low_review_2,"C(purchase_month_adjustment, Treatment(reference=""2018-01""))[T.2017-09]","C(purchase_month_adjustment, Treatment(reference=""2018-01""))[T.2017-09]",,95824,-0.227121120622,0.0674509279072,-0.359322510044,-0.0949197311999,0.000759341416971,0.796824264595,0.698149154925,0.909445931672,False,,,,,Fixed pre-specified actual-duration bins replace the spline.
fixed_duration_bins,fixed_duration_bins,coefficient,B,low_review_2,"C(purchase_month_adjustment, Treatment(reference=""2018-01""))[T.2017-10]","C(purchase_month_adjustment, Treatment(reference=""2018-01""))[T.2017-10]",,95824,-0.111905265756,0.0638081095091,-0.236966862316,0.013156330803,0.0794685351504,0.894128958119,0.789017433795,1.01324325611,False,,,,,Fixed pre-specified actual-duration bins replace the spline.
fixed_duration_bins,fixed_duration_bins,coefficient,B,low_review_2,"C(purchase_month_adjustment, Treatment(reference=""2018-01""))[T.2017-11]","C(purchase_month_adjustment, Treatment(reference=""2018-01""))[T.2017-11]",,95824,-0.0572460840001,0.0529725637083,-0.161070401037,0.0465782330369,0.27984205432,0.944361648478,0.851232141372,1.04768003905,False,,,,,Fixed pre-specified actual-duration bins replace the spline.
fixed_duration_bins,fixed_duration_bins,coefficient,B,low_review_2,"C(purchase_month_adjustment, Treatment(reference=""2018-01""))[T.2017-12]","C(purchase_month_adjustment, Treatment(reference=""2018-01""))[T.2017-12]",,95824,-0.0422649906684,0.0561788610657,-0.15237353505,0.0678435537129,0.451853186193,0.958615722691,0.85866747843,1.0701978669,False,,,,,Fixed pre-specified actual-duration bins replace the spline.
fixed_duration_bins,fixed_duration_bins,coefficient,B,low_review_2,"C(purchase_month_adjustment, Treatment(reference=""2018-01""))[T.2018-02]","C(purchase_month_adjustment, Treatment(reference=""2018-01""))[T.2018-02]",,95824,0.0380469338491,0.0523419102931,-0.0645413252074,0.140635192906,0.467291907705,1.03877998568,0.937497371188,1.15100467671,True,,,,,Fixed pre-specified actual-duration bins replace the spline.
fixed_duration_bins,fixed_duration_bins,coefficient,B,low_review_2,"C(purchase_month_adjustment, Treatment(reference=""2018-01""))[T.2018-03]","C(purchase_month_adjustment, Treatment(reference=""2018-01""))[T.2018-03]",,95824,0.021449163582,0.0523864162971,-0.0812263256394,0.124124652803,0.682215819616,1.02168085042,0.921984998985,1.13215698875,True,,,,,Fixed pre-specified actual-duration bins replace the spline.
fixed_duration_bins,fixed_duration_bins,coefficient,B,low_review_2,"C(purchase_month_adjustment, Treatment(reference=""2018-01""))[T.2018-04]","C(purchase_month_adjustment, Treatment(reference=""2018-01""))[T.2018-04]",,95824,-0.0593087493966,0.0554527365533,-0.167994115885,0.049376617092,0.28482779912,0.942415753939,0.845358808858,1.05061595617,False,,,,,Fixed pre-specified actual-duration bins replace the spline.
fixed_duration_bins,fixed_duration_bins,coefficient,B,low_review_2,"C(purchase_month_adjustment, Treatment(reference=""2018-01""))[T.2018-05]","C(purchase_month_adjustment, Treatment(reference=""2018-01""))[T.2018-05]",,95824,-0.276571613498,0.0587039270887,-0.391629196343,-0.161514030653,2.4614566059e-06,0.758379306992,0.675954713976,0.850854593336,False,,,,,Fixed pre-specified actual-duration bins replace the spline.
fixed_duration_bins,fixed_duration_bins,coefficient,B,low_review_2,"C(purchase_month_adjustment, Treatment(reference=""2018-01""))[T.2018-06]","C(purchase_month_adjustment, Treatment(reference=""2018-01""))[T.2018-06]",,95824,-0.0217281958821,0.0583811585009,-0.13615316392,0.0926967721554,0.709760158191,0.978506160914,0.872708954727,1.09712900476,False,,,,,Fixed pre-specified actual-duration bins replace the spline.
fixed_duration_bins,fixed_duration_bins,coefficient,B,low_review_2,"C(purchase_month_adjustment, Treatment(reference=""2018-01""))[T.2018-07]","C(purchase_month_adjustment, Treatment(reference=""2018-01""))[T.2018-07]",,95824,-0.152950290776,0.0604462389335,-0.271422742087,-0.0344778394656,0.0113947989376,0.858172379834,0.76229417445,0.966109748958,False,,,,,Fixed pre-specified actual-duration bins replace the spline.
fixed_duration_bins,fixed_duration_bins,coefficient,B,low_review_2,"C(purchase_month_adjustment, Treatment(reference=""2018-01""))[T.2018-08]","C(purchase_month_adjustment, Treatment(reference=""2018-01""))[T.2018-08]",,95824,-0.195899786211,0.0614208582636,-0.316282456307,-0.0755171161147,0.00142535526792,0.822094615767,0.728853551808,0.927263859244,False,,,,,Fixed pre-specified actual-duration bins replace the spline.
fixed_duration_bins,fixed_duration_bins,coefficient,B,low_review_2,"C(purchase_month_adjustment, Treatment(reference=""2018-01""))[T.pooled sparse purchase months (<500 orders each)]","C(purchase_month_adjustment, Treatment(reference=""2018-01""))[T.pooled sparse purchase months (<500 orders each)]",,95824,0.30299418768,0.170846799612,-0.031859386434,0.637847761793,0.076148422493,1.35390659508,0.968642776819,1.89240358992,True,,,,,Fixed pre-specified actual-duration bins replace the spline.
fixed_duration_bins,fixed_duration_bins,wald,B,low_review_2,duration_bin,"C(actual_duration_group, Treatment(reference=""0-3 days""))",,95824,333.333432506,,,,6.95042999032e-71,,,,,,,,,Fixed pre-specified actual-duration bins replace the spline.
fixed_duration_bins,fixed_duration_bins,wald,B,low_review_2,error_group,"C(promise_error_group_label, Treatment(reference=""on promised date""))",,95824,3782.94687965,,,,0,,,,,,,,,Fixed pre-specified actual-duration bins replace the spline.
fixed_duration_bins,fixed_duration_bins,contrast,B,low_review_2,error_group_rd::very early: <= -14 days,error_group_rd::very early: <= -14 days,very early: <= -14 days,95824,-0.00198480054814,0.00764764127661,-0.016973902017,0.0130043009207,,,,,False,intersection of group-specific p05-p95; pooled median inside intersection,5,19,36216,Fixed pre-specified actual-duration bins replace the spline.
fixed_duration_bins,fixed_duration_bins,contrast,B,low_review_2,error_group_rd::early: -13 to -7 days,error_group_rd::early: -13 to -7 days,early: -13 to -7 days,95824,-0.00570750215524,0.0075672221629,-0.0205389850575,0.00912398074705,,,,,False,intersection of group-specific p05-p95; pooled median inside intersection,5,22,27713,Fixed pre-specified actual-duration bins replace the spline.
fixed_duration_bins,fixed_duration_bins,contrast,B,low_review_2,error_group_rd::slightly early: -6 to -1 days,error_group_rd::slightly early: -6 to -1 days,slightly early: -6 to -1 days,95824,-0.000657480794868,0.00919712083041,-0.0186835063839,0.0173685447942,,,,,False,intersection of group-specific p05-p95; pooled median inside intersection,5,28,11273,Fixed pre-specified actual-duration bins replace the spline.
fixed_duration_bins,fixed_duration_bins,contrast,B,low_review_2,error_group_rd::on promised date,error_group_rd::on promised date,on promised date,95824,0,0,0,0,,,,,False,intersection of group-specific p05-p95; pooled median inside intersection,5,33,1178,Fixed pre-specified actual-duration bins replace the spline.
fixed_duration_bins,fixed_duration_bins,contrast,B,low_review_2,error_group_rd::1 day late,error_group_rd::1 day late,1 day late,95824,0.0659913673424,0.0188959184356,0.0289560477538,0.103026686931,,,,,True,intersection of group-specific p05-p95; pooled median inside intersection,7,33,1816,Fixed pre-specified actual-duration bins replace the spline.
fixed_duration_bins,fixed_duration_bins,contrast,B,low_review_2,error_group_rd::2-3 days late,error_group_rd::2-3 days late,2-3 days late,95824,0.294659271255,0.0193487388987,0.256736439867,0.332582102642,,,,,True,intersection of group-specific p05-p95; pooled median inside intersection,10,33,1864,Fixed pre-specified actual-duration bins replace the spline.
fixed_duration_bins,fixed_duration_bins,contrast,B,low_review_2,error_group_rd::4-7 days late,error_group_rd::4-7 days late,4-7 days late,95824,0.533493532303,0.0157715610753,0.502581840615,0.56440522399,,,,,True,intersection of group-specific p05-p95; pooled median inside intersection,14,33,2115,Fixed pre-specified actual-duration bins replace the spline.
fixed_duration_bins,fixed_duration_bins,contrast,B,low_review_2,error_group_rd::>=8 days late,error_group_rd::>=8 days late,>=8 days late,95824,0.630465036422,0.0138618146705,0.603296378908,0.657633693937,,,,,True,intersection of group-specific p05-p95; pooled median inside intersection,26,33,800,Fixed pre-specified actual-duration bins replace the spline.
fixed_duration_bins,fixed_duration_bins,contrast,B,low_review_2,C_speed,C_speed,on promised date,95824,0.0632735264671,0.00574300408687,0.0520174452937,0.0745296076404,,,,,True,on-date empirical p25/p75 within on-date p05-p95,5,33,1280,Fixed pre-specified actual-duration bins replace the spline.
fixed_duration_bins,fixed_duration_bins,contrast,B,low_review_2,C_late_4_7,C_late_4_7,4-7 days late,95824,0.533493532303,0.0157715610753,0.502581840615,0.56440522399,,,,,True,intersection of group-specific p05-p95; pooled median inside intersection,14,33,2115,Fixed pre-specified actual-duration bins replace the spline.
fixed_duration_bins,fixed_duration_bins,contrast,B,low_review_2,C_late_8_plus,C_late_8_plus,>=8 days late,95824,0.630465036422,0.0138618146705,0.603296378908,0.657633693937,,,,,True,intersection of group-specific p05-p95; pooled median inside intersection,26,33,800,Fixed pre-specified actual-duration bins replace the spline.
