period,cohort,cohort_month,origin,family,model_id,model_name,representation,probability_type,probability_variant,calibration_method,n_train,train_order_id_sha256,fitted_model_sha256,model_hash_type,n_orders,n_events,prevalence,log_loss,brier,average_precision,roc_auc,top_5pct_lift,top_10pct_lift,top_10pct_recall,calibration_intercept,calibration_slope,wace,calibration_invalid_reason,order_id_sha256,model_family,specification,n_obs,brier_score,top10_lift,comparison,candidate_model,reference_model,ablation_id,reference_fitted_model_sha256,delta_log_loss,delta_brier,delta_brier_score,both_improved_month_count
later,2018-01,2018-01,2018-01-01,logistic_l2,DPB,Promise + both profile blocks,full,raw,raw,none,35981,96cab33fe9aa2c645b95d864cd8ad73f21f028817e839c487b423b134b3104f9,57943f75a2d0f9777a4efa05946db9096d4f33b3b726106f0f1aee51573a8f05,sha256_pickle_protocol_5_fitted_wrapper,7069,403,0.0570094780025,0.20632080035,0.0521303101206,0.128738075356,0.688136307427,3.27034529167,2.50584898972,0.250620347395,-0.0911194650264,0.933844777076,0.00978790682322,,ee393306bea41ea6bceb8fcfabd7cbb43b7db39a083d42187f0a69ab3a3539a6,logistic_l2,DPB,7069,0.0521303101206,2.50584898972,DPB-DP0,DPB,DP0,DPB_full,46675fb422177ee9b1dd69df4d376e1fe67a3a99808c8cc426182a494de07334,-0.0169258858061,-0.00200646029347,-0.00200646029347,
later,2018-01,2018-01,2018-01-01,logistic_l2,DPB,Promise + both profile blocks,metadata_only,raw,raw,,35981,96cab33fe9aa2c645b95d864cd8ad73f21f028817e839c487b423b134b3104f9,4af0b8a52bf1e1dd77f21dddebffcf03476d733e63456d6224a3bbe9a48b94e0,sha256_pickle_protocol_5_fitted_wrapper,7069,403,0.0570094780025,0.219762416566,0.0536611233573,0.0831552738913,0.576202409323,2.03157813573,1.96002049691,0.196029776675,-0.944998716076,0.588579637819,0.016542210412,,ee393306bea41ea6bceb8fcfabd7cbb43b7db39a083d42187f0a69ab3a3539a6,logistic_l2,DPB,7069,0.0536611233573,1.96002049691,DPB-DP0,DPB,DP0,DPB_metadata_only,46675fb422177ee9b1dd69df4d376e1fe67a3a99808c8cc426182a494de07334,-0.00348426959027,-0.000475647056688,-0.000475647056688,
later,2018-01,2018-01,2018-01-01,logistic_l2,DPB,Promise + both profile blocks,score_only,raw,raw,,35981,96cab33fe9aa2c645b95d864cd8ad73f21f028817e839c487b423b134b3104f9,3f9c2339efc912e7789e10814f3095f83b120bb0fd013df898c2b1444c5656cd,sha256_pickle_protocol_5_fitted_wrapper,7069,403,0.0570094780025,0.206187378118,0.0521273278752,0.129703958535,0.693955996096,3.31989597791,2.53065937576,0.253101736973,0.03814635622,0.957999822406,0.00904590707102,,ee393306bea41ea6bceb8fcfabd7cbb43b7db39a083d42187f0a69ab3a3539a6,logistic_l2,DPB,7069,0.0521273278752,2.53065937576,DPB-DP0,DPB,DP0,DPB_score_only,46675fb422177ee9b1dd69df4d376e1fe67a3a99808c8cc426182a494de07334,-0.0170593080384,-0.00200944253882,-0.00200944253882,
later,2018-01,2018-01,2018-01-01,logistic_l2,DPG,Promise + geographic profiles,full,raw,raw,none,35981,96cab33fe9aa2c645b95d864cd8ad73f21f028817e839c487b423b134b3104f9,d44e1bb6074f7752424e2bf7de4a58936812aed0c1dd7dd20f4361b85d4b3947,sha256_pickle_protocol_5_fitted_wrapper,7069,403,0.0570094780025,0.209479847574,0.0524913905767,0.115881125147,0.670407363317,3.07214254672,2.80357362216,0.280397022333,-0.0743962367278,0.925497119727,0.00935348856106,,ee393306bea41ea6bceb8fcfabd7cbb43b7db39a083d42187f0a69ab3a3539a6,logistic_l2,DPG,7069,0.0524913905767,2.80357362216,DPG-DP0,DPG,DP0,DPG_full,46675fb422177ee9b1dd69df4d376e1fe67a3a99808c8cc426182a494de07334,-0.0137668385824,-0.00164537983728,-0.00164537983728,
later,2018-01,2018-01,2018-01-01,logistic_l2,DPG,Promise + geographic profiles,metadata_only,raw,raw,,35981,96cab33fe9aa2c645b95d864cd8ad73f21f028817e839c487b423b134b3104f9,f73b221e62ff5472ffec71f52db6d1f5cdd04adc082665c3603113c62e6c2640,sha256_pickle_protocol_5_fitted_wrapper,7069,403,0.0570094780025,0.221226316662,0.0538591281369,0.0738959216149,0.558367375199,1.93247676326,1.48862316221,0.14888337469,-1.21179674983,0.50235170753,0.0169075720088,,ee393306bea41ea6bceb8fcfabd7cbb43b7db39a083d42187f0a69ab3a3539a6,logistic_l2,DPG,7069,0.0538591281369,1.48862316221,DPG-DP0,DPG,DP0,DPG_metadata_only,46675fb422177ee9b1dd69df4d376e1fe67a3a99808c8cc426182a494de07334,-0.0020203694946,-0.000277642277167,-0.000277642277167,
later,2018-01,2018-01,2018-01-01,logistic_l2,DPG,Promise + geographic profiles,score_only,raw,raw,,35981,96cab33fe9aa2c645b95d864cd8ad73f21f028817e839c487b423b134b3104f9,625afd81514cf8dec413a323180f9ace7a106a39de27af3bfef8a5026b8c4b4f,sha256_pickle_protocol_5_fitted_wrapper,7069,403,0.0570094780025,0.209786260859,0.0525519159316,0.116860663879,0.67655016122,3.02259186048,2.67952169198,0.267990074442,0.0171670702441,0.932132431542,0.0111700696984,,ee393306bea41ea6bceb8fcfabd7cbb43b7db39a083d42187f0a69ab3a3539a6,logistic_l2,DPG,7069,0.0525519159316,2.67952169198,DPG-DP0,DPG,DP0,DPG_score_only,46675fb422177ee9b1dd69df4d376e1fe67a3a99808c8cc426182a494de07334,-0.0134604252978,-0.00158485448239,-0.00158485448239,
later,2018-01,2018-01,2018-01-01,logistic_l2,DPS,Promise + seller profiles,full,raw,raw,none,35981,96cab33fe9aa2c645b95d864cd8ad73f21f028817e839c487b423b134b3104f9,79caf4f9a33a95b860427a8fede3db8a80fb3b9a6210fa8fcf2b17a79d859d02,sha256_pickle_protocol_5_fitted_wrapper,7069,403,0.0570094780025,0.221389962696,0.0539073402211,0.0708330132595,0.528800274568,1.78382470455,1.43900239014,0.143920595533,-1.5472264393,0.402267019005,0.013950909185,,ee393306bea41ea6bceb8fcfabd7cbb43b7db39a083d42187f0a69ab3a3539a6,logistic_l2,DPS,7069,0.0539073402211,1.43900239014,DPS-DP0,DPS,DP0,DPS_full,46675fb422177ee9b1dd69df4d376e1fe67a3a99808c8cc426182a494de07334,-0.00185672346073,-0.000229430192901,-0.000229430192901,
later,2018-01,2018-01,2018-01-01,logistic_l2,DPS,Promise + seller profiles,metadata_only,raw,raw,,35981,96cab33fe9aa2c645b95d864cd8ad73f21f028817e839c487b423b134b3104f9,0ec71b71841c006cbc4d74f6df9799fc6941c3f184c817577b928a60fad7e106,sha256_pickle_protocol_5_fitted_wrapper,7069,403,0.0570094780025,0.222125858737,0.0539695470691,0.0687705478956,0.516753660478,1.53607127336,1.4141920041,0.141439205955,-1.76282597225,0.330585810532,0.0161559691581,,ee393306bea41ea6bceb8fcfabd7cbb43b7db39a083d42187f0a69ab3a3539a6,logistic_l2,DPS,7069,0.0539695470691,1.4141920041,DPS-DP0,DPS,DP0,DPS_metadata_only,46675fb422177ee9b1dd69df4d376e1fe67a3a99808c8cc426182a494de07334,-0.00112082741996,-0.000167223344892,-0.000167223344892,
later,2018-01,2018-01,2018-01-01,logistic_l2,DPS,Promise + seller profiles,score_only,raw,raw,,35981,96cab33fe9aa2c645b95d864cd8ad73f21f028817e839c487b423b134b3104f9,a4c607731ece6a6d612a8380824a2c0ea1f0ab49514c4215f504be5fd80ea653,sha256_pickle_protocol_5_fitted_wrapper,7069,403,0.0570094780025,0.221601237786,0.0539692471434,0.0668533822162,0.519872334628,1.48652058712,1.43900239014,0.143920595533,-1.70848413073,0.351120795056,0.015462429603,,ee393306bea41ea6bceb8fcfabd7cbb43b7db39a083d42187f0a69ab3a3539a6,logistic_l2,DPS,7069,0.0539692471434,1.43900239014,DPS-DP0,DPS,DP0,DPS_score_only,46675fb422177ee9b1dd69df4d376e1fe67a3a99808c8cc426182a494de07334,-0.00164544837102,-0.000167523270622,-0.000167523270622,
later,2018-01,2018-01,2018-01-01,xgboost,DPB,Promise + both profile blocks,full,raw,raw,none,35981,96cab33fe9aa2c645b95d864cd8ad73f21f028817e839c487b423b134b3104f9,86a7f8d92ace33260a342f47ed7afdd68157dc28f60ecaec98f3704f9f5111e6,sha256_pickle_protocol_5_fitted_wrapper,7069,403,0.0570094780025,0.218902384478,0.0537913581582,0.0923863549809,0.657978452932,1.88292607702,1.8855893388,0.18858560794,8.7723210517,3.78412242688,0.0249893733385,,ee393306bea41ea6bceb8fcfabd7cbb43b7db39a083d42187f0a69ab3a3539a6,xgboost,DPB,7069,0.0537913581582,1.8855893388,DPB-DP0,DPB,DP0,DPB_full,bd2590b6d8f4b87eb5104ed856babb8a2983cfde7a82547f93bd4f7a059f1ab1,-0.00181105865422,-0.00015446444412,-0.00015446444412,
later,2018-01,2018-01,2018-01-01,xgboost,DPB,Promise + both profile blocks,metadata_only,raw,raw,,35981,96cab33fe9aa2c645b95d864cd8ad73f21f028817e839c487b423b134b3104f9,5ffe3c5f52ef6421f35949ccb69c09799c9ce0c12f22a58191e9251da9a59dd7,sha256_pickle_protocol_5_fitted_wrapper,7069,403,0.0570094780025,0.22000643116,0.0538871999391,0.0771786657897,0.617223136706,1.28831784217,1.46381277617,0.146401985112,19.4579538395,7.16484880589,0.0221144314089,,ee393306bea41ea6bceb8fcfabd7cbb43b7db39a083d42187f0a69ab3a3539a6,xgboost,DPB,7069,0.0538871999391,1.46381277617,DPB-DP0,DPB,DP0,DPB_metadata_only,bd2590b6d8f4b87eb5104ed856babb8a2983cfde7a82547f93bd4f7a059f1ab1,-0.000707011972363,-5.86226632536e-05,-5.86226632536e-05,
later,2018-01,2018-01,2018-01-01,xgboost,DPB,Promise + both profile blocks,score_only,raw,raw,,35981,96cab33fe9aa2c645b95d864cd8ad73f21f028817e839c487b423b134b3104f9,fea0cd8373c9355a7724207fae3eb6f1ae6cb523a544953c3cf7bfc4a4607ae3,sha256_pickle_protocol_5_fitted_wrapper,7069,403,0.0570094780025,0.218206388488,0.0537201967796,0.10612934796,0.66491655369,2.22978088068,2.23293474331,0.223325062035,15.2745793701,5.92161555421,0.0265200102473,,ee393306bea41ea6bceb8fcfabd7cbb43b7db39a083d42187f0a69ab3a3539a6,xgboost,DPB,7069,0.0537201967796,2.23293474331,DPB-DP0,DPB,DP0,DPB_score_only,bd2590b6d8f4b87eb5104ed856babb8a2983cfde7a82547f93bd4f7a059f1ab1,-0.00250705464411,-0.000225625822718,-0.000225625822718,
later,2018-01,2018-01,2018-01-01,xgboost,DPG,Promise + geographic profiles,full,raw,raw,none,35981,96cab33fe9aa2c645b95d864cd8ad73f21f028817e839c487b423b134b3104f9,f0ffe4452ab348b733184f5d749e4c4ec655940e204c9fbc3d9df0bd121bc1e9,sha256_pickle_protocol_5_fitted_wrapper,7069,403,0.0570094780025,0.219296082978,0.0538293462464,0.100432641509,0.659222497932,2.57663568434,2.40660744557,0.240694789082,8.12198126916,3.54877779433,0.0242568121817,,ee393306bea41ea6bceb8fcfabd7cbb43b7db39a083d42187f0a69ab3a3539a6,xgboost,DPG,7069,0.0538293462464,2.40660744557,DPG-DP0,DPG,DP0,DPG_full,bd2590b6d8f4b87eb5104ed856babb8a2983cfde7a82547f93bd4f7a059f1ab1,-0.00141736015436,-0.000116476355956,-0.000116476355956,
later,2018-01,2018-01,2018-01-01,xgboost,DPG,Promise + geographic profiles,metadata_only,raw,raw,,35981,96cab33fe9aa2c645b95d864cd8ad73f21f028817e839c487b423b134b3104f9,e74af0a82efd634a2bd66ae99a8394ed85e5fbbbdc17de1ff33927540d870c76,sha256_pickle_protocol_5_fitted_wrapper,7069,403,0.0570094780025,0.219004544511,0.0537938804129,0.085491854668,0.631250842206,1.83337539078,1.6871062505,0.168734491315,8.90143696665,3.79678850385,0.0214222717716,,ee393306bea41ea6bceb8fcfabd7cbb43b7db39a083d42187f0a69ab3a3539a6,xgboost,DPG,7069,0.0537938804129,1.6871062505,DPG-DP0,DPG,DP0,DPG_metadata_only,bd2590b6d8f4b87eb5104ed856babb8a2983cfde7a82547f93bd4f7a059f1ab1,-0.00170889862107,-0.000151942189425,-0.000151942189425,
later,2018-01,2018-01,2018-01-01,xgboost,DPG,Promise + geographic profiles,score_only,raw,raw,,35981,96cab33fe9aa2c645b95d864cd8ad73f21f028817e839c487b423b134b3104f9,2d7eca6938f6704bbaff4e6bc66c2177a4c74f8766481b994d3ac767bd30c4d8,sha256_pickle_protocol_5_fitted_wrapper,7069,403,0.0570094780025,0.218587099576,0.0537580200269,0.0997550617088,0.662726446342,2.62618637058,1.98483088295,0.198511166253,17.4933638605,6.61971294599,0.0244312516224,,ee393306bea41ea6bceb8fcfabd7cbb43b7db39a083d42187f0a69ab3a3539a6,xgboost,DPG,7069,0.0537580200269,1.98483088295,DPG-DP0,DPG,DP0,DPG_score_only,bd2590b6d8f4b87eb5104ed856babb8a2983cfde7a82547f93bd4f7a059f1ab1,-0.00212634355596,-0.000187802575414,-0.000187802575414,
later,2018-01,2018-01,2018-01-01,xgboost,DPS,Promise + seller profiles,full,raw,raw,none,35981,96cab33fe9aa2c645b95d864cd8ad73f21f028817e839c487b423b134b3104f9,f33bb420e427da45e831191b3cba099d0cf9d8baa1848508a2fcb8a13e9e1a1c,sha256_pickle_protocol_5_fitted_wrapper,7069,403,0.0570094780025,0.220214673442,0.053902087899,0.0652123099744,0.537126293274,1.09011509722,1.2157089158,0.12158808933,6.56753818462,3.0443807923,0.0155631147867,,ee393306bea41ea6bceb8fcfabd7cbb43b7db39a083d42187f0a69ab3a3539a6,xgboost,DPS,7069,0.053902087899,1.2157089158,DPS-DP0,DPS,DP0,DPS_full,bd2590b6d8f4b87eb5104ed856babb8a2983cfde7a82547f93bd4f7a059f1ab1,-0.000498769689566,-4.37347033592e-05,-4.37347033592e-05,
later,2018-01,2018-01,2018-01-01,xgboost,DPS,Promise + seller profiles,metadata_only,raw,raw,,35981,96cab33fe9aa2c645b95d864cd8ad73f21f028817e839c487b423b134b3104f9,bb42c8fa847628a89ec93ae8de0abe30c3de6ab1394767a5d309f904f8178c78,sha256_pickle_protocol_5_fitted_wrapper,7069,403,0.0570094780025,0.220631293418,0.0539374544211,0.0580487896894,0.499370904832,0.842361666036,0.744311581105,0.0744416873449,0.0868227614355,0.936076367196,0.0137235988155,,ee393306bea41ea6bceb8fcfabd7cbb43b7db39a083d42187f0a69ab3a3539a6,xgboost,DPS,7069,0.0539374544211,0.744311581105,DPS-DP0,DPS,DP0,DPS_metadata_only,bd2590b6d8f4b87eb5104ed856babb8a2983cfde7a82547f93bd4f7a059f1ab1,-8.21497139203e-05,-8.36818123969e-06,-8.36818123969e-06,
later,2018-01,2018-01,2018-01-01,xgboost,DPS,Promise + seller profiles,score_only,raw,raw,,35981,96cab33fe9aa2c645b95d864cd8ad73f21f028817e839c487b423b134b3104f9,aea7fec3428399675c3022c8396c84fdfdc36af4e2c16d3e5a5e3c86b725b2d0,sha256_pickle_protocol_5_fitted_wrapper,7069,403,0.0570094780025,0.220188169754,0.0539008794503,0.0671623705936,0.543205251046,1.28831784217,1.38938161806,0.138957816377,9.8709770889,4.12243206992,0.017383380927,,ee393306bea41ea6bceb8fcfabd7cbb43b7db39a083d42187f0a69ab3a3539a6,xgboost,DPS,7069,0.0539008794503,1.38938161806,DPS-DP0,DPS,DP0,DPS_score_only,bd2590b6d8f4b87eb5104ed856babb8a2983cfde7a82547f93bd4f7a059f1ab1,-0.000525273377848,-4.49431520532e-05,-4.49431520532e-05,
later,2018-02,2018-02,2018-02-01,logistic_l2,DPB,Promise + both profile blocks,full,raw,raw,none,42578,a51820ff53f7771f9c44ce45be1dcb2d238a8e28dccc88b566859c028e0e982b,9443d164e5e393404315e15625287839412c845d51a1635fc89d6beaea79c1a3,sha256_pickle_protocol_5_fitted_wrapper,6555,926,0.141266209001,0.388878088831,0.116050072054,0.322708388906,0.722785275419,3.10778064584,2.98908069062,0.299136069114,1.0912565237,1.18702054662,0.0606029432055,,02786257f3541e7684cbb92ee3533cd5479cfac0aa39a1f4199a4465c8ee2f98,logistic_l2,DPB,6555,0.116050072054,2.98908069062,DPB-DP0,DPB,DP0,DPB_full,a8cb8604f0f776858c5ecab45050abee97323f894e0032a566c1ebbfb1d8035c,-0.0754480743577,-0.0133061506223,-0.0133061506223,
later,2018-02,2018-02,2018-02-01,logistic_l2,DPB,Promise + both profile blocks,metadata_only,raw,raw,,42578,a51820ff53f7771f9c44ce45be1dcb2d238a8e28dccc88b566859c028e0e982b,4f6a6d0691e11793bfae4be8075f70eae679fa307aa188729a57a9c233500759,sha256_pickle_protocol_5_fitted_wrapper,6555,926,0.141266209001,0.450835555266,0.127353954283,0.183884658519,0.575738606039,1.79129023337,1.61863575304,0.161987041037,0.460000954152,0.800446092185,0.0843216558146,,02786257f3541e7684cbb92ee3533cd5479cfac0aa39a1f4199a4465c8ee2f98,logistic_l2,DPB,6555,0.127353954283,1.61863575304,DPB-DP0,DPB,DP0,DPB_metadata_only,a8cb8604f0f776858c5ecab45050abee97323f894e0032a566c1ebbfb1d8035c,-0.013490607922,-0.00200226839246,-0.00200226839246,
later,2018-02,2018-02,2018-02-01,logistic_l2,DPB,Promise + both profile blocks,score_only,raw,raw,,42578,a51820ff53f7771f9c44ce45be1dcb2d238a8e28dccc88b566859c028e0e982b,91bf15837bea0064f6984678b3833edc893be945c2e1bb41264bde5e5fb074cf,sha256_pickle_protocol_5_fitted_wrapper,6555,926,0.141266209001,0.397579402572,0.117921061106,0.31259911753,0.719467452375,2.93512616552,2.76247168519,0.276457883369,1.19318479569,1.18246302281,0.0671980501874,,02786257f3541e7684cbb92ee3533cd5479cfac0aa39a1f4199a4465c8ee2f98,logistic_l2,DPB,6555,0.117921061106,2.76247168519,DPB-DP0,DPB,DP0,DPB_score_only,a8cb8604f0f776858c5ecab45050abee97323f894e0032a566c1ebbfb1d8035c,-0.0667467606164,-0.0114351615701,-0.0114351615701,
later,2018-02,2018-02,2018-02-01,logistic_l2,DPG,Promise + geographic profiles,full,raw,raw,none,42578,a51820ff53f7771f9c44ce45be1dcb2d238a8e28dccc88b566859c028e0e982b,e4d3eea2aa85bb97789ac237a611c126c1bd820e4fe37ef2e90f640e27c6c8a7,sha256_pickle_protocol_5_fitted_wrapper,6555,926,0.141266209001,0.396694156116,0.11830056954,0.330222270812,0.721760901871,3.47467141653,3.09698974082,0.309935205184,1.748272296,1.4194731159,0.0696934227895,,02786257f3541e7684cbb92ee3533cd5479cfac0aa39a1f4199a4465c8ee2f98,logistic_l2,DPG,6555,0.11830056954,3.09698974082,DPG-DP0,DPG,DP0,DPG_full,a8cb8604f0f776858c5ecab45050abee97323f894e0032a566c1ebbfb1d8035c,-0.0676320070723,-0.0110556531354,-0.0110556531354,
later,2018-02,2018-02,2018-02-01,logistic_l2,DPG,Promise + geographic profiles,metadata_only,raw,raw,,42578,a51820ff53f7771f9c44ce45be1dcb2d238a8e28dccc88b566859c028e0e982b,4b7e5e74d10aa718ac7cf428a085fb68e5504fe615fa2fc1bb36bb8be2aadd06,sha256_pickle_protocol_5_fitted_wrapper,6555,926,0.141266209001,0.4565285648,0.128404069969,0.16771910157,0.579356575617,1.25174498235,1.23016317231,0.123110151188,0.904764958878,0.946014659267,0.0869537392059,,02786257f3541e7684cbb92ee3533cd5479cfac0aa39a1f4199a4465c8ee2f98,logistic_l2,DPG,6555,0.128404069969,1.23016317231,DPG-DP0,DPG,DP0,DPG_metadata_only,a8cb8604f0f776858c5ecab45050abee97323f894e0032a566c1ebbfb1d8035c,-0.00779759838826,-0.000952152706623,-0.000952152706623,
later,2018-02,2018-02,2018-02-01,logistic_l2,DPG,Promise + geographic profiles,score_only,raw,raw,,42578,a51820ff53f7771f9c44ce45be1dcb2d238a8e28dccc88b566859c028e0e982b,c889b4bb0b9c4def6f9d3bccccd8d1f0d9604500cb4f60dafcd20b19f7530914,sha256_pickle_protocol_5_fitted_wrapper,6555,926,0.141266209001,0.407469575139,0.120426146133,0.322807503317,0.720395709967,3.47467141653,2.99987159564,0.300215982721,1.94616359983,1.43429833022,0.0744835484839,,02786257f3541e7684cbb92ee3533cd5479cfac0aa39a1f4199a4465c8ee2f98,logistic_l2,DPG,6555,0.120426146133,2.99987159564,DPG-DP0,DPG,DP0,DPG_score_only,a8cb8604f0f776858c5ecab45050abee97323f894e0032a566c1ebbfb1d8035c,-0.0568565880489,-0.00893007654267,-0.00893007654267,
later,2018-02,2018-02,2018-02-01,logistic_l2,DPS,Promise + seller profiles,full,raw,raw,none,42578,a51820ff53f7771f9c44ce45be1dcb2d238a8e28dccc88b566859c028e0e982b,e0a7b8c16683aca61dfb68dd0becd99eda5f20940a80352f0cf2452952037c39,sha256_pickle_protocol_5_fitted_wrapper,6555,926,0.141266209001,0.457869826247,0.128378198938,0.163693607269,0.540762374114,1.4891448928,1.21937226729,0.122030237581,-0.205949198872,0.558954775931,0.0861076378877,,02786257f3541e7684cbb92ee3533cd5479cfac0aa39a1f4199a4465c8ee2f98,logistic_l2,DPS,6555,0.128378198938,1.21937226729,DPS-DP0,DPS,DP0,DPS_full,a8cb8604f0f776858c5ecab45050abee97323f894e0032a566c1ebbfb1d8035c,-0.00645633694161,-0.000978023738162,-0.000978023738162,
later,2018-02,2018-02,2018-02-01,logistic_l2,DPS,Promise + seller profiles,metadata_only,raw,raw,,42578,a51820ff53f7771f9c44ce45be1dcb2d238a8e28dccc88b566859c028e0e982b,3137b4e7e2b049689e20f4f8883181820ee05c252c3c89fa205c97078b8a56d4,sha256_pickle_protocol_5_fitted_wrapper,6555,926,0.141266209001,0.459101036068,0.128546038562,0.165675682645,0.539533202595,1.51072670284,1.19779045725,0.119870410367,0.109252344541,0.665380947083,0.0872822694436,,02786257f3541e7684cbb92ee3533cd5479cfac0aa39a1f4199a4465c8ee2f98,logistic_l2,DPS,6555,0.128546038562,1.19779045725,DPS-DP0,DPS,DP0,DPS_metadata_only,a8cb8604f0f776858c5ecab45050abee97323f894e0032a566c1ebbfb1d8035c,-0.00522512712056,-0.000810184113492,-0.000810184113492,
later,2018-02,2018-02,2018-02-01,logistic_l2,DPS,Promise + seller profiles,score_only,raw,raw,,42578,a51820ff53f7771f9c44ce45be1dcb2d238a8e28dccc88b566859c028e0e982b,aaecfb99422db0f3d824d4c88018a0e9f8c7be4f2889a9fec89bbd0b0cc3f335,sha256_pickle_protocol_5_fitted_wrapper,6555,926,0.141266209001,0.458602235201,0.128496443148,0.157917818685,0.537782395777,1.53230851288,1.16541774219,0.116630669546,-0.370525894885,0.500891703592,0.086188416382,,02786257f3541e7684cbb92ee3533cd5479cfac0aa39a1f4199a4465c8ee2f98,logistic_l2,DPS,6555,0.128496443148,1.16541774219,DPS-DP0,DPS,DP0,DPS_score_only,a8cb8604f0f776858c5ecab45050abee97323f894e0032a566c1ebbfb1d8035c,-0.00572392798727,-0.000859779527493,-0.000859779527493,
later,2018-02,2018-02,2018-02-01,xgboost,DPB,Promise + both profile blocks,full,raw,raw,none,42578,a51820ff53f7771f9c44ce45be1dcb2d238a8e28dccc88b566859c028e0e982b,8c7636cc25f064c253b990368fe9224c1f8cbf16cdacd64db23c63695d52b920,sha256_pickle_protocol_5_fitted_wrapper,6555,926,0.141266209001,0.458020284021,0.128682392203,0.206864384891,0.656788434008,0.669036111257,1.03592688195,0.103671706263,-0.544371316683,0.442858116661,0.0857509794408,,02786257f3541e7684cbb92ee3533cd5479cfac0aa39a1f4199a4465c8ee2f98,xgboost,DPB,6555,0.128682392203,1.03592688195,DPB-DP0,DPB,DP0,DPB_full,d73b829acd99738a4439a9617c00d6c1853264dafc0ddc6eba6af6485003e07a,-0.00545656784983,-0.000592222674236,-0.000592222674236,
later,2018-02,2018-02,2018-02-01,xgboost,DPB,Promise + both profile blocks,metadata_only,raw,raw,,42578,a51820ff53f7771f9c44ce45be1dcb2d238a8e28dccc88b566859c028e0e982b,4cc7b691bfddaa9ef2fe1270e49a1658e08c25e1637ace1cca4b0304a3434ca8,sha256_pickle_protocol_5_fitted_wrapper,6555,926,0.141266209001,0.46522268842,0.129438169056,0.151718529347,0.531820424698,0.798526971501,0.938808736764,0.0939524838013,6.51662043117,2.83993674847,0.0906685784868,,02786257f3541e7684cbb92ee3533cd5479cfac0aa39a1f4199a4465c8ee2f98,xgboost,DPB,6555,0.129438169056,0.938808736764,DPB-DP0,DPB,DP0,DPB_metadata_only,d73b829acd99738a4439a9617c00d6c1853264dafc0ddc6eba6af6485003e07a,0.00174583654831,0.000163554178891,0.000163554178891,
later,2018-02,2018-02,2018-02-01,xgboost,DPB,Promise + both profile blocks,score_only,raw,raw,,42578,a51820ff53f7771f9c44ce45be1dcb2d238a8e28dccc88b566859c028e0e982b,731160ac0b9a8a4575b03d9c4cf3f88883b77dd6f2a0b339bdaf1e59442f558b,sha256_pickle_protocol_5_fitted_wrapper,6555,926,0.141266209001,0.456868517258,0.128592898983,0.235470886485,0.687478680867,2.41716272454,2.10422647895,0.210583153348,27.2196617382,10.114561034,0.0893251240367,,02786257f3541e7684cbb92ee3533cd5479cfac0aa39a1f4199a4465c8ee2f98,xgboost,DPB,6555,0.128592898983,2.10422647895,DPB-DP0,DPB,DP0,DPB_score_only,d73b829acd99738a4439a9617c00d6c1853264dafc0ddc6eba6af6485003e07a,-0.00660833461355,-0.000681715893828,-0.000681715893828,
later,2018-02,2018-02,2018-02-01,xgboost,DPG,Promise + geographic profiles,full,raw,raw,none,42578,a51820ff53f7771f9c44ce45be1dcb2d238a8e28dccc88b566859c028e0e982b,22c8a81d99fa25cff298ca3ff2f9a92ae0baf56e645498926b0d51e2e2c125c7,sha256_pickle_protocol_5_fitted_wrapper,6555,926,0.141266209001,0.460562722662,0.128957047135,0.186054471257,0.61631738141,0.690617921298,1.03592688195,0.103671706263,1.54969779077,1.16202603362,0.0901830080462,,02786257f3541e7684cbb92ee3533cd5479cfac0aa39a1f4199a4465c8ee2f98,xgboost,DPG,6555,0.128957047135,1.03592688195,DPG-DP0,DPG,DP0,DPG_full,d73b829acd99738a4439a9617c00d6c1853264dafc0ddc6eba6af6485003e07a,-0.00291412920965,-0.000317567741613,-0.000317567741613,
later,2018-02,2018-02,2018-02-01,xgboost,DPG,Promise + geographic profiles,metadata_only,raw,raw,,42578,a51820ff53f7771f9c44ce45be1dcb2d238a8e28dccc88b566859c028e0e982b,69b7efd756da90c81ea5c7b467f1572e0520ecfa72fe7b0d765d20e72ce78df6,sha256_pickle_protocol_5_fitted_wrapper,6555,926,0.141266209001,0.464970413714,0.129406007524,0.152459461647,0.542236631729,0.712199731339,0.874063306643,0.0874730021598,0.887680969758,0.920768059124,0.0902506598619,,02786257f3541e7684cbb92ee3533cd5479cfac0aa39a1f4199a4465c8ee2f98,xgboost,DPG,6555,0.129406007524,0.874063306643,DPG-DP0,DPG,DP0,DPG_metadata_only,d73b829acd99738a4439a9617c00d6c1853264dafc0ddc6eba6af6485003e07a,0.00149356184292,0.000131392647298,0.000131392647298,
later,2018-02,2018-02,2018-02-01,xgboost,DPG,Promise + geographic profiles,score_only,raw,raw,,42578,a51820ff53f7771f9c44ce45be1dcb2d238a8e28dccc88b566859c028e0e982b,20b3926d3d20a288f493178d24628650e66789b60abbee656ac93cc4a8e9ff0f,sha256_pickle_protocol_5_fitted_wrapper,6555,926,0.141266209001,0.459097681645,0.128828890203,0.278727123364,0.704830968292,2.87038073539,2.75168078017,0.275377969762,34.996806285,12.7416588438,0.0917452416081,,02786257f3541e7684cbb92ee3533cd5479cfac0aa39a1f4199a4465c8ee2f98,xgboost,DPG,6555,0.128828890203,2.75168078017,DPG-DP0,DPG,DP0,DPG_score_only,d73b829acd99738a4439a9617c00d6c1853264dafc0ddc6eba6af6485003e07a,-0.00437917022659,-0.000445724673915,-0.000445724673915,
later,2018-02,2018-02,2018-02-01,xgboost,DPS,Promise + seller profiles,full,raw,raw,none,42578,a51820ff53f7771f9c44ce45be1dcb2d238a8e28dccc88b566859c028e0e982b,6ad94722b36420097ace54122da3591d30c5c5a0e2c5889821b8dddd183b6440,sha256_pickle_protocol_5_fitted_wrapper,6555,926,0.141266209001,0.463266020772,0.12924650125,0.156522583646,0.538204078156,1.18699955223,1.14383593215,0.114470842333,7.10406798481,3.06674775246,0.0894069512941,,02786257f3541e7684cbb92ee3533cd5479cfac0aa39a1f4199a4465c8ee2f98,xgboost,DPS,6555,0.12924650125,1.14383593215,DPS-DP0,DPS,DP0,DPS_full,d73b829acd99738a4439a9617c00d6c1853264dafc0ddc6eba6af6485003e07a,-0.000210831099065,-2.8113626589e-05,-2.8113626589e-05,
later,2018-02,2018-02,2018-02-01,xgboost,DPS,Promise + seller profiles,metadata_only,raw,raw,,42578,a51820ff53f7771f9c44ce45be1dcb2d238a8e28dccc88b566859c028e0e982b,93c2b8bc115150bf08efdd7e4ece6176b9ed2e2aa4662da7e52085c597295a31,sha256_pickle_protocol_5_fitted_wrapper,6555,926,0.141266209001,0.463449858671,0.129267042212,0.162213530746,0.540778201592,1.33807222251,1.46756308276,0.14686825054,11.1808879095,4.46654192072,0.0895280915599,,02786257f3541e7684cbb92ee3533cd5479cfac0aa39a1f4199a4465c8ee2f98,xgboost,DPS,6555,0.129267042212,1.46756308276,DPS-DP0,DPS,DP0,DPS_metadata_only,d73b829acd99738a4439a9617c00d6c1853264dafc0ddc6eba6af6485003e07a,-2.6993200369e-05,-7.5726650503e-06,-7.5726650503e-06,
later,2018-02,2018-02,2018-02-01,xgboost,DPS,Promise + seller profiles,score_only,raw,raw,,42578,a51820ff53f7771f9c44ce45be1dcb2d238a8e28dccc88b566859c028e0e982b,addb5f102f28d9cd1f3c140b51bca6a3a4502b782760d80f1388829d22e93c69,sha256_pickle_protocol_5_fitted_wrapper,6555,926,0.141266209001,0.462937672049,0.129216600237,0.155111265793,0.541848235016,1.16541774219,1.15462683717,0.11555075594,7.68267108596,3.27054058664,0.0892035851927,,02786257f3541e7684cbb92ee3533cd5479cfac0aa39a1f4199a4465c8ee2f98,xgboost,DPS,6555,0.129216600237,1.15462683717,DPS-DP0,DPS,DP0,DPS_score_only,d73b829acd99738a4439a9617c00d6c1853264dafc0ddc6eba6af6485003e07a,-0.000539179821878,-5.80146400321e-05,-5.80146400321e-05,
later,2018-03,2018-03,2018-03-01,logistic_l2,DPB,Promise + both profile blocks,full,raw,raw,none,48428,0e3212d395457178a073ebc728d0c7ab83077476c2a4307bc15f4df202380809,00ecd74f4678f94279a4064ce5804b89ed5efb257549258f93e6483fab5f789c,sha256_pickle_protocol_5_fitted_wrapper,7003,1328,0.189633014422,0.493713225822,0.154001007496,0.362117653461,0.712333607558,2.56906472042,2.36209674647,0.236445783133,1.44061490281,1.24274486627,0.0994453559667,,184fab6850ceddcb6640c6d7c40a99ad76b6567a0af96fd41049a0eaafe65828,logistic_l2,DPB,7003,0.154001007496,2.36209674647,DPB-DP0,DPB,DP0,DPB_full,22cf12e9c037f6ca71efb154eb3124f6d687e79288f677cd471c943964943d7d,-0.109133636956,-0.0185032282085,-0.0185032282085,
later,2018-03,2018-03,2018-03-01,logistic_l2,DPB,Promise + both profile blocks,metadata_only,raw,raw,,48428,0e3212d395457178a073ebc728d0c7ab83077476c2a4307bc15f4df202380809,11994891f6002e91a7539bac220a21ae9805aef8de9cb303d183e3caad5b2c0e,sha256_pickle_protocol_5_fitted_wrapper,7003,1328,0.189633014422,0.580611184125,0.16902332664,0.231965148176,0.548406400934,1.56247211066,1.44433941186,0.144578313253,0.10940075778,0.564675605312,0.128253625892,,184fab6850ceddcb6640c6d7c40a99ad76b6567a0af96fd41049a0eaafe65828,logistic_l2,DPB,7003,0.16902332664,1.44433941186,DPB-DP0,DPB,DP0,DPB_metadata_only,22cf12e9c037f6ca71efb154eb3124f6d687e79288f677cd471c943964943d7d,-0.0222356786527,-0.00348090906453,-0.00348090906453,
later,2018-03,2018-03,2018-03-01,logistic_l2,DPB,Promise + both profile blocks,score_only,raw,raw,,48428,0e3212d395457178a073ebc728d0c7ab83077476c2a4307bc15f4df202380809,fe0c035e9d8b3ee979706cc9ccdbfcf2266a5b1b20cf32bf662593ebc9112b38,sha256_pickle_protocol_5_fitted_wrapper,7003,1328,0.189633014422,0.497966457494,0.154858301516,0.352642069204,0.707730216018,2.37375570659,2.22668992661,0.222891566265,1.37133105961,1.19545394862,0.101732964553,,184fab6850ceddcb6640c6d7c40a99ad76b6567a0af96fd41049a0eaafe65828,logistic_l2,DPB,7003,0.154858301516,2.22668992661,DPB-DP0,DPB,DP0,DPB_score_only,22cf12e9c037f6ca71efb154eb3124f6d687e79288f677cd471c943964943d7d,-0.104880405284,-0.0176459341887,-0.0176459341887,
later,2018-03,2018-03,2018-03-01,logistic_l2,DPG,Promise + geographic profiles,full,raw,raw,none,48428,0e3212d395457178a073ebc728d0c7ab83077476c2a4307bc15f4df202380809,4e87445cc12e7fa0e2fe82c7cfb155af1f47389e6d118c53e297abc401347be5,sha256_pickle_protocol_5_fitted_wrapper,7003,1328,0.189633014422,0.505028071159,0.157001531732,0.375259682741,0.7163465315,2.82446881543,2.4222775553,0.242469879518,2.17314759364,1.50696756407,0.107736286282,,184fab6850ceddcb6640c6d7c40a99ad76b6567a0af96fd41049a0eaafe65828,logistic_l2,DPG,7003,0.157001531732,2.4222775553,DPG-DP0,DPG,DP0,DPG_full,22cf12e9c037f6ca71efb154eb3124f6d687e79288f677cd471c943964943d7d,-0.0978187916187,-0.0155027039732,-0.0155027039732,
later,2018-03,2018-03,2018-03-01,logistic_l2,DPG,Promise + geographic profiles,metadata_only,raw,raw,,48428,0e3212d395457178a073ebc728d0c7ab83077476c2a4307bc15f4df202380809,8dc64044ef0f361fe511e211d76ba6822f4a4a6e66fb380e78a2fcae2a8fd02c,sha256_pickle_protocol_5_fitted_wrapper,7003,1328,0.189633014422,0.586755615897,0.170383485912,0.221939127846,0.543881428799,1.38218686713,1.27131958648,0.127259036145,0.868535706011,0.826969765393,0.131983957229,,184fab6850ceddcb6640c6d7c40a99ad76b6567a0af96fd41049a0eaafe65828,logistic_l2,DPG,7003,0.170383485912,1.27131958648,DPG-DP0,DPG,DP0,DPG_metadata_only,22cf12e9c037f6ca71efb154eb3124f6d687e79288f677cd471c943964943d7d,-0.0160912468805,-0.0021207497924,-0.0021207497924,
later,2018-03,2018-03,2018-03-01,logistic_l2,DPG,Promise + geographic profiles,score_only,raw,raw,,48428,0e3212d395457178a073ebc728d0c7ab83077476c2a4307bc15f4df202380809,10d5b022f0aed900cef5c76606a29648ae46a1125820856e9e31ade025e45b51,sha256_pickle_protocol_5_fitted_wrapper,7003,1328,0.189633014422,0.511089328996,0.158111134815,0.370370380848,0.714837986306,2.65920734219,2.36961934758,0.237198795181,2.1217043238,1.44957695583,0.112241918709,,184fab6850ceddcb6640c6d7c40a99ad76b6567a0af96fd41049a0eaafe65828,logistic_l2,DPG,7003,0.158111134815,2.36961934758,DPG-DP0,DPG,DP0,DPG_score_only,22cf12e9c037f6ca71efb154eb3124f6d687e79288f677cd471c943964943d7d,-0.0917575337814,-0.0143931008901,-0.0143931008901,
later,2018-03,2018-03,2018-03-01,logistic_l2,DPS,Promise + seller profiles,full,raw,raw,none,48428,0e3212d395457178a073ebc728d0c7ab83077476c2a4307bc15f4df202380809,996acd971bf78b1f76d43b63482c3a11619744aea3fcb1f886fdbd1a83a7a927,sha256_pickle_protocol_5_fitted_wrapper,7003,1328,0.189633014422,0.594881367986,0.17127988616,0.198476323106,0.513227933761,1.29204424536,1.0982997611,0.109939759036,-0.791714249313,0.23297664555,0.13283169181,,184fab6850ceddcb6640c6d7c40a99ad76b6567a0af96fd41049a0eaafe65828,logistic_l2,DPS,7003,0.17127988616,1.0982997611,DPS-DP0,DPS,DP0,DPS_full,22cf12e9c037f6ca71efb154eb3124f6d687e79288f677cd471c943964943d7d,-0.00796549479204,-0.00122434954503,-0.00122434954503,
later,2018-03,2018-03,2018-03-01,logistic_l2,DPS,Promise + seller profiles,metadata_only,raw,raw,,48428,0e3212d395457178a073ebc728d0c7ab83077476c2a4307bc15f4df202380809,8028194b1524eba6e28cd9cd82edca054e985a9d9eb9db69edf23bfcf171406a,sha256_pickle_protocol_5_fitted_wrapper,7003,1328,0.189633014422,0.598399569878,0.171700573441,0.195619905108,0.50233831803,1.29204424536,1.15848056993,0.115963855422,-1.02504370185,0.149518995883,0.134172122963,,184fab6850ceddcb6640c6d7c40a99ad76b6567a0af96fd41049a0eaafe65828,logistic_l2,DPS,7003,0.171700573441,1.15848056993,DPS-DP0,DPS,DP0,DPS_metadata_only,22cf12e9c037f6ca71efb154eb3124f6d687e79288f677cd471c943964943d7d,-0.0044472928995,-0.000803662264184,-0.000803662264184,
later,2018-03,2018-03,2018-03-01,logistic_l2,DPS,Promise + seller profiles,score_only,raw,raw,,48428,0e3212d395457178a073ebc728d0c7ab83077476c2a4307bc15f4df202380809,ec415feb929acc6ad69db7fd711e19561076337824aa9a534ce099c37af0a63c,sha256_pickle_protocol_5_fitted_wrapper,7003,1328,0.189633014422,0.595411608245,0.171460934697,0.189516469492,0.51099875272,0.961521298871,1.07573195779,0.107680722892,-1.2953473484,0.0555258184917,0.132089658975,,184fab6850ceddcb6640c6d7c40a99ad76b6567a0af96fd41049a0eaafe65828,logistic_l2,DPS,7003,0.171460934697,1.07573195779,DPS-DP0,DPS,DP0,DPS_score_only,22cf12e9c037f6ca71efb154eb3124f6d687e79288f677cd471c943964943d7d,-0.00743525453218,-0.00104330100787,-0.00104330100787,
later,2018-03,2018-03,2018-03-01,xgboost,DPB,Promise + both profile blocks,full,raw,raw,none,48428,0e3212d395457178a073ebc728d0c7ab83077476c2a4307bc15f4df202380809,c50de25c29db4a2b16e16537f934d9bdfcaace91a1f8f4d55886e11093615b76,sha256_pickle_protocol_5_fitted_wrapper,7003,1328,0.189633014422,0.597537168703,0.171966246803,0.302727681785,0.696212913327,1.68266227302,1.71515305158,0.171686746988,44.843016524,16.07175373,0.136975588936,,184fab6850ceddcb6640c6d7c40a99ad76b6567a0af96fd41049a0eaafe65828,xgboost,DPB,7003,0.171966246803,1.71515305158,DPB-DP0,DPB,DP0,DPB_full,79c5a2f1cade524e958f369549b205b1a45b0631b789d48296a39bef69e8d9a2,-0.00555864156153,-0.000565662126017,-0.000565662126017,
later,2018-03,2018-03,2018-03-01,xgboost,DPB,Promise + both profile blocks,metadata_only,raw,raw,,48428,0e3212d395457178a073ebc728d0c7ab83077476c2a4307bc15f4df202380809,fc4e0bb38554c53420597eb60e6a51a90eb02cc489e579b921656269e0eea00e,sha256_pickle_protocol_5_fitted_wrapper,7003,1328,0.189633014422,0.604647108743,0.172682221055,0.23850845897,0.614388169418,0.976545069166,1.15848056993,0.115963855422,35.881856519,12.7861784154,0.138665162246,,184fab6850ceddcb6640c6d7c40a99ad76b6567a0af96fd41049a0eaafe65828,xgboost,DPB,7003,0.172682221055,1.15848056993,DPB-DP0,DPB,DP0,DPB_metadata_only,79c5a2f1cade524e958f369549b205b1a45b0631b789d48296a39bef69e8d9a2,0.00155129847778,0.000150312125867,0.000150312125867,
later,2018-03,2018-03,2018-03-01,xgboost,DPB,Promise + both profile blocks,score_only,raw,raw,,48428,0e3212d395457178a073ebc728d0c7ab83077476c2a4307bc15f4df202380809,c610155423abe0fac0a976c7e3d021822d0db8429c521dea53f85c36867d4721,sha256_pickle_protocol_5_fitted_wrapper,7003,1328,0.189633014422,0.592420376385,0.171419082128,0.288798174737,0.679426649329,1.71270981361,1.79790166372,0.179969879518,22.2615445626,8.3115141097,0.135642761552,,184fab6850ceddcb6640c6d7c40a99ad76b6567a0af96fd41049a0eaafe65828,xgboost,DPB,7003,0.171419082128,1.79790166372,DPB-DP0,DPB,DP0,DPB_score_only,79c5a2f1cade524e958f369549b205b1a45b0631b789d48296a39bef69e8d9a2,-0.0106754338795,-0.00111282680052,-0.00111282680052,
later,2018-03,2018-03,2018-03-01,xgboost,DPG,Promise + geographic profiles,full,raw,raw,none,48428,0e3212d395457178a073ebc728d0c7ab83077476c2a4307bc15f4df202380809,97c147f3d44dcd90ddfb296894c87bcc28cf63ee52aa9cd45f2e31db14ab8363,sha256_pickle_protocol_5_fitted_wrapper,7003,1328,0.189633014422,0.598422839017,0.172053113302,0.298666608285,0.679592311979,1.65261473243,1.66249484385,0.166415662651,36.1028548643,13.0055792711,0.13737400315,,184fab6850ceddcb6640c6d7c40a99ad76b6567a0af96fd41049a0eaafe65828,xgboost,DPG,7003,0.172053113302,1.66249484385,DPG-DP0,DPG,DP0,DPG_full,79c5a2f1cade524e958f369549b205b1a45b0631b789d48296a39bef69e8d9a2,-0.0046729712475,-0.000478795626833,-0.000478795626833,
later,2018-03,2018-03,2018-03-01,xgboost,DPG,Promise + geographic profiles,metadata_only,raw,raw,,48428,0e3212d395457178a073ebc728d0c7ab83077476c2a4307bc15f4df202380809,92dc2f3c7d8a96ac19d22ea8e37712e372f0bc4dfa429d38cce5cf3bc1e21585,sha256_pickle_protocol_5_fitted_wrapper,7003,1328,0.189633014422,0.605344964694,0.17274548923,0.228389433036,0.591680975001,0.931473758281,1.12839016551,0.112951807229,21.4752760937,7.83734241534,0.138917897214,,184fab6850ceddcb6640c6d7c40a99ad76b6567a0af96fd41049a0eaafe65828,xgboost,DPG,7003,0.17274548923,1.12839016551,DPG-DP0,DPG,DP0,DPG_metadata_only,79c5a2f1cade524e958f369549b205b1a45b0631b789d48296a39bef69e8d9a2,0.0022491544294,0.000213580301593,0.000213580301593,
later,2018-03,2018-03,2018-03-01,xgboost,DPG,Promise + geographic profiles,score_only,raw,raw,,48428,0e3212d395457178a073ebc728d0c7ab83077476c2a4307bc15f4df202380809,40e1a837d274d81256032b96ce0c3c77dfaebcde41356d46ba3c39a43c9e1abe,sha256_pickle_protocol_5_fitted_wrapper,7003,1328,0.189633014422,0.596993964887,0.171910034473,0.29120537622,0.68210750491,0.99156883946,1.52708802399,0.152861445783,18.1644435576,6.81711363039,0.13666805431,,184fab6850ceddcb6640c6d7c40a99ad76b6567a0af96fd41049a0eaafe65828,xgboost,DPG,7003,0.171910034473,1.52708802399,DPG-DP0,DPG,DP0,DPG_score_only,79c5a2f1cade524e958f369549b205b1a45b0631b789d48296a39bef69e8d9a2,-0.00610184537738,-0.000621874455801,-0.000621874455801,
later,2018-03,2018-03,2018-03-01,xgboost,DPS,Promise + seller profiles,full,raw,raw,none,48428,0e3212d395457178a073ebc728d0c7ab83077476c2a4307bc15f4df202380809,4206c1b12dc74db1d5faa9cac22e1cf55e9cec0d5efc430aa73b6cf09425f63b,sha256_pickle_protocol_5_fitted_wrapper,7003,1328,0.189633014422,0.602099737553,0.172420781345,0.219553811812,0.557579149196,1.27702047506,1.12839016551,0.112951807229,10.9456532061,4.28128233598,0.137343815021,,184fab6850ceddcb6640c6d7c40a99ad76b6567a0af96fd41049a0eaafe65828,xgboost,DPS,7003,0.172420781345,1.12839016551,DPS-DP0,DPS,DP0,DPS_full,79c5a2f1cade524e958f369549b205b1a45b0631b789d48296a39bef69e8d9a2,-0.000996072712191,-0.000111127583614,-0.000111127583614,
later,2018-03,2018-03,2018-03-01,xgboost,DPS,Promise + seller profiles,metadata_only,raw,raw,,48428,0e3212d395457178a073ebc728d0c7ab83077476c2a4307bc15f4df202380809,41b085a6be6a388679e5cc635290032f8322be7d800b88cf5cb260a1b56a7661,sha256_pickle_protocol_5_fitted_wrapper,7003,1328,0.189633014422,0.603547971724,0.172569292135,0.205607433369,0.531732723847,1.05166392064,1.12086756441,0.112198795181,5.45736719508,2.3805148673,0.137625239103,,184fab6850ceddcb6640c6d7c40a99ad76b6567a0af96fd41049a0eaafe65828,xgboost,DPS,7003,0.172569292135,1.12086756441,DPS-DP0,DPS,DP0,DPS_metadata_only,79c5a2f1cade524e958f369549b205b1a45b0631b789d48296a39bef69e8d9a2,0.000452161459491,3.73832063512e-05,3.73832063512e-05,
later,2018-03,2018-03,2018-03-01,xgboost,DPS,Promise + seller profiles,score_only,raw,raw,,48428,0e3212d395457178a073ebc728d0c7ab83077476c2a4307bc15f4df202380809,b6ddd521ece203d541d224ca1dd6c71da2affc68eccb3e21aba5ec59f0823caa,sha256_pickle_protocol_5_fitted_wrapper,7003,1328,0.189633014422,0.602140576932,0.172432561498,0.208323982591,0.552948290961,0.826307366217,1.00802854786,0.100903614458,9.33807956252,3.72850764409,0.137229801207,,184fab6850ceddcb6640c6d7c40a99ad76b6567a0af96fd41049a0eaafe65828,xgboost,DPS,7003,0.172432561498,1.00802854786,DPS-DP0,DPS,DP0,DPS_score_only,79c5a2f1cade524e958f369549b205b1a45b0631b789d48296a39bef69e8d9a2,-0.000955233333023,-9.93474307928e-05,-9.93474307928e-05,
later,2018-04,2018-04,2018-04-01,logistic_l2,DPB,Promise + both profile blocks,full,raw,raw,none,55252,4b412a638b1385505cf90636e7df36a90b8c5117a3e28705ec46d4040550ed76,9bffcc2d0b726f556d5cfd01492f0f1bd4d72e6d91a68320d5d89a4142d7164d,sha256_pickle_protocol_5_fitted_wrapper,6798,306,0.045013239188,0.181715131767,0.0431854972473,0.146774692883,0.763400605673,4.83517877739,3.52837370242,0.352941176471,0.0595849103878,1.43432363434,0.0470679722356,,12138ebc6d34b03c6440d89e35b8db35a30d241f9f497044ef308120883e5a5b,logistic_l2,DPB,6798,0.0431854972473,3.52837370242,DPB-DP0,DPB,DP0,DPB_full,87b4e3df32ffb2f5601da25042d8af73bbad540886603bf8e0299c2d691f7a06,-0.00473461283712,-0.000109739997025,-0.000109739997025,
later,2018-04,2018-04,2018-04-01,logistic_l2,DPB,Promise + both profile blocks,metadata_only,raw,raw,,55252,4b412a638b1385505cf90636e7df36a90b8c5117a3e28705ec46d4040550ed76,4cd590d7b6e20ba65ae030ca11765fde34e1cf2c0202c631be6946061f0887a9,sha256_pickle_protocol_5_fitted_wrapper,6798,306,0.045013239188,0.182382722572,0.0428692600541,0.0858534910604,0.634704754771,3.07099192618,2.45025951557,0.245098039216,0.435586963543,1.32914347125,0.0210336715145,,12138ebc6d34b03c6440d89e35b8db35a30d241f9f497044ef308120883e5a5b,logistic_l2,DPB,6798,0.0428692600541,2.45025951557,DPB-DP0,DPB,DP0,DPB_metadata_only,87b4e3df32ffb2f5601da25042d8af73bbad540886603bf8e0299c2d691f7a06,-0.00406702203241,-0.000425977190286,-0.000425977190286,
later,2018-04,2018-04,2018-04-01,logistic_l2,DPB,Promise + both profile blocks,score_only,raw,raw,,55252,4b412a638b1385505cf90636e7df36a90b8c5117a3e28705ec46d4040550ed76,ec3f81b3bf51fb752c527638ded47298092f24e560b5a8f8fe8b1dafceeeeebd,sha256_pickle_protocol_5_fitted_wrapper,6798,306,0.045013239188,0.177601271305,0.0424364082193,0.15902025324,0.780954638993,4.7044982699,3.62638408304,0.362745098039,0.294794735439,1.52990406436,0.043804747529,,12138ebc6d34b03c6440d89e35b8db35a30d241f9f497044ef308120883e5a5b,logistic_l2,DPB,6798,0.0424364082193,3.62638408304,DPB-DP0,DPB,DP0,DPB_score_only,87b4e3df32ffb2f5601da25042d8af73bbad540886603bf8e0299c2d691f7a06,-0.00884847329939,-0.000858829025046,-0.000858829025046,
later,2018-04,2018-04,2018-04-01,logistic_l2,DPG,Promise + geographic profiles,full,raw,raw,none,55252,4b412a638b1385505cf90636e7df36a90b8c5117a3e28705ec46d4040550ed76,46310058a0a9aadd218522726b8446925c75c0030bc8b5acaa9ef01f5abbb15a,sha256_pickle_protocol_5_fitted_wrapper,6798,306,0.045013239188,0.184709492915,0.0435842107462,0.136126933977,0.745300903274,3.92041522491,3.39769319493,0.339869281046,0.176945124814,1.48199747204,0.0474331401207,,12138ebc6d34b03c6440d89e35b8db35a30d241f9f497044ef308120883e5a5b,logistic_l2,DPG,6798,0.0435842107462,3.39769319493,DPG-DP0,DPG,DP0,DPG_full,87b4e3df32ffb2f5601da25042d8af73bbad540886603bf8e0299c2d691f7a06,-0.00174025168947,0.000288973501816,0.000288973501816,
later,2018-04,2018-04,2018-04-01,logistic_l2,DPG,Promise + geographic profiles,metadata_only,raw,raw,,55252,4b412a638b1385505cf90636e7df36a90b8c5117a3e28705ec46d4040550ed76,ca616db13ea7238861ca70ffcd78ad74254549a151d33116b135bda01984cebf,sha256_pickle_protocol_5_fitted_wrapper,6798,306,0.045013239188,0.184233871812,0.0430511287507,0.082277006226,0.63266957019,3.07099192618,2.38491926182,0.238562091503,1.63307995028,1.7915394618,0.0236054074484,,12138ebc6d34b03c6440d89e35b8db35a30d241f9f497044ef308120883e5a5b,logistic_l2,DPG,6798,0.0430511287507,2.38491926182,DPG-DP0,DPG,DP0,DPG_metadata_only,87b4e3df32ffb2f5601da25042d8af73bbad540886603bf8e0299c2d691f7a06,-0.0022158727924,-0.000244108493644,-0.000244108493644,
later,2018-04,2018-04,2018-04-01,logistic_l2,DPG,Promise + geographic profiles,score_only,raw,raw,,55252,4b412a638b1385505cf90636e7df36a90b8c5117a3e28705ec46d4040550ed76,79de5fa7aca279c6e7cb069d1f3ae640ab5bcf240a0d4644dc45b5670bb630c3,sha256_pickle_protocol_5_fitted_wrapper,6798,306,0.045013239188,0.178522569475,0.0423019752046,0.188868143094,0.765103052928,4.96585928489,3.75706459054,0.375816993464,0.63653301106,1.66571148742,0.0419558328969,,12138ebc6d34b03c6440d89e35b8db35a30d241f9f497044ef308120883e5a5b,logistic_l2,DPG,6798,0.0423019752046,3.75706459054,DPG-DP0,DPG,DP0,DPG_score_only,87b4e3df32ffb2f5601da25042d8af73bbad540886603bf8e0299c2d691f7a06,-0.00792717512971,-0.000993262039734,-0.000993262039734,
later,2018-04,2018-04,2018-04-01,logistic_l2,DPS,Promise + seller profiles,full,raw,raw,none,55252,4b412a638b1385505cf90636e7df36a90b8c5117a3e28705ec46d4040550ed76,32e5da99683cdab1f14f37d587aeecf158ffc9b319e27e612f842a71fc1e8c3b,sha256_pickle_protocol_5_fitted_wrapper,6798,306,0.045013239188,0.185967666187,0.0432366894109,0.0709679755633,0.533180103013,1.69884659746,1.17612456747,0.117647058824,-1.04404107049,0.744005738886,0.0193555581281,,12138ebc6d34b03c6440d89e35b8db35a30d241f9f497044ef308120883e5a5b,logistic_l2,DPS,6798,0.0432366894109,1.17612456747,DPS-DP0,DPS,DP0,DPS_full,87b4e3df32ffb2f5601da25042d8af73bbad540886603bf8e0299c2d691f7a06,-0.000482078417696,-5.85478334962e-05,-5.85478334962e-05,
later,2018-04,2018-04,2018-04-01,logistic_l2,DPS,Promise + seller profiles,metadata_only,raw,raw,,55252,4b412a638b1385505cf90636e7df36a90b8c5117a3e28705ec46d4040550ed76,21201f2be61dca4c7ca2088a5dc7bf85e39108cebc9240c59249e783a07bee92,sha256_pickle_protocol_5_fitted_wrapper,6798,306,0.045013239188,0.185827082754,0.0432050759503,0.0750595307363,0.513138845598,1.76418685121,1.37214532872,0.137254901961,-1.1161008091,0.71198126948,0.0176229126121,,12138ebc6d34b03c6440d89e35b8db35a30d241f9f497044ef308120883e5a5b,logistic_l2,DPS,6798,0.0432050759503,1.37214532872,DPS-DP0,DPS,DP0,DPS_metadata_only,87b4e3df32ffb2f5601da25042d8af73bbad540886603bf8e0299c2d691f7a06,-0.000622661850139,-9.01612940298e-05,-9.01612940298e-05,
later,2018-04,2018-04,2018-04-01,logistic_l2,DPS,Promise + seller profiles,score_only,raw,raw,,55252,4b412a638b1385505cf90636e7df36a90b8c5117a3e28705ec46d4040550ed76,905978192326126d970e5d2e1dab677bed8a24d315a7889457eea48e0d4879d3,sha256_pickle_protocol_5_fitted_wrapper,6798,306,0.045013239188,0.186003990569,0.0432569088307,0.0728253358617,0.540620129752,1.69884659746,1.40481545559,0.140522875817,-0.868516537766,0.81178750042,0.0185945493804,,12138ebc6d34b03c6440d89e35b8db35a30d241f9f497044ef308120883e5a5b,logistic_l2,DPS,6798,0.0432569088307,1.40481545559,DPS-DP0,DPS,DP0,DPS_score_only,87b4e3df32ffb2f5601da25042d8af73bbad540886603bf8e0299c2d691f7a06,-0.000445754035924,-3.83284136182e-05,-3.83284136182e-05,
later,2018-04,2018-04,2018-04-01,xgboost,DPB,Promise + both profile blocks,full,raw,raw,none,55252,4b412a638b1385505cf90636e7df36a90b8c5117a3e28705ec46d4040550ed76,8fad62287ec9158c2d5ae5fa3537ddc9bef5344b754166a5a722777f73528650,sha256_pickle_protocol_5_fitted_wrapper,6798,306,0.045013239188,0.186368610313,0.0432864067247,0.0764852503825,0.676836297263,1.37214532872,1.47015570934,0.147058823529,19.8669325648,8.5842468202,0.033378591989,,12138ebc6d34b03c6440d89e35b8db35a30d241f9f497044ef308120883e5a5b,xgboost,DPB,6798,0.0432864067247,1.47015570934,DPB-DP0,DPB,DP0,DPB_full,0ea7f21c9b86473b175c6cf990fa854199a67278d92779725fe4654933f120c6,0.000172760282503,2.09491452797e-05,2.09491452797e-05,
later,2018-04,2018-04,2018-04-01,xgboost,DPB,Promise + both profile blocks,metadata_only,raw,raw,,55252,4b412a638b1385505cf90636e7df36a90b8c5117a3e28705ec46d4040550ed76,9e9bb3c62f14cd563c8580f2b796161695bda98c15006bc3ab6aab3a2af9d3eb,sha256_pickle_protocol_5_fitted_wrapper,6798,306,0.045013239188,0.187215915239,0.0433887367918,0.0451676164275,0.460688418929,0.849423298731,1.11078431373,0.111111111111,-14.2159927662,-4.14734507438,0.0295998438103,,12138ebc6d34b03c6440d89e35b8db35a30d241f9f497044ef308120883e5a5b,xgboost,DPB,6798,0.0433887367918,1.11078431373,DPB-DP0,DPB,DP0,DPB_metadata_only,0ea7f21c9b86473b175c6cf990fa854199a67278d92779725fe4654933f120c6,0.00102006520876,0.00012327921239,0.00012327921239,
later,2018-04,2018-04,2018-04-01,xgboost,DPB,Promise + both profile blocks,score_only,raw,raw,,55252,4b412a638b1385505cf90636e7df36a90b8c5117a3e28705ec46d4040550ed76,1d80c6b674767d246cba21d04bd29e1670eac6ff57f02fcdacde0e0a9b179c3b,sha256_pickle_protocol_5_fitted_wrapper,6798,306,0.045013239188,0.184186045931,0.0430164527976,0.105630878263,0.691372790644,4.37779700115,3.07099192618,0.307189542484,19.4458552657,8.43408981677,0.0308240859967,,12138ebc6d34b03c6440d89e35b8db35a30d241f9f497044ef308120883e5a5b,xgboost,DPB,6798,0.0430164527976,3.07099192618,DPB-DP0,DPB,DP0,DPB_score_only,0ea7f21c9b86473b175c6cf990fa854199a67278d92779725fe4654933f120c6,-0.00200980410006,-0.000249004781802,-0.000249004781802,
later,2018-04,2018-04,2018-04-01,xgboost,DPG,Promise + geographic profiles,full,raw,raw,none,55252,4b412a638b1385505cf90636e7df36a90b8c5117a3e28705ec46d4040550ed76,a8d61fd2fd094af0b68857646ff04fffd5a2e516bd30caf27918f82df51e43f8,sha256_pickle_protocol_5_fitted_wrapper,6798,306,0.045013239188,0.186721301107,0.0433308506042,0.0546871855627,0.525946967409,1.17612456747,0.718742791234,0.0718954248366,6.50010931681,3.58104736343,0.0347416894436,,12138ebc6d34b03c6440d89e35b8db35a30d241f9f497044ef308120883e5a5b,xgboost,DPG,6798,0.0433308506042,0.718742791234,DPG-DP0,DPG,DP0,DPG_full,0ea7f21c9b86473b175c6cf990fa854199a67278d92779725fe4654933f120c6,0.000525451076524,6.53930247894e-05,6.53930247894e-05,
later,2018-04,2018-04,2018-04-01,xgboost,DPG,Promise + geographic profiles,metadata_only,raw,raw,,55252,4b412a638b1385505cf90636e7df36a90b8c5117a3e28705ec46d4040550ed76,ede70cf4b1991f958de30fe65ec688af936f94b78f421ae49f208a14449bf86f,sha256_pickle_protocol_5_fitted_wrapper,6798,306,0.045013239188,0.187333844258,0.0434062238286,0.0465420944776,0.47677131029,0.196020761246,0.196020761246,0.0196078431373,-9.51915045994,-2.40645193414,0.0301263769817,,12138ebc6d34b03c6440d89e35b8db35a30d241f9f497044ef308120883e5a5b,xgboost,DPG,6798,0.0434062238286,0.196020761246,DPG-DP0,DPG,DP0,DPG_metadata_only,0ea7f21c9b86473b175c6cf990fa854199a67278d92779725fe4654933f120c6,0.00113799422687,0.000140766249216,0.000140766249216,
later,2018-04,2018-04,2018-04-01,xgboost,DPG,Promise + geographic profiles,score_only,raw,raw,,55252,4b412a638b1385505cf90636e7df36a90b8c5117a3e28705ec46d4040550ed76,68bdad9b8df0a7b4e8aa8b42fd486529c74fad966d5e9cbb774eb696bf673e26,sha256_pickle_protocol_5_fitted_wrapper,6798,306,0.045013239188,0.184586317607,0.0430728586042,0.0990787234546,0.711425122524,2.87497116494,2.97298154556,0.297385620915,26.3199821576,10.981210066,0.036275052685,,12138ebc6d34b03c6440d89e35b8db35a30d241f9f497044ef308120883e5a5b,xgboost,DPG,6798,0.0430728586042,2.97298154556,DPG-DP0,DPG,DP0,DPG_score_only,0ea7f21c9b86473b175c6cf990fa854199a67278d92779725fe4654933f120c6,-0.00160953242342,-0.000192598975227,-0.000192598975227,
later,2018-04,2018-04,2018-04-01,xgboost,DPS,Promise + seller profiles,full,raw,raw,none,55252,4b412a638b1385505cf90636e7df36a90b8c5117a3e28705ec46d4040550ed76,5611e165b59db55392d941bdb80a2acdec17ba1cd04e5d01544de31bebee6387,sha256_pickle_protocol_5_fitted_wrapper,6798,306,0.045013239188,0.186144052988,0.0432595407145,0.0544268381059,0.543308204366,1.24146482122,1.04544405998,0.104575163399,8.77616147335,4.36019029013,0.0170822037418,,12138ebc6d34b03c6440d89e35b8db35a30d241f9f497044ef308120883e5a5b,xgboost,DPS,6798,0.0432595407145,1.04544405998,DPS-DP0,DPS,DP0,DPS_full,0ea7f21c9b86473b175c6cf990fa854199a67278d92779725fe4654933f120c6,-5.17970427999e-05,-5.91686487356e-06,-5.91686487356e-06,
later,2018-04,2018-04,2018-04-01,xgboost,DPS,Promise + seller profiles,metadata_only,raw,raw,,55252,4b412a638b1385505cf90636e7df36a90b8c5117a3e28705ec46d4040550ed76,3cb0d088e073630dc7c7e1ed96c178b0f37a5911cca526246f229647f75eccd0,sha256_pickle_protocol_5_fitted_wrapper,6798,306,0.045013239188,0.18607048664,0.0432497415745,0.0556584452967,0.532820686295,1.17612456747,1.37214532872,0.137254901961,10.738410518,5.07323626647,0.016778977127,,12138ebc6d34b03c6440d89e35b8db35a30d241f9f497044ef308120883e5a5b,xgboost,DPS,6798,0.0432497415745,1.37214532872,DPS-DP0,DPS,DP0,DPS_metadata_only,0ea7f21c9b86473b175c6cf990fa854199a67278d92779725fe4654933f120c6,-0.000125363390585,-1.5716004848e-05,-1.5716004848e-05,
later,2018-04,2018-04,2018-04-01,xgboost,DPS,Promise + seller profiles,score_only,raw,raw,,55252,4b412a638b1385505cf90636e7df36a90b8c5117a3e28705ec46d4040550ed76,ac06f870de4bb4fb2b0c5570a6f9f271af6773897ba351b7f91feae05a2c48fe,sha256_pickle_protocol_5_fitted_wrapper,6798,306,0.045013239188,0.186089119265,0.0432529088237,0.0535851703754,0.549143943879,1.56816608997,1.33947520185,0.133986928105,13.4344302485,6.07483048555,0.0170030320048,,12138ebc6d34b03c6440d89e35b8db35a30d241f9f497044ef308120883e5a5b,xgboost,DPS,6798,0.0432529088237,1.33947520185,DPS-DP0,DPS,DP0,DPS_score_only,0ea7f21c9b86473b175c6cf990fa854199a67278d92779725fe4654933f120c6,-0.00010673076584,-1.25487556779e-05,-1.25487556779e-05,
later,2018-05,2018-05,2018-05-01,logistic_l2,DPB,Promise + both profile blocks,full,raw,raw,none,63102,3a2c7cf7131e9bd4bb5b4f153fa8d9fc4c621e39e39bbd1626a60fe9aeb83b96,c6e936962d6c6854a87f132513e83bae01e0dd212c0b3d28289bb3c311e56f6d,sha256_pickle_protocol_5_fitted_wrapper,6749,443,0.0656393539784,0.238147554309,0.0631676040429,0.15461466974,0.717571999579,3.38049474401,2.82125240365,0.282167042889,-0.952149024668,0.82302222434,0.0480090407836,,5ba9c39fb7a95e02255cc9707656867769dd51ba2afc32a961f00a0dd34fba0f,logistic_l2,DPB,6749,0.0631676040429,2.82125240365,DPB-DP0,DPB,DP0,DPB_full,64e1b028b5f7b99b94955ca70106b5741930f2a0d899652ee102992d54613f20,-0.00387395886583,0.00186265415232,0.00186265415232,
later,2018-05,2018-05,2018-05-01,logistic_l2,DPB,Promise + both profile blocks,metadata_only,raw,raw,,63102,3a2c7cf7131e9bd4bb5b4f153fa8d9fc4c621e39e39bbd1626a60fe9aeb83b96,d4986692108d94a829d7388be12798249aa508b046f3d79187356eca941a6734,sha256_pickle_protocol_5_fitted_wrapper,6749,443,0.0656393539784,0.235236830281,0.060425140878,0.115556546991,0.639420767351,2.38888295244,1.91845163448,0.191873589165,0.0176242861374,1.09117610405,0.0137196930984,,5ba9c39fb7a95e02255cc9707656867769dd51ba2afc32a961f00a0dd34fba0f,logistic_l2,DPB,6749,0.060425140878,1.91845163448,DPB-DP0,DPB,DP0,DPB_metadata_only,64e1b028b5f7b99b94955ca70106b5741930f2a0d899652ee102992d54613f20,-0.00678468289392,-0.000879809012552,-0.000879809012552,
later,2018-05,2018-05,2018-05-01,logistic_l2,DPB,Promise + both profile blocks,score_only,raw,raw,,63102,3a2c7cf7131e9bd4bb5b4f153fa8d9fc4c621e39e39bbd1626a60fe9aeb83b96,24c530d0f66077a89e132da0eccab2a51b9217d3453717f4e5f4299d11c475c7,sha256_pickle_protocol_5_fitted_wrapper,6749,443,0.0656393539784,0.235208286226,0.0625838474328,0.159019441095,0.725281164737,3.42556800727,3.06952261517,0.306997742664,-0.86121016033,0.866447219942,0.0464892550666,,5ba9c39fb7a95e02255cc9707656867769dd51ba2afc32a961f00a0dd34fba0f,logistic_l2,DPB,6749,0.0625838474328,3.06952261517,DPB-DP0,DPB,DP0,DPB_score_only,64e1b028b5f7b99b94955ca70106b5741930f2a0d899652ee102992d54613f20,-0.0068132269489,0.00127889754225,0.00127889754225,
later,2018-05,2018-05,2018-05-01,logistic_l2,DPG,Promise + geographic profiles,full,raw,raw,none,63102,3a2c7cf7131e9bd4bb5b4f153fa8d9fc4c621e39e39bbd1626a60fe9aeb83b96,941976c4b6900f085c7230aebd1aef0138279d64d33d8f84ee6afb30a68739dc,sha256_pickle_protocol_5_fitted_wrapper,6749,443,0.0656393539784,0.245205085362,0.0646185948389,0.141555046768,0.697067682146,3.15512842775,2.84382242287,0.284424379233,-1.09495392965,0.769755895679,0.0541152595533,,5ba9c39fb7a95e02255cc9707656867769dd51ba2afc32a961f00a0dd34fba0f,logistic_l2,DPG,6749,0.0646185948389,2.84382242287,DPG-DP0,DPG,DP0,DPG_full,64e1b028b5f7b99b94955ca70106b5741930f2a0d899652ee102992d54613f20,0.00318357218684,0.00331364494838,0.00331364494838,
later,2018-05,2018-05,2018-05-01,logistic_l2,DPG,Promise + geographic profiles,metadata_only,raw,raw,,63102,3a2c7cf7131e9bd4bb5b4f153fa8d9fc4c621e39e39bbd1626a60fe9aeb83b96,c5f878e7845ef57dd5ef780d90fa5abbc8174ca50c433ef9e2ef2ee654d73b2c,sha256_pickle_protocol_5_fitted_wrapper,6749,443,0.0656393539784,0.237917797872,0.0607969327333,0.106272436231,0.649154232703,2.02829684641,1.73789148065,0.17381489842,0.466763731014,1.29913677924,0.0208503043963,,5ba9c39fb7a95e02255cc9707656867769dd51ba2afc32a961f00a0dd34fba0f,logistic_l2,DPG,6749,0.0607969327333,1.73789148065,DPG-DP0,DPG,DP0,DPG_metadata_only,64e1b028b5f7b99b94955ca70106b5741930f2a0d899652ee102992d54613f20,-0.00410371530348,-0.000508017157238,-0.000508017157238,
later,2018-05,2018-05,2018-05-01,logistic_l2,DPG,Promise + geographic profiles,score_only,raw,raw,,63102,3a2c7cf7131e9bd4bb5b4f153fa8d9fc4c621e39e39bbd1626a60fe9aeb83b96,ee6f6be0f0967a0fd4c1a868dc4872d5755368246aae25f471558eff76ce7328,sha256_pickle_protocol_5_fitted_wrapper,6749,443,0.0656393539784,0.24075411877,0.0637296625552,0.145305472748,0.707471976598,3.200201691,2.82125240365,0.282167042889,-0.974229424865,0.821170179892,0.0500084556925,,5ba9c39fb7a95e02255cc9707656867769dd51ba2afc32a961f00a0dd34fba0f,logistic_l2,DPG,6749,0.0637296625552,2.82125240365,DPG-DP0,DPG,DP0,DPG_score_only,64e1b028b5f7b99b94955ca70106b5741930f2a0d899652ee102992d54613f20,-0.00126739440553,0.00242471266464,0.00242471266464,
later,2018-05,2018-05,2018-05-01,logistic_l2,DPS,Promise + seller profiles,full,raw,raw,none,63102,3a2c7cf7131e9bd4bb5b4f153fa8d9fc4c621e39e39bbd1626a60fe9aeb83b96,b7e9a00da738829a2d21200f3712000581c47366bd7f48f1b3a32351ea8c6329,sha256_pickle_protocol_5_fitted_wrapper,6749,443,0.0656393539784,0.240704657893,0.0611577425357,0.0852713338575,0.570914582765,1.21697810784,1.4670512499,0.146726862302,-0.313257723547,0.92368507371,0.0104393655473,,5ba9c39fb7a95e02255cc9707656867769dd51ba2afc32a961f00a0dd34fba0f,logistic_l2,DPS,6749,0.0611577425357,1.4670512499,DPS-DP0,DPS,DP0,DPS_full,64e1b028b5f7b99b94955ca70106b5741930f2a0d899652ee102992d54613f20,-0.00131685528265,-0.000147207354828,-0.000147207354828,
later,2018-05,2018-05,2018-05-01,logistic_l2,DPS,Promise + seller profiles,metadata_only,raw,raw,,63102,3a2c7cf7131e9bd4bb5b4f153fa8d9fc4c621e39e39bbd1626a60fe9aeb83b96,4199f930cf71fcbda272f09c704a5d80a3ffccda43e72a052029249c6d73afd0,sha256_pickle_protocol_5_fitted_wrapper,6749,443,0.0656393539784,0.240706606731,0.0611513896313,0.0860518402673,0.568114211339,1.75785726689,1.60247136527,0.160270880361,-0.03547801338,1.03677022943,0.0155681517404,,5ba9c39fb7a95e02255cc9707656867769dd51ba2afc32a961f00a0dd34fba0f,logistic_l2,DPS,6749,0.0611513896313,1.60247136527,DPS-DP0,DPS,DP0,DPS_metadata_only,64e1b028b5f7b99b94955ca70106b5741930f2a0d899652ee102992d54613f20,-0.00131490644458,-0.000153560259214,-0.000153560259214,
later,2018-05,2018-05,2018-05-01,logistic_l2,DPS,Promise + seller profiles,score_only,raw,raw,,63102,3a2c7cf7131e9bd4bb5b4f153fa8d9fc4c621e39e39bbd1626a60fe9aeb83b96,1fafb72e0ffd048bfe66fa558506c00e40fdb93bf52f20bb462738f2566052f7,sha256_pickle_protocol_5_fitted_wrapper,6749,443,0.0656393539784,0.240237951052,0.0611031483757,0.0863057197155,0.583896951486,1.30712463435,1.44448123067,0.144469525959,0.211769284859,1.1378993676,0.008934078611,,5ba9c39fb7a95e02255cc9707656867769dd51ba2afc32a961f00a0dd34fba0f,logistic_l2,DPS,6749,0.0611031483757,1.44448123067,DPS-DP0,DPS,DP0,DPS_score_only,64e1b028b5f7b99b94955ca70106b5741930f2a0d899652ee102992d54613f20,-0.00178356212368,-0.000201801514843,-0.000201801514843,
later,2018-05,2018-05,2018-05-01,xgboost,DPB,Promise + both profile blocks,full,raw,raw,none,63102,3a2c7cf7131e9bd4bb5b4f153fa8d9fc4c621e39e39bbd1626a60fe9aeb83b96,f7279a61afdf97e860a43a3d4fe9d19529dc873ad82b702c04185e39e7aea774,sha256_pickle_protocol_5_fitted_wrapper,6749,443,0.0656393539784,0.239674392382,0.0609301226906,0.126299284731,0.662724382311,2.79454232172,2.39242203829,0.23927765237,9.58138315035,5.01388511389,0.0303127507419,,5ba9c39fb7a95e02255cc9707656867769dd51ba2afc32a961f00a0dd34fba0f,xgboost,DPB,6749,0.0609301226906,2.39242203829,DPB-DP0,DPB,DP0,DPB_full,f6acfe0a8836588b73e5bd1b7b58528987fdd1c87c31c25417fc813a43da1265,-0.00278828623472,-0.000432927774284,-0.000432927774284,
later,2018-05,2018-05,2018-05-01,xgboost,DPB,Promise + both profile blocks,metadata_only,raw,raw,,63102,3a2c7cf7131e9bd4bb5b4f153fa8d9fc4c621e39e39bbd1626a60fe9aeb83b96,d5942a60fb89fe9b53d4578770d5673bdf80afeaaaa39375a23e85e945cd0094,sha256_pickle_protocol_5_fitted_wrapper,6749,443,0.0656393539784,0.241697511698,0.0612570145518,0.0912100101254,0.629493105208,1.35219789761,1.67018142296,0.167042889391,3.4283747664,2.45113370668,0.0223158622586,,5ba9c39fb7a95e02255cc9707656867769dd51ba2afc32a961f00a0dd34fba0f,xgboost,DPB,6749,0.0612570145518,1.67018142296,DPB-DP0,DPB,DP0,DPB_metadata_only,f6acfe0a8836588b73e5bd1b7b58528987fdd1c87c31c25417fc813a43da1265,-0.000765166918491,-0.00010603591309,-0.00010603591309,
later,2018-05,2018-05,2018-05-01,xgboost,DPB,Promise + both profile blocks,score_only,raw,raw,,63102,3a2c7cf7131e9bd4bb5b4f153fa8d9fc4c621e39e39bbd1626a60fe9aeb83b96,21db92a0dd604243227b03a6241ec2341ac3f0469993ae0a99fcff6655bc65f3,sha256_pickle_protocol_5_fitted_wrapper,6749,443,0.0656393539784,0.238061300959,0.0606734309577,0.134258625417,0.692105730398,2.79454232172,2.52784215367,0.252821670429,6.73099524701,3.85842898068,0.0366953733228,,5ba9c39fb7a95e02255cc9707656867769dd51ba2afc32a961f00a0dd34fba0f,xgboost,DPB,6749,0.0606734309577,2.52784215367,DPB-DP0,DPB,DP0,DPB_score_only,f6acfe0a8836588b73e5bd1b7b58528987fdd1c87c31c25417fc813a43da1265,-0.00440137765706,-0.000689619507159,-0.000689619507159,
later,2018-05,2018-05,2018-05-01,xgboost,DPG,Promise + geographic profiles,full,raw,raw,none,63102,3a2c7cf7131e9bd4bb5b4f153fa8d9fc4c621e39e39bbd1626a60fe9aeb83b96,6acd2317a934e6d5124f16b9e07c2ae0eadc7cd2998b1564c276beacbfee9dfa,sha256_pickle_protocol_5_fitted_wrapper,6749,443,0.0656393539784,0.240107915949,0.0610073711128,0.121922865519,0.67915575764,2.29873642593,2.166721846,0.216704288939,11.826226137,5.92554752827,0.0351402247671,,5ba9c39fb7a95e02255cc9707656867769dd51ba2afc32a961f00a0dd34fba0f,xgboost,DPG,6749,0.0610073711128,2.166721846,DPG-DP0,DPG,DP0,DPG_full,f6acfe0a8836588b73e5bd1b7b58528987fdd1c87c31c25417fc813a43da1265,-0.00235476266734,-0.000355679352078,-0.000355679352078,
later,2018-05,2018-05,2018-05-01,xgboost,DPG,Promise + geographic profiles,metadata_only,raw,raw,,63102,3a2c7cf7131e9bd4bb5b4f153fa8d9fc4c621e39e39bbd1626a60fe9aeb83b96,bfc05052d9d7037a852f0d8512b64e210602c410373fe3a783b36eff89fbf3fb,sha256_pickle_protocol_5_fitted_wrapper,6749,443,0.0656393539784,0.23968609901,0.0608882016732,0.106470921485,0.622710715153,2.83961558497,2.18929186523,0.218961625282,2.71894357405,2.2034827791,0.0235579050895,,5ba9c39fb7a95e02255cc9707656867769dd51ba2afc32a961f00a0dd34fba0f,xgboost,DPG,6749,0.0608882016732,2.18929186523,DPG-DP0,DPG,DP0,DPG_metadata_only,f6acfe0a8836588b73e5bd1b7b58528987fdd1c87c31c25417fc813a43da1265,-0.00277657960681,-0.000474848791748,-0.000474848791748,
later,2018-05,2018-05,2018-05-01,xgboost,DPG,Promise + geographic profiles,score_only,raw,raw,,63102,3a2c7cf7131e9bd4bb5b4f153fa8d9fc4c621e39e39bbd1626a60fe9aeb83b96,54b5cafa2cd16db295e35f4a63583af12655b9adb728ac559700a016b2dc2379,sha256_pickle_protocol_5_fitted_wrapper,6749,443,0.0656393539784,0.239776871462,0.0609581707517,0.115579330287,0.665107543856,2.29873642593,2.30214196137,0.230248306998,6.96777556986,3.92588995807,0.0319029728666,,5ba9c39fb7a95e02255cc9707656867769dd51ba2afc32a961f00a0dd34fba0f,xgboost,DPG,6749,0.0609581707517,2.30214196137,DPG-DP0,DPG,DP0,DPG_score_only,f6acfe0a8836588b73e5bd1b7b58528987fdd1c87c31c25417fc813a43da1265,-0.00268580715391,-0.000404879713182,-0.000404879713182,
later,2018-05,2018-05,2018-05-01,xgboost,DPS,Promise + seller profiles,full,raw,raw,none,63102,3a2c7cf7131e9bd4bb5b4f153fa8d9fc4c621e39e39bbd1626a60fe9aeb83b96,97c56a860b55d7a9fb272a61e1b5061e19ed12cd4deb8ebe7d8a04a8805e1039,sha256_pickle_protocol_5_fitted_wrapper,6749,443,0.0656393539784,0.242859162961,0.0614179198735,0.0697299449614,0.516395041735,0.856392001817,0.677100576875,0.0677200902935,-0.641898463013,0.801880320784,0.017532775303,,5ba9c39fb7a95e02255cc9707656867769dd51ba2afc32a961f00a0dd34fba0f,xgboost,DPS,6749,0.0614179198735,0.677100576875,DPS-DP0,DPS,DP0,DPS_full,f6acfe0a8836588b73e5bd1b7b58528987fdd1c87c31c25417fc813a43da1265,0.000396484344706,5.48694085748e-05,5.48694085748e-05,
later,2018-05,2018-05,2018-05-01,xgboost,DPS,Promise + seller profiles,metadata_only,raw,raw,,63102,3a2c7cf7131e9bd4bb5b4f153fa8d9fc4c621e39e39bbd1626a60fe9aeb83b96,de4dfd9569f9e3139f3158b1f8c8363d75c2d45dc8ea884e982355ac943335e6,sha256_pickle_protocol_5_fitted_wrapper,6749,443,0.0656393539784,0.242544816016,0.0613745715742,0.0746702903139,0.541966911015,0.676098948803,1.10593094223,0.110609480813,8.22115093348,4.32408491659,0.016709668805,,5ba9c39fb7a95e02255cc9707656867769dd51ba2afc32a961f00a0dd34fba0f,xgboost,DPS,6749,0.0613745715742,1.10593094223,DPS-DP0,DPS,DP0,DPS_metadata_only,f6acfe0a8836588b73e5bd1b7b58528987fdd1c87c31c25417fc813a43da1265,8.21373997886e-05,1.15211092623e-05,1.15211092623e-05,
later,2018-05,2018-05,2018-05-01,xgboost,DPS,Promise + seller profiles,score_only,raw,raw,,63102,3a2c7cf7131e9bd4bb5b4f153fa8d9fc4c621e39e39bbd1626a60fe9aeb83b96,db2e8cddffd2aad34fdee8b8bda875a572b8b3f8702f29651bff57aafe7931c9,sha256_pickle_protocol_5_fitted_wrapper,6749,443,0.0656393539784,0.242616976987,0.061383819737,0.0799588366491,0.539257105097,1.71278400363,1.6250413845,0.162528216704,9.01810174596,4.64532019025,0.0157836208926,,5ba9c39fb7a95e02255cc9707656867769dd51ba2afc32a961f00a0dd34fba0f,xgboost,DPS,6749,0.061383819737,1.6250413845,DPS-DP0,DPS,DP0,DPS_score_only,f6acfe0a8836588b73e5bd1b7b58528987fdd1c87c31c25417fc813a43da1265,0.000154298370797,2.07692720666e-05,2.07692720666e-05,
later,2018-06,2018-06,2018-06-01,logistic_l2,DPB,Promise + both profile blocks,full,raw,raw,none,70213,b4b7730fb73b48d8c9ea1119a7fd918eac0ff0054243f3208bac0ffcbe3027d2,1542ba17a90d1013616ba6b3db287b43556717f771b0209f9023aa104ef2eaeb,sha256_pickle_protocol_5_fitted_wrapper,6096,71,0.0116469816273,0.0850978492798,0.014404013319,0.0510519748298,0.743961194553,5.06709766798,3.51881782498,0.352112676056,-1.470076319,1.0636288273,0.0426334187857,,93d1e83d8d3dc0b917f21633c2bfe0cd78c570027229894e2260c262d727c336,logistic_l2,DPB,6096,0.014404013319,3.51881782498,DPB-DP0,DPB,DP0,DPB_full,dba6c728dea00a062ea3492fa346ad045cc15bb612707f7fee7288136b7b53a5,-0.0207451226746,-0.000931585704574,-0.000931585704574,
later,2018-06,2018-06,2018-06-01,logistic_l2,DPB,Promise + both profile blocks,metadata_only,raw,raw,,70213,b4b7730fb73b48d8c9ea1119a7fd918eac0ff0054243f3208bac0ffcbe3027d2,7838f1d24c475f844619573021fac19c3464edf3a422ef1911243fbe232a33dc,sha256_pickle_protocol_5_fitted_wrapper,6096,71,0.0116469816273,0.0955783399975,0.0147439777652,0.0185190543946,0.625915492958,0.844516277996,1.97053798199,0.197183098592,-2.3332964275,0.774759645124,0.0505972091139,,93d1e83d8d3dc0b917f21633c2bfe0cd78c570027229894e2260c262d727c336,logistic_l2,DPB,6096,0.0147439777652,1.97053798199,DPB-DP0,DPB,DP0,DPB_metadata_only,dba6c728dea00a062ea3492fa346ad045cc15bb612707f7fee7288136b7b53a5,-0.0102646319569,-0.000591621258452,-0.000591621258452,
later,2018-06,2018-06,2018-06-01,logistic_l2,DPB,Promise + both profile blocks,score_only,raw,raw,,70213,b4b7730fb73b48d8c9ea1119a7fd918eac0ff0054243f3208bac0ffcbe3027d2,20f685a54a2f7e78d2cd693cd2e51c3947e4787ca6cc418da79ac86834ef04d1,sha256_pickle_protocol_5_fitted_wrapper,6096,71,0.0116469816273,0.0839160713137,0.0141264087307,0.0773014563482,0.74581964818,5.06709766798,3.23731239898,0.323943661972,-1.25148791337,1.14999874411,0.042061882179,,93d1e83d8d3dc0b917f21633c2bfe0cd78c570027229894e2260c262d727c336,logistic_l2,DPB,6096,0.0141264087307,3.23731239898,DPB-DP0,DPB,DP0,DPB_score_only,dba6c728dea00a062ea3492fa346ad045cc15bb612707f7fee7288136b7b53a5,-0.0219269006407,-0.00120919029296,-0.00120919029296,
later,2018-06,2018-06,2018-06-01,logistic_l2,DPG,Promise + geographic profiles,full,raw,raw,none,70213,b4b7730fb73b48d8c9ea1119a7fd918eac0ff0054243f3208bac0ffcbe3027d2,91b50c1ef01ed77d14e0266d45f10364024991be1edc10ce3d8e2a253a8e1700,sha256_pickle_protocol_5_fitted_wrapper,6096,71,0.0116469816273,0.0943584936353,0.0157865572736,0.0549078942347,0.76501899363,5.06709766798,3.37806511198,0.338028169014,-1.33995576506,1.21873580977,0.0537492455504,,93d1e83d8d3dc0b917f21633c2bfe0cd78c570027229894e2260c262d727c336,logistic_l2,DPG,6096,0.0157865572736,3.37806511198,DPG-DP0,DPG,DP0,DPG_full,dba6c728dea00a062ea3492fa346ad045cc15bb612707f7fee7288136b7b53a5,-0.0114844783192,0.000450958250015,0.000450958250015,
later,2018-06,2018-06,2018-06-01,logistic_l2,DPG,Promise + geographic profiles,metadata_only,raw,raw,,70213,b4b7730fb73b48d8c9ea1119a7fd918eac0ff0054243f3208bac0ffcbe3027d2,ab402471c499edb880dea388050b6f17b5ec079c94bf326018885cf57edd520c,sha256_pickle_protocol_5_fitted_wrapper,6096,71,0.0116469816273,0.101318315183,0.0151151532243,0.0271578786894,0.68232598913,3.37806511198,3.51881782498,0.352112676056,-0.711921482339,1.45673249903,0.0580619442803,,93d1e83d8d3dc0b917f21633c2bfe0cd78c570027229894e2260c262d727c336,logistic_l2,DPG,6096,0.0151151532243,3.51881782498,DPG-DP0,DPG,DP0,DPG_metadata_only,dba6c728dea00a062ea3492fa346ad045cc15bb612707f7fee7288136b7b53a5,-0.00452465677131,-0.000220445799319,-0.000220445799319,
later,2018-06,2018-06,2018-06-01,logistic_l2,DPG,Promise + geographic profiles,score_only,raw,raw,,70213,b4b7730fb73b48d8c9ea1119a7fd918eac0ff0054243f3208bac0ffcbe3027d2,bab32b5a11c8dc8dbd1cbb570051421317b4796d64a97402f2942d3faac2dd3b,sha256_pickle_protocol_5_fitted_wrapper,6096,71,0.0116469816273,0.0927632745672,0.0154761396158,0.0744931967441,0.769855648413,5.91161394597,3.94107596398,0.394366197183,-1.16968648451,1.28942968626,0.0526814506559,,93d1e83d8d3dc0b917f21633c2bfe0cd78c570027229894e2260c262d727c336,logistic_l2,DPG,6096,0.0154761396158,3.94107596398,DPG-DP0,DPG,DP0,DPG_score_only,dba6c728dea00a062ea3492fa346ad045cc15bb612707f7fee7288136b7b53a5,-0.0130796973872,0.00014054059223,0.00014054059223,
later,2018-06,2018-06,2018-06-01,logistic_l2,DPS,Promise + seller profiles,full,raw,raw,none,70213,b4b7730fb73b48d8c9ea1119a7fd918eac0ff0054243f3208bac0ffcbe3027d2,4bac0169fa53dda3803eae4f954f7566a15776bbcaf5d4bbf184668e00767c32,sha256_pickle_protocol_5_fitted_wrapper,6096,71,0.0116469816273,0.098489916339,0.0146168031718,0.0106338619086,0.460653380866,1.12602170399,0.844516277996,0.0845070422535,-5.91853599023,-0.542076599491,0.0525797455246,,93d1e83d8d3dc0b917f21633c2bfe0cd78c570027229894e2260c262d727c336,logistic_l2,DPS,6096,0.0146168031718,0.844516277996,DPS-DP0,DPS,DP0,DPS_full,dba6c728dea00a062ea3492fa346ad045cc15bb612707f7fee7288136b7b53a5,-0.00735305561546,-0.0007187958518,-0.0007187958518,
later,2018-06,2018-06,2018-06-01,logistic_l2,DPS,Promise + seller profiles,metadata_only,raw,raw,,70213,b4b7730fb73b48d8c9ea1119a7fd918eac0ff0054243f3208bac0ffcbe3027d2,94be9a1034661dd6bcf2db71e69cce2db43727409efe4f8e46bda0fa320d70d2,sha256_pickle_protocol_5_fitted_wrapper,6096,71,0.0116469816273,0.10131500077,0.0149422547819,0.0108892013275,0.471539945065,0.844516277996,0.563010851997,0.056338028169,-6.05930004638,-0.60781064942,0.0559480838346,,93d1e83d8d3dc0b917f21633c2bfe0cd78c570027229894e2260c262d727c336,logistic_l2,DPS,6096,0.0149422547819,0.563010851997,DPS-DP0,DPS,DP0,DPS_metadata_only,dba6c728dea00a062ea3492fa346ad045cc15bb612707f7fee7288136b7b53a5,-0.00452797118494,-0.000393344241717,-0.000393344241717,
later,2018-06,2018-06,2018-06-01,logistic_l2,DPS,Promise + seller profiles,score_only,raw,raw,,70213,b4b7730fb73b48d8c9ea1119a7fd918eac0ff0054243f3208bac0ffcbe3027d2,61be1d28faab3dfeffeb7d0cea910515bcf8123fef60d82e13033c277c2e7462,sha256_pickle_protocol_5_fitted_wrapper,6096,71,0.0116469816273,0.0985508989167,0.0145853984409,0.0109388350695,0.477868038104,0.563010851997,0.703763564997,0.0704225352113,-5.679627301,-0.457000908112,0.0528851753949,,93d1e83d8d3dc0b917f21633c2bfe0cd78c570027229894e2260c262d727c336,logistic_l2,DPS,6096,0.0145853984409,0.703763564997,DPS-DP0,DPS,DP0,DPS_score_only,dba6c728dea00a062ea3492fa346ad045cc15bb612707f7fee7288136b7b53a5,-0.00729207303771,-0.000750200582695,-0.000750200582695,
later,2018-06,2018-06,2018-06-01,xgboost,DPB,Promise + both profile blocks,full,raw,raw,none,70213,b4b7730fb73b48d8c9ea1119a7fd918eac0ff0054243f3208bac0ffcbe3027d2,7a6e5ab62b064d2d77bce9e8abef215460ed7d55cf73ea551dd830ca6175ee2a,sha256_pickle_protocol_5_fitted_wrapper,6096,71,0.0116469816273,0.105083727174,0.0152493466756,0.0341289081381,0.665890947344,3.94107596398,2.81505425999,0.281690140845,16.1451559843,8.19126753007,0.0616694065715,,93d1e83d8d3dc0b917f21633c2bfe0cd78c570027229894e2260c262d727c336,xgboost,DPB,6096,0.0152493466756,2.81505425999,DPB-DP0,DPB,DP0,DPB_full,576616a45e4d43f274301c9b0102eaede5e92598d28ef4094ddd919b1580831f,-0.000205553600896,-1.43157567461e-05,-1.43157567461e-05,
later,2018-06,2018-06,2018-06-01,xgboost,DPB,Promise + both profile blocks,metadata_only,raw,raw,,70213,b4b7730fb73b48d8c9ea1119a7fd918eac0ff0054243f3208bac0ffcbe3027d2,e1375c1d011afdda9afa9157e625dfa33c4d7bd288b52c43d9eb00dba0eeced0,sha256_pickle_protocol_5_fitted_wrapper,6096,71,0.0116469816273,0.105229791103,0.0152914801199,0.0149179322076,0.585061071825,0,0.281505425999,0.0281690140845,-2.97512254661,0.575793242876,0.0611503395738,,93d1e83d8d3dc0b917f21633c2bfe0cd78c570027229894e2260c262d727c336,xgboost,DPB,6096,0.0152914801199,0.281505425999,DPB-DP0,DPB,DP0,DPB_metadata_only,576616a45e4d43f274301c9b0102eaede5e92598d28ef4094ddd919b1580831f,-5.94896721257e-05,2.7817687544e-05,2.7817687544e-05,
later,2018-06,2018-06,2018-06-01,xgboost,DPB,Promise + both profile blocks,score_only,raw,raw,,70213,b4b7730fb73b48d8c9ea1119a7fd918eac0ff0054243f3208bac0ffcbe3027d2,9c3ce08f284d70c26d10c330aa61b98a1da25eb2ca26a33dd0fa843b312df56a,sha256_pickle_protocol_5_fitted_wrapper,6096,71,0.0116469816273,0.10444162132,0.0151547931228,0.043338841751,0.694744900941,5.34860309397,3.65957053798,0.366197183099,15.4504659112,7.91756825547,0.0613047103825,,93d1e83d8d3dc0b917f21633c2bfe0cd78c570027229894e2260c262d727c336,xgboost,DPB,6096,0.0151547931228,3.65957053798,DPB-DP0,DPB,DP0,DPB_score_only,576616a45e4d43f274301c9b0102eaede5e92598d28ef4094ddd919b1580831f,-0.000847659454595,-0.000108869309596,-0.000108869309596,
later,2018-06,2018-06,2018-06-01,xgboost,DPG,Promise + geographic profiles,full,raw,raw,none,70213,b4b7730fb73b48d8c9ea1119a7fd918eac0ff0054243f3208bac0ffcbe3027d2,3aba885566eed5a3ad888875ad60c23bba114ea85bd52d5947ab88d1b372f455,sha256_pickle_protocol_5_fitted_wrapper,6096,71,0.0116469816273,0.103691625877,0.0150587582923,0.0461452638286,0.685840687277,5.63010851997,4.22258138998,0.422535211268,19.8902517506,9.61989268078,0.0602859463274,,93d1e83d8d3dc0b917f21633c2bfe0cd78c570027229894e2260c262d727c336,xgboost,DPG,6096,0.0150587582923,4.22258138998,DPG-DP0,DPG,DP0,DPG_full,576616a45e4d43f274301c9b0102eaede5e92598d28ef4094ddd919b1580831f,-0.00159765489757,-0.000204904140027,-0.000204904140027,
later,2018-06,2018-06,2018-06-01,xgboost,DPG,Promise + geographic profiles,metadata_only,raw,raw,,70213,b4b7730fb73b48d8c9ea1119a7fd918eac0ff0054243f3208bac0ffcbe3027d2,d89c7334746bfc0cc6910ce8107026b4e2f9979d63d36b641df8269e57266a95,sha256_pickle_protocol_5_fitted_wrapper,6096,71,0.0116469816273,0.105645555113,0.0153592898866,0.0148339852703,0.588312781252,0,0.281505425999,0.0281690140845,-2.28924843966,0.848057862044,0.061647420303,,93d1e83d8d3dc0b917f21633c2bfe0cd78c570027229894e2260c262d727c336,xgboost,DPG,6096,0.0153592898866,0.281505425999,DPG-DP0,DPG,DP0,DPG_metadata_only,576616a45e4d43f274301c9b0102eaede5e92598d28ef4094ddd919b1580831f,0.00035627433823,9.56274541825e-05,9.56274541825e-05,
later,2018-06,2018-06,2018-06-01,xgboost,DPG,Promise + geographic profiles,score_only,raw,raw,,70213,b4b7730fb73b48d8c9ea1119a7fd918eac0ff0054243f3208bac0ffcbe3027d2,5ccf0946d7a52e0333cbf8847d0593c572c030cb7fa06b0d31d7b10c479eb86d,sha256_pickle_protocol_5_fitted_wrapper,6096,71,0.0116469816273,0.105523447989,0.0153082173559,0.0321207270938,0.691117994273,4.50408681598,2.67430154699,0.267605633803,16.0020899673,8.17424458161,0.0622840401352,,93d1e83d8d3dc0b917f21633c2bfe0cd78c570027229894e2260c262d727c336,xgboost,DPG,6096,0.0153082173559,2.67430154699,DPG-DP0,DPG,DP0,DPG_score_only,576616a45e4d43f274301c9b0102eaede5e92598d28ef4094ddd919b1580831f,0.000234167214137,4.45549235184e-05,4.45549235184e-05,
later,2018-06,2018-06,2018-06-01,xgboost,DPS,Promise + seller profiles,full,raw,raw,none,70213,b4b7730fb73b48d8c9ea1119a7fd918eac0ff0054243f3208bac0ffcbe3027d2,54c802feb6b34c504a42b92ab52f2732897f2aaf85e964356c73b2cdc724b41f,sha256_pickle_protocol_5_fitted_wrapper,6096,71,0.0116469816273,0.105210795878,0.0152525728303,0.0111454132155,0.469909414996,0.563010851997,0.563010851997,0.056338028169,-14.6487852214,-4.00730019138,0.0610931528148,,93d1e83d8d3dc0b917f21633c2bfe0cd78c570027229894e2260c262d727c336,xgboost,DPS,6096,0.0152525728303,0.563010851997,DPS-DP0,DPS,DP0,DPS_full,576616a45e4d43f274301c9b0102eaede5e92598d28ef4094ddd919b1580831f,-7.84848970169e-05,-1.10896020977e-05,-1.10896020977e-05,
later,2018-06,2018-06,2018-06-01,xgboost,DPS,Promise + seller profiles,metadata_only,raw,raw,,70213,b4b7730fb73b48d8c9ea1119a7fd918eac0ff0054243f3208bac0ffcbe3027d2,52d2f61d084249b6bb3fa2f4bc5bc57a1bab3a472971b91828348088868d4fbf,sha256_pickle_protocol_5_fitted_wrapper,6096,71,0.0116469816273,0.105215857492,0.0152537895792,0.0127822379159,0.515182046637,1.68903255599,0.985268990995,0.0985915492958,0.169782604251,1.81250908616,0.0611617979594,,93d1e83d8d3dc0b917f21633c2bfe0cd78c570027229894e2260c262d727c336,xgboost,DPS,6096,0.0152537895792,0.985268990995,DPS-DP0,DPS,DP0,DPS_metadata_only,576616a45e4d43f274301c9b0102eaede5e92598d28ef4094ddd919b1580831f,-7.34232833386e-05,-9.8728531675e-06,-9.8728531675e-06,
later,2018-06,2018-06,2018-06-01,xgboost,DPS,Promise + seller profiles,score_only,raw,raw,,70213,b4b7730fb73b48d8c9ea1119a7fd918eac0ff0054243f3208bac0ffcbe3027d2,5f12d097c1fbf68c75004bb4c4a4523d038ea718961c4d706b79d90f838a127a,sha256_pickle_protocol_5_fitted_wrapper,6096,71,0.0116469816273,0.105094789811,0.0152375006932,0.0109672723818,0.453739699608,0.563010851997,0.844516277996,0.0845070422535,-11.8913107497,-2.92278498547,0.0609681159979,,93d1e83d8d3dc0b917f21633c2bfe0cd78c570027229894e2260c262d727c336,xgboost,DPS,6096,0.0152375006932,0.844516277996,DPS-DP0,DPS,DP0,DPS_score_only,576616a45e4d43f274301c9b0102eaede5e92598d28ef4094ddd919b1580831f,-0.000194490964453,-2.61617391246e-05,-2.61617391246e-05,
later_aggregate,monthly_median,monthly_median,,logistic_l2,DPB,Promise + both profile blocks,full,raw,raw,,,,,,6773.5,423,,0.22223417733,0.0576489570817,,,,,,,,,,monthly_medians_no_single_order_hash,logistic_l2,DPB,6773.5,0.0576489570817,,DPB-DP0,DPB,DP0,DPB_full,,-0.0188355042404,-0.00146902299902,-0.00146902299902,5
later_aggregate,monthly_median,monthly_median,,logistic_l2,DPB,Promise + both profile blocks,metadata_only,raw,raw,,,,,,6773.5,423,,0.227499623424,0.0570431321177,,,,,,,,,,monthly_medians_no_single_order_hash,logistic_l2,DPB,6773.5,0.0570431321177,,DPB-DP0,DPB,DP0,DPB_metadata_only,,-0.00852465742543,-0.000735715135502,-0.000735715135502,6
later_aggregate,monthly_median,monthly_median,,logistic_l2,DPB,Promise + both profile blocks,score_only,raw,raw,,,,,,6773.5,423,,0.220697832172,0.057355587654,,,,,,,,,,monthly_medians_no_single_order_hash,logistic_l2,DPB,6773.5,0.057355587654,,DPB-DP0,DPB,DP0,DPB_score_only,,-0.0194931043395,-0.00160931641589,-0.00160931641589,5
later_aggregate,monthly_median,monthly_median,,logistic_l2,DPG,Promise + geographic profiles,full,raw,raw,,,,,,6773.5,423,,0.227342466468,0.0585549927078,,,,,,,,,,monthly_medians_no_single_order_hash,logistic_l2,DPG,6773.5,0.0585549927078,,DPG-DP0,DPG,DP0,DPG_full,,-0.0126256584508,-0.000678203167734,-0.000678203167734,3
later_aggregate,monthly_median,monthly_median,,logistic_l2,DPG,Promise + geographic profiles,metadata_only,raw,raw,,,,,,6773.5,423,,0.229572057267,0.0573280304351,,,,,,,,,,monthly_medians_no_single_order_hash,logistic_l2,DPG,6773.5,0.0573280304351,,DPG-DP0,DPG,DP0,DPG_metadata_only,,-0.0043141860374,-0.000392829717202,-0.000392829717202,6
later_aggregate,monthly_median,monthly_median,,logistic_l2,DPG,Promise + geographic profiles,score_only,raw,raw,,,,,,6773.5,423,,0.225270189814,0.0581407892434,,,,,,,,,,monthly_medians_no_single_order_hash,logistic_l2,DPG,6773.5,0.0581407892434,,DPG-DP0,DPG,DP0,DPG_score_only,,-0.0132700613425,-0.00128905826106,-0.00128905826106,4
later_aggregate,monthly_median,monthly_median,,logistic_l2,DPS,Promise + seller profiles,full,raw,raw,,,,,,6773.5,423,,0.231047310294,0.0575325413784,,,,,,,,,,monthly_medians_no_single_order_hash,logistic_l2,DPS,6773.5,0.0575325413784,,DPS-DP0,DPS,DP0,DPS_full,,-0.00415653020117,-0.00047411302235,-0.00047411302235,6
later_aggregate,monthly_median,monthly_median,,logistic_l2,DPS,Promise + seller profiles,metadata_only,raw,raw,,,,,,6773.5,423,,0.231416232734,0.0575604683502,,,,,,,,,,monthly_medians_no_single_order_hash,logistic_l2,DPS,6773.5,0.0575604683502,,DPS-DP0,DPS,DP0,DPS_metadata_only,,-0.00288109967204,-0.000280283793304,-0.000280283793304,6
later_aggregate,monthly_median,monthly_median,,logistic_l2,DPS,Promise + seller profiles,score_only,raw,raw,,,,,,6773.5,423,,0.230919594419,0.0575361977596,,,,,,,,,,monthly_medians_no_single_order_hash,logistic_l2,DPS,6773.5,0.0575361977596,,DPS-DP0,DPS,DP0,DPS_score_only,,-0.00375374505547,-0.000476001048769,-0.000476001048769,6
later_aggregate,monthly_median,monthly_median,,xgboost,DPB,Promise + both profile blocks,full,raw,raw,,,,,,6773.5,423,,0.22928838843,0.0573607404244,,,,,,,,,,monthly_medians_no_single_order_hash,xgboost,DPB,6773.5,0.0573607404244,,DPB-DP0,DPB,DP0,DPB_full,,-0.00229967244447,-0.000293696109202,-0.000293696109202,5
later_aggregate,monthly_median,monthly_median,,xgboost,DPB,Promise + both profile blocks,metadata_only,raw,raw,,,,,,6773.5,423,,0.230851971429,0.0575721072455,,,,,,,,,,monthly_medians_no_single_order_hash,xgboost,DPB,6773.5,0.0575721072455,,DPB-DP0,DPB,DP0,DPB_metadata_only,,0.000480287768316,7.55484499668e-05,7.55484499668e-05,2
later_aggregate,monthly_median,monthly_median,,xgboost,DPB,Promise + both profile blocks,score_only,raw,raw,,,,,,6773.5,423,,0.228133844724,0.0571968138687,,,,,,,,,,monthly_medians_no_single_order_hash,xgboost,DPB,6773.5,0.0571968138687,,DPB-DP0,DPB,DP0,DPB_score_only,,-0.00345421615059,-0.000465360337815,-0.000465360337815,6
later_aggregate,monthly_median,monthly_median,,xgboost,DPG,Promise + geographic profiles,full,raw,raw,,,,,,6773.5,423,,0.229701999463,0.0574183586796,,,,,,,,,,monthly_medians_no_single_order_hash,xgboost,DPG,6773.5,0.0574183586796,,DPG-DP0,DPG,DP0,DPG_full,,-0.00197620878246,-0.00026123594082,-0.00026123594082,5
later_aggregate,monthly_median,monthly_median,,xgboost,DPG,Promise + geographic profiles,metadata_only,raw,raw,,,,,,6773.5,423,,0.22934532176,0.057341041043,,,,,,,,,,monthly_medians_no_single_order_hash,xgboost,DPG,6773.5,0.057341041043,,DPG-DP0,DPG,DP0,DPG_metadata_only,,0.000747134282548,0.00011351005074,0.00011351005074,2
later_aggregate,monthly_median,monthly_median,,xgboost,DPG,Promise + geographic profiles,score_only,raw,raw,,,,,,6773.5,423,,0.229181985519,0.0573580953893,,,,,,,,,,monthly_medians_no_single_order_hash,xgboost,DPG,6773.5,0.0573580953893,,DPG-DP0,DPG,DP0,DPG_score_only,,-0.00240607535493,-0.000298739344204,-0.000298739344204,5
later_aggregate,monthly_median,monthly_median,,xgboost,DPS,Promise + seller profiles,full,raw,raw,,,,,,6773.5,423,,0.231536918202,0.0576600038862,,,,,,,,,,monthly_medians_no_single_order_hash,xgboost,DPS,6773.5,0.0576600038862,,DPS-DP0,DPS,DP0,DPS_full,,-0.000144657998041,-1.96016143433e-05,-1.96016143433e-05,5
later_aggregate,monthly_median,monthly_median,,xgboost,DPS,Promise + seller profiles,metadata_only,raw,raw,,,,,,6773.5,423,,0.231588054717,0.0576560129976,,,,,,,,,,monthly_medians_no_single_order_hash,xgboost,DPS,6773.5,0.0576560129976,,DPS-DP0,DPS,DP0,DPS_metadata_only,,-5.02082418538e-05,-7.970423145e-06,-7.970423145e-06,4
later_aggregate,monthly_median,monthly_median,,xgboost,DPS,Promise + seller profiles,score_only,raw,raw,,,,,,6773.5,423,,0.231402573371,0.0576423495936,,,,,,,,,,monthly_medians_no_single_order_hash,xgboost,DPS,6773.5,0.0576423495936,,DPS-DP0,DPS,DP0,DPS_score_only,,-0.000359882171151,-3.55524455889e-05,-3.55524455889e-05,5
terminal,2018-07_to_2018-08,2018-07_to_2018-08,2018-07-01,logistic_l2,DPB,Promise + both profile blocks,full,raw,raw,none,77042,e73540474ec6855edce69e653de4308b8698a9f02ea90c2965cda18c17969dab,eec7f8ac345c6f37de531c843742bd3932f3ee53b8cbc0c0d410357008699278,sha256_pickle_protocol_5_fitted_wrapper,12507,601,0.0480530902694,0.198263468257,0.0479746880439,0.0716396584706,0.618297294419,2.16081557362,1.74666922036,0.174708818636,-1.66017473031,0.499103717369,0.031055230296,,085d47c5390ce26eb4920710912d5fe0bd515a587d209de3cd55af821edb6235,logistic_l2,DPB,12507,0.0479746880439,1.74666922036,DPB-DP0,DPB,DP0,DPB_full,fee8ab1ae9a244cb0c525f82ee602b68ef6a3c66de53e3ad47589945ae0f511e,0.001139292708,0.00172389551105,0.00172389551105,
terminal,2018-07_to_2018-08,2018-07_to_2018-08,2018-07-01,logistic_l2,DPB,Promise + both profile blocks,metadata_only,raw,raw,,77042,e73540474ec6855edce69e653de4308b8698a9f02ea90c2965cda18c17969dab,bbfa7bf3e73673ef3fa61438a464a4a72a606f05b582d604fa047d18d8a68184,sha256_pickle_protocol_5_fitted_wrapper,12507,601,0.0480530902694,0.193538356185,0.046049731464,0.0905980533071,0.68622680213,2.29378883969,2.01282833966,0.201331114809,0.446306187586,1.43474863021,0.0327225354932,,085d47c5390ce26eb4920710912d5fe0bd515a587d209de3cd55af821edb6235,logistic_l2,DPB,12507,0.046049731464,2.01282833966,DPB-DP0,DPB,DP0,DPB_metadata_only,fee8ab1ae9a244cb0c525f82ee602b68ef6a3c66de53e3ad47589945ae0f511e,-0.00358581936373,-0.000201061068904,-0.000201061068904,
terminal,2018-07_to_2018-08,2018-07_to_2018-08,2018-07-01,logistic_l2,DPB,Promise + both profile blocks,score_only,raw,raw,,77042,e73540474ec6855edce69e653de4308b8698a9f02ea90c2965cda18c17969dab,e1197366c855c57d7ba1f5f2bda15c9b84d794cb912c33bb160a0b2d955d3b5b,sha256_pickle_protocol_5_fitted_wrapper,12507,601,0.0480530902694,0.198158746107,0.0481654495414,0.0730664855577,0.628248652157,2.1275722571,1.77993911028,0.178036605657,-1.55099826052,0.556408117468,0.0338068900194,,085d47c5390ce26eb4920710912d5fe0bd515a587d209de3cd55af821edb6235,logistic_l2,DPB,12507,0.0481654495414,1.77993911028,DPB-DP0,DPB,DP0,DPB_score_only,fee8ab1ae9a244cb0c525f82ee602b68ef6a3c66de53e3ad47589945ae0f511e,0.00103457055879,0.00191465700848,0.00191465700848,
terminal,2018-07_to_2018-08,2018-07_to_2018-08,2018-07-01,logistic_l2,DPG,Promise + geographic profiles,full,raw,raw,none,77042,e73540474ec6855edce69e653de4308b8698a9f02ea90c2965cda18c17969dab,5d387df78245276a64020fb2b4aaf30d27e7c80e6eba1352e3a183644f640f8c,sha256_pickle_protocol_5_fitted_wrapper,12507,601,0.0480530902694,0.205974574836,0.0495735196465,0.064837033395,0.592499887499,1.66216582586,1.56368482585,0.156405990017,-1.97736332813,0.400532298124,0.0370212011345,,085d47c5390ce26eb4920710912d5fe0bd515a587d209de3cd55af821edb6235,logistic_l2,DPG,12507,0.0495735196465,1.56368482585,DPG-DP0,DPG,DP0,DPG_full,fee8ab1ae9a244cb0c525f82ee602b68ef6a3c66de53e3ad47589945ae0f511e,0.0088503992877,0.00332272711361,0.00332272711361,
terminal,2018-07_to_2018-08,2018-07_to_2018-08,2018-07-01,logistic_l2,DPG,Promise + geographic profiles,metadata_only,raw,raw,,77042,e73540474ec6855edce69e653de4308b8698a9f02ea90c2965cda18c17969dab,1f8db98c7bb94f39b65025ba4e027b05b2fba95b8ac338a0b590b6a14088ac4a,sha256_pickle_protocol_5_fitted_wrapper,12507,601,0.0480530902694,0.19646569104,0.0463425314322,0.0966465583362,0.712732754329,1.89486904148,2.39543207364,0.239600665557,1.48230028634,1.90681489793,0.0377863638407,,085d47c5390ce26eb4920710912d5fe0bd515a587d209de3cd55af821edb6235,logistic_l2,DPG,12507,0.0463425314322,2.39543207364,DPG-DP0,DPG,DP0,DPG_metadata_only,fee8ab1ae9a244cb0c525f82ee602b68ef6a3c66de53e3ad47589945ae0f511e,-0.000658484508238,9.17388993161e-05,9.17388993161e-05,
terminal,2018-07_to_2018-08,2018-07_to_2018-08,2018-07-01,logistic_l2,DPG,Promise + geographic profiles,score_only,raw,raw,,77042,e73540474ec6855edce69e653de4308b8698a9f02ea90c2965cda18c17969dab,498b642ff92229366f7a1143a0e2a772dc2c187108b1f130ce12bc483c76a759,sha256_pickle_protocol_5_fitted_wrapper,12507,601,0.0480530902694,0.206393943442,0.0498701031917,0.0673876361136,0.60667177136,1.89486904148,1.66349449558,0.166389351082,-1.83758620073,0.473219068062,0.0411161416998,,085d47c5390ce26eb4920710912d5fe0bd515a587d209de3cd55af821edb6235,logistic_l2,DPG,12507,0.0498701031917,1.66349449558,DPG-DP0,DPG,DP0,DPG_score_only,fee8ab1ae9a244cb0c525f82ee602b68ef6a3c66de53e3ad47589945ae0f511e,0.00926976789325,0.0036193106588,0.0036193106588,
terminal,2018-07_to_2018-08,2018-07_to_2018-08,2018-07-01,logistic_l2,DPS,Promise + seller profiles,full,raw,raw,none,77042,e73540474ec6855edce69e653de4308b8698a9f02ea90c2965cda18c17969dab,4063cae413a0818a14a0f21a60b2f39d5b082ce616933652665ae1118d293203,sha256_pickle_protocol_5_fitted_wrapper,12507,601,0.0480530902694,0.19278392195,0.0458496635207,0.0697987206935,0.628878936025,1.56243587631,1.34743054142,0.134775374376,0.372903795193,1.2943405882,0.0223871472989,,085d47c5390ce26eb4920710912d5fe0bd515a587d209de3cd55af821edb6235,logistic_l2,DPS,12507,0.0458496635207,1.34743054142,DPS-DP0,DPS,DP0,DPS_full,fee8ab1ae9a244cb0c525f82ee602b68ef6a3c66de53e3ad47589945ae0f511e,-0.00434025359825,-0.000401129012156,-0.000401129012156,
terminal,2018-07_to_2018-08,2018-07_to_2018-08,2018-07-01,logistic_l2,DPS,Promise + seller profiles,metadata_only,raw,raw,,77042,e73540474ec6855edce69e653de4308b8698a9f02ea90c2965cda18c17969dab,11ab87d1e72e6fba8e0ab6344ec74eba862fee9d12ff362517a396549b230817,sha256_pickle_protocol_5_fitted_wrapper,12507,601,0.0480530902694,0.19457180409,0.0460083036057,0.07621702255,0.640530942186,1.79513909193,1.94628855983,0.194675540765,1.23359875976,1.69261588492,0.0266253606778,,085d47c5390ce26eb4920710912d5fe0bd515a587d209de3cd55af821edb6235,logistic_l2,DPS,12507,0.0460083036057,1.94628855983,DPS-DP0,DPS,DP0,DPS_metadata_only,fee8ab1ae9a244cb0c525f82ee602b68ef6a3c66de53e3ad47589945ae0f511e,-0.00255237145907,-0.000242488927141,-0.000242488927141,
terminal,2018-07_to_2018-08,2018-07_to_2018-08,2018-07-01,logistic_l2,DPS,Promise + seller profiles,score_only,raw,raw,,77042,e73540474ec6855edce69e653de4308b8698a9f02ea90c2965cda18c17969dab,622be8d4a58b74f1c13ff8ab651e04df78b814aa7cb4b1a5e08bc842ccee586f,sha256_pickle_protocol_5_fitted_wrapper,12507,601,0.0480530902694,0.19280533096,0.0458210504282,0.0715375928606,0.629044123504,1.76189577541,1.51377999098,0.151414309484,0.657090856443,1.40767900119,0.0207112126485,,085d47c5390ce26eb4920710912d5fe0bd515a587d209de3cd55af821edb6235,logistic_l2,DPS,12507,0.0458210504282,1.51377999098,DPS-DP0,DPS,DP0,DPS_score_only,fee8ab1ae9a244cb0c525f82ee602b68ef6a3c66de53e3ad47589945ae0f511e,-0.00431884458849,-0.000429742104688,-0.000429742104688,
terminal,2018-07_to_2018-08,2018-07_to_2018-08,2018-07-01,xgboost,DPB,Promise + both profile blocks,full,raw,raw,none,77042,e73540474ec6855edce69e653de4308b8698a9f02ea90c2965cda18c17969dab,022f76d6c5c14c3bea27b3be507d8888c7375292ea074e7b27a4c50a476db492,sha256_pickle_protocol_5_fitted_wrapper,12507,601,0.0480530902694,0.197348094275,0.0462904118737,0.0534074745093,0.473872008492,1.59567919283,1.09790636709,0.109816971714,-1.20864116877,0.693202581955,0.02731281988,,085d47c5390ce26eb4920710912d5fe0bd515a587d209de3cd55af821edb6235,xgboost,DPB,12507,0.0462904118737,1.09790636709,DPB-DP0,DPB,DP0,DPB_full,0369fd846a86e5b604a24c0304d916951ef795ef50024a387e8ed9feb3704702,-0.000210621598063,-2.75613391056e-05,-2.75613391056e-05,
terminal,2018-07_to_2018-08,2018-07_to_2018-08,2018-07-01,xgboost,DPB,Promise + both profile blocks,metadata_only,raw,raw,,77042,e73540474ec6855edce69e653de4308b8698a9f02ea90c2965cda18c17969dab,bfc3a9ba6ce95eb4237549aebc98e2b809a7ce0a28c916d519e076830760d070,sha256_pickle_protocol_5_fitted_wrapper,12507,601,0.0480530902694,0.198983587133,0.0465224636238,0.0433677786866,0.421800848186,0.764596279896,0.515683293631,0.0515806988353,-13.5553478495,-4.1466417185,0.0325090398072,,085d47c5390ce26eb4920710912d5fe0bd515a587d209de3cd55af821edb6235,xgboost,DPB,12507,0.0465224636238,0.515683293631,DPB-DP0,DPB,DP0,DPB_metadata_only,0369fd846a86e5b604a24c0304d916951ef795ef50024a387e8ed9feb3704702,0.0014248712606,0.000204490410976,0.000204490410976,
terminal,2018-07_to_2018-08,2018-07_to_2018-08,2018-07-01,xgboost,DPB,Promise + both profile blocks,score_only,raw,raw,,77042,e73540474ec6855edce69e653de4308b8698a9f02ea90c2965cda18c17969dab,dfcd9ac9ba5bfc65749fda1652ac50d69fc07024ac5c6175a9c1a09dff655e88,sha256_pickle_protocol_5_fitted_wrapper,12507,601,0.0480530902694,0.197442709227,0.0463054779242,0.0568813473245,0.520317570833,1.59567919283,1.46387515611,0.146422628952,0.296286247912,1.28949256692,0.0245723349829,,085d47c5390ce26eb4920710912d5fe0bd515a587d209de3cd55af821edb6235,xgboost,DPB,12507,0.0463054779242,1.46387515611,DPB-DP0,DPB,DP0,DPB_score_only,0369fd846a86e5b604a24c0304d916951ef795ef50024a387e8ed9feb3704702,-0.000116006645894,-1.24952885607e-05,-1.24952885607e-05,
terminal,2018-07_to_2018-08,2018-07_to_2018-08,2018-07-01,xgboost,DPG,Promise + geographic profiles,full,raw,raw,none,77042,e73540474ec6855edce69e653de4308b8698a9f02ea90c2965cda18c17969dab,9deff4791e0e75b3b8a4de10e8e73600dcae58e42fe816d64629f1a5c1dc2831,sha256_pickle_protocol_5_fitted_wrapper,12507,601,0.0480530902694,0.197916951892,0.0463670758166,0.0523026066214,0.441218063405,1.66216582586,1.03136658726,0.103161397671,-4.76422326518,-0.695516310562,0.0304471301678,,085d47c5390ce26eb4920710912d5fe0bd515a587d209de3cd55af821edb6235,xgboost,DPG,12507,0.0463670758166,1.03136658726,DPG-DP0,DPG,DP0,DPG_full,0369fd846a86e5b604a24c0304d916951ef795ef50024a387e8ed9feb3704702,0.000358236019415,4.91026037959e-05,4.91026037959e-05,
terminal,2018-07_to_2018-08,2018-07_to_2018-08,2018-07-01,xgboost,DPG,Promise + geographic profiles,metadata_only,raw,raw,,77042,e73540474ec6855edce69e653de4308b8698a9f02ea90c2965cda18c17969dab,1db57d94b439e9712f3b792c6c632abde2adbab4931670efa514e1ca0d21dd5e,sha256_pickle_protocol_5_fitted_wrapper,12507,601,0.0480530902694,0.198424763881,0.0464431042321,0.0439433150406,0.417769407223,0.698109646861,0.698667688146,0.0698835274542,-11.9895962988,-3.52245345101,0.02916950236,,085d47c5390ce26eb4920710912d5fe0bd515a587d209de3cd55af821edb6235,xgboost,DPG,12507,0.0464431042321,0.698667688146,DPG-DP0,DPG,DP0,DPG_metadata_only,0369fd846a86e5b604a24c0304d916951ef795ef50024a387e8ed9feb3704702,0.000866048008387,0.000125131019277,0.000125131019277,
terminal,2018-07_to_2018-08,2018-07_to_2018-08,2018-07-01,xgboost,DPG,Promise + geographic profiles,score_only,raw,raw,,77042,e73540474ec6855edce69e653de4308b8698a9f02ea90c2965cda18c17969dab,8e42c073a1b2d509d0304b92bcb4caf569ef55384324f9f86cc97857df6b791e,sha256_pickle_protocol_5_fitted_wrapper,12507,601,0.0480530902694,0.197716010781,0.0463418421729,0.0554945430996,0.497719238863,1.49594924327,1.131176257,0.113144758735,-1.61787099533,0.536423360223,0.0399142400233,,085d47c5390ce26eb4920710912d5fe0bd515a587d209de3cd55af821edb6235,xgboost,DPG,12507,0.0463418421729,1.131176257,DPG-DP0,DPG,DP0,DPG_score_only,0369fd846a86e5b604a24c0304d916951ef795ef50024a387e8ed9feb3704702,0.00015729490792,2.38689601243e-05,2.38689601243e-05,
terminal,2018-07_to_2018-08,2018-07_to_2018-08,2018-07-01,xgboost,DPS,Promise + seller profiles,full,raw,raw,none,77042,e73540474ec6855edce69e653de4308b8698a9f02ea90c2965cda18c17969dab,1eb5b5c6ba4c7472fd65242a3e52157db43ff33dacf5102283e826bfef2b22dd,sha256_pickle_protocol_5_fitted_wrapper,12507,601,0.0480530902694,0.197594904007,0.0463222241049,0.0534544120739,0.493500040388,2.02784230755,1.26425581664,0.126455906822,0.416780855968,1.33275374832,0.0263794319225,,085d47c5390ce26eb4920710912d5fe0bd515a587d209de3cd55af821edb6235,xgboost,DPS,12507,0.0463222241049,1.26425581664,DPS-DP0,DPS,DP0,DPS_full,0369fd846a86e5b604a24c0304d916951ef795ef50024a387e8ed9feb3704702,3.61881343718e-05,4.25089211026e-06,4.25089211026e-06,
terminal,2018-07_to_2018-08,2018-07_to_2018-08,2018-07-01,xgboost,DPS,Promise + seller profiles,metadata_only,raw,raw,,77042,e73540474ec6855edce69e653de4308b8698a9f02ea90c2965cda18c17969dab,9e73324e79df78b6b5ab4aab78f3dbe493807fb78a3c5c5fe3ea455e3156428a,sha256_pickle_protocol_5_fitted_wrapper,12507,601,0.0480530902694,0.198178065308,0.0464008509401,0.0438500423844,0.391756921174,1.03054281203,0.698667688146,0.0698835274542,-32.3510755908,-11.4724251945,0.0271094042143,,085d47c5390ce26eb4920710912d5fe0bd515a587d209de3cd55af821edb6235,xgboost,DPS,12507,0.0464008509401,0.698667688146,DPS-DP0,DPS,DP0,DPS_metadata_only,0369fd846a86e5b604a24c0304d916951ef795ef50024a387e8ed9feb3704702,0.00061934943579,8.28777273481e-05,8.28777273481e-05,
terminal,2018-07_to_2018-08,2018-07_to_2018-08,2018-07-01,xgboost,DPS,Promise + seller profiles,score_only,raw,raw,,77042,e73540474ec6855edce69e653de4308b8698a9f02ea90c2965cda18c17969dab,390e2aef49c8ca540dc5ad849a807c462c3700ece7042503d3a971cd11f0d260,sha256_pickle_protocol_5_fitted_wrapper,12507,601,0.0480530902694,0.197508451997,0.0463121258294,0.0491322990503,0.50278987957,1.46270592676,1.03136658726,0.103161397671,-3.44056019838,-0.177411956501,0.0263563929604,,085d47c5390ce26eb4920710912d5fe0bd515a587d209de3cd55af821edb6235,xgboost,DPS,12507,0.0463121258294,1.03136658726,DPS-DP0,DPS,DP0,DPS_score_only,0369fd846a86e5b604a24c0304d916951ef795ef50024a387e8ed9feb3704702,-5.02638759451e-05,-5.84738341876e-06,-5.84738341876e-06,
