period,cohort,cohort_month,origin,family,model_id,model_name,quantile,representation,n_train_breaches,train_order_id_sha256,fitted_model_sha256,model_hash_type,unconditional_training_quantile,unconditional_reference_loss,baseline_pinball_loss,dq0_reference_loss,skill,skill_vs_dq0,skill_vs_unconditional,nominal_coverage,order_id_sha256,n_orders,pinball_loss,empirical_coverage,coverage_error,median_prediction,mean_prediction,median_actual,mean_actual,mean_exceedance,p90_absolute_error,model_family,specification,n_obs,coverage,comparison,reference_model,reference_specification,later_month_count,primary_evidence_available,median_skill,favourable_month_count,high_support_guard_available,high_support_median_skill,high_support_favourable_month_count,support_ge20_gain_present,high_support_guard,gain_only_low_support,coverage_guard_available,median_absolute_coverage_error_deterioration,coverage_not_materially_worse,coverage_materially_worse,all_guards_available,all_guards_pass,evidence_status,evidence_label,evidence_reason,constituent_fitted_model_count
aggregate,later_pooled,later_pooled,,linear_quantile,DQ0,Direct promise severity baseline,0.5,full,,multiple_expanding_training_sets,b24d09d49e63fc1786be2a053dacb52c2bb6cda828ac2e032774fb6725bbb168,composite_fitted_models,,3.59792924935,3.54264722776,3.54264722776,0,0,0.0153649551623,0.5,118782cfc610a9028878d750598e5fe92f9ee67f521716c506bc37135f89b805,3477,3.54264722776,0.442047742307,-0.0579522576934,6.24638884575,6.29116969188,7,10.6450963474,10.251075207,16.3370131426,linear_quantile,DQ0,3477,0.442047742307,DQ0_reference,,,,,,,,,,,,,,,,,,,Reference,Reference,,6
aggregate,later_pooled,later_pooled,,linear_quantile,DQ0,Direct promise severity baseline,0.9,full,,multiple_expanding_training_sets,234d27fe6eb3efe8be6b8c592f6d5e5557e378e7f36a911231f720de508cd3fb,composite_fitted_models,,2.76583261432,2.7434877727,2.7434877727,0,0,0.00807888427847,0.9,118782cfc610a9028878d750598e5fe92f9ee67f521716c506bc37135f89b805,3477,2.7434877727,0.880356629278,-0.0196433707219,21,20.6421837913,7,10.6450963474,14.5748069265,20,linear_quantile,DQ0,3477,0.880356629278,DQ0_reference,,,,,,,,,,,,,,,,,,,Reference,Reference,,6
aggregate,later_pooled,later_pooled,,linear_quantile,DQB,Promise + both profile blocks,0.5,full,,multiple_expanding_training_sets,9a8729e2f717fcbd48024086394a729512f662c2809248199ad383a2724c67dc,composite_fitted_models,,3.59792924935,3.54264722776,3.54264722776,0.00338555681427,0.00338555681427,0.0186984930479,0.5,118782cfc610a9028878d750598e5fe92f9ee67f521716c506bc37135f89b805,3477,3.5306533943,0.452976704055,-0.0470232959448,6.55428769344,6.53697543535,7,10.6450963474,10.2092797359,16.1911898779,linear_quantile,DQB,3477,0.452976704055,DQB-DQ0,DQ0,DQ0,6,True,-0.00174129588923,2,True,-0.00465990824144,3,False,False,True,True,0.0119368318344,True,False,True,False,Not-supported,Not-supported,nonpositive_median_skill_or_fewer_than_four_favourable_months,6
aggregate,later_pooled,later_pooled,,linear_quantile,DQB,Promise + both profile blocks,0.9,full,,multiple_expanding_training_sets,208190dc3effda69473b3df1a6167014b87d7b82f9373af139c34c37eb8f628f,composite_fitted_models,,2.76583261432,2.7434877727,2.7434877727,-0.0049864029185,-0.0049864029185,0.00313276593211,0.9,118782cfc610a9028878d750598e5fe92f9ee67f521716c506bc37135f89b805,3477,2.75716790813,0.870865688812,-0.0291343111878,20.7131578614,20.3721768057,7,10.6450963474,13.818634613,19.4604791906,linear_quantile,DQB,3477,0.870865688812,DQB-DQ0,DQ0,DQ0,6,True,-0.00513196219554,1,True,-0.00467413404641,2,False,False,True,True,0.00649359815921,True,False,True,False,Not-supported,Not-supported,nonpositive_median_skill_or_fewer_than_four_favourable_months,6
aggregate,later_pooled,later_pooled,,linear_quantile,DQG,Promise + state-OD profiles,0.5,full,,multiple_expanding_training_sets,e39e8671c161cbdec6cba54b627320b3492bf12eacb0d9c7713599748b1532d8,composite_fitted_models,,3.59792924935,3.54264722776,3.54264722776,0.000305762731997,0.000305762731997,0.0156660198636,0.5,118782cfc610a9028878d750598e5fe92f9ee67f521716c506bc37135f89b805,3477,3.54156401826,0.452401495542,-0.0475985044579,6.5176300209,6.42420666417,7,10.6450963474,10.3214468518,16.4489043162,linear_quantile,DQG,3477,0.452401495542,DQG-DQ0,DQ0,DQ0,6,True,-0.00502930204561,3,True,-0.00443833023516,3,False,False,True,True,0.0201086034278,True,False,True,False,Not-supported,Not-supported,nonpositive_median_skill_or_fewer_than_four_favourable_months,6
aggregate,later_pooled,later_pooled,,linear_quantile,DQG,Promise + state-OD profiles,0.9,full,,multiple_expanding_training_sets,9de260b4d7ad064788b1c6177e760bb98d6da7bbdfd300e8b74fa18286e1d8df,composite_fitted_models,,2.76583261432,2.7434877727,2.7434877727,-0.00414122253007,-0.00414122253007,0.00397111820599,0.9,118782cfc610a9028878d750598e5fe92f9ee67f521716c506bc37135f89b805,3477,2.75484916607,0.87517975266,-0.0248202473397,21,20.4826848758,7,10.6450963474,14.1891267722,20,linear_quantile,DQG,3477,0.87517975266,DQG-DQ0,DQ0,DQ0,6,True,-0.00250912580818,3,True,-0.00192141993833,3,False,False,True,True,0.00439664202777,True,False,True,False,Not-supported,Not-supported,nonpositive_median_skill_or_fewer_than_four_favourable_months,6
aggregate,later_pooled,later_pooled,,linear_quantile,DQS,Promise + seller profiles,0.5,full,,multiple_expanding_training_sets,55f06b2107d33f2019fc9511eab0b3cd1311fb18242e0eaa02d27baa53436490,composite_fitted_models,,3.59792924935,3.54264722776,3.54264722776,-0.000590484412013,-0.000590484412013,0.0147835435168,0.5,118782cfc610a9028878d750598e5fe92f9ee67f521716c506bc37135f89b805,3477,3.54473910572,0.437446074202,-0.0625539257981,6.22281412223,6.27399607365,7,10.6450963474,10.1862043438,16.601372306,linear_quantile,DQS,3477,0.437446074202,DQS-DQ0,DQ0,DQ0,6,True,0.000519832297006,3,True,-0.00279893963735,2,False,False,True,True,0.00107991360691,True,False,True,False,Not-supported,Not-supported,nonpositive_median_skill_or_fewer_than_four_favourable_months,6
aggregate,later_pooled,later_pooled,,linear_quantile,DQS,Promise + seller profiles,0.9,full,,multiple_expanding_training_sets,59f52570d11ac0d68b753bb8ebf065d4c876cd2a7a6fb16e671e5deb3785d353,composite_fitted_models,,2.76583261432,2.7434877727,2.7434877727,-0.00147458207781,-0.00147458207781,0.00661621517862,0.9,118782cfc610a9028878d750598e5fe92f9ee67f521716c506bc37135f89b805,3477,2.7475332706,0.872878918608,-0.027121081392,20.8063164838,20.5261276581,7,10.6450963474,13.8405850569,19.514558344,linear_quantile,DQS,3477,0.872878918608,DQS-DQ0,DQ0,DQ0,6,True,-0.00243285667054,1,True,-0.00562775234751,1,False,False,True,True,0,True,False,True,False,Not-supported,Not-supported,nonpositive_median_skill_or_fewer_than_four_favourable_months,6
aggregate,later_pooled,later_pooled,,xgboost_quantile,DQ0,Direct promise severity baseline,0.5,full,,multiple_expanding_training_sets,a27c0330acc19da72541ab4386e4c6336ee7f941f2e8b5cd3d56b4a135a4849f,composite_fitted_models,,3.59792924935,3.59610223756,3.59610223756,0,0,0.000507795362831,0.5,118782cfc610a9028878d750598e5fe92f9ee67f521716c506bc37135f89b805,3477,3.59610223756,0.444348576359,-0.0556514236411,6.03000020981,6.03941764919,7,10.6450963474,10.6162628866,16.9699997902,xgboost_quantile,DQ0,3477,0.444348576359,DQ0_reference,,,,,,,,,,,,,,,,,,,Reference,Reference,,6
aggregate,later_pooled,later_pooled,,xgboost_quantile,DQ0,Direct promise severity baseline,0.9,full,,multiple_expanding_training_sets,b19434ddd5ef2f8d6516d25860eab2f250e3a3e54eee2fe11ad85f5ba6f572d2,composite_fitted_models,,2.76583261432,2.75411993169,2.75411993169,0,0,0.00423477638304,0.9,118782cfc610a9028878d750598e5fe92f9ee67f521716c506bc37135f89b805,3477,2.75411993169,0.873741731378,-0.0262582686224,20.998254776,20.5642394114,7,10.6450963474,13.9571502486,19.8204814911,xgboost_quantile,DQ0,3477,0.873741731378,DQ0_reference,,,,,,,,,,,,,,,,,,,Reference,Reference,,6
aggregate,later_pooled,later_pooled,,xgboost_quantile,DQB,Promise + both profile blocks,0.5,full,,multiple_expanding_training_sets,9cfa9e6ca00dd87b36ca868ecba32fa08132ab96fcd8e842a07700539a6a5241,composite_fitted_models,,3.59792924935,3.59610223756,3.59610223756,-0.000134960218281,-0.000134960218281,0.000372903676723,0.5,118782cfc610a9028878d750598e5fe92f9ee67f521716c506bc37135f89b805,3477,3.59658756831,0.443773367846,-0.0562266321542,6.03000020981,6.03761870744,7,10.6450963474,10.607773967,16.9699997902,xgboost_quantile,DQB,3477,0.443773367846,DQB-DQ0,DQ0,DQ0,6,True,-0.000152139854368,2,True,-0.000254464465177,1,False,False,True,True,-0.000880974879912,True,False,True,False,Not-supported,Not-supported,nonpositive_median_skill_or_fewer_than_four_favourable_months,6
aggregate,later_pooled,later_pooled,,xgboost_quantile,DQB,Promise + both profile blocks,0.9,full,,multiple_expanding_training_sets,30790a5a5c360129fb0239e9021c603dc14622e7ea81670c3f80bcf5ed276fb7,composite_fitted_models,,2.76583261432,2.75411993169,2.75411993169,-0.00283622681374,-0.00283622681374,0.00141056035563,0.9,118782cfc610a9028878d750598e5fe92f9ee67f521716c506bc37135f89b805,3477,2.76193124049,0.870578084556,-0.0294219154443,20.7799091339,20.3995570297,7,10.6450963474,13.803575431,19.5787906647,xgboost_quantile,DQB,3477,0.870578084556,DQB-DQ0,DQ0,DQ0,6,True,-0.00411813543947,2,True,-0.00385617313606,2,False,False,True,True,0.00161987041037,True,False,True,False,Not-supported,Not-supported,nonpositive_median_skill_or_fewer_than_four_favourable_months,6
aggregate,later_pooled,later_pooled,,xgboost_quantile,DQG,Promise + state-OD profiles,0.5,full,,multiple_expanding_training_sets,da39cda1a98c91b5f54ad66509a0e2c6672ac1dc263860b21fbbc21bc585f251,composite_fitted_models,,3.59792924935,3.59610223756,3.59610223756,0.000119965337629,0.000119965337629,0.000627699782618,0.5,118782cfc610a9028878d750598e5fe92f9ee67f521716c506bc37135f89b805,3477,3.59567082995,0.442335346563,-0.0576646534369,6,6.03927960669,7,10.6450963474,10.5772871993,16.9699997902,xgboost_quantile,DQG,3477,0.442335346563,DQG-DQ0,DQ0,DQ0,6,True,1.90782815425e-05,3,True,7.00762099052e-05,3,False,False,True,True,-0.000218394439115,True,False,True,False,Not-supported,Not-supported,nonpositive_median_skill_or_fewer_than_four_favourable_months,6
aggregate,later_pooled,later_pooled,,xgboost_quantile,DQG,Promise + state-OD profiles,0.9,full,,multiple_expanding_training_sets,3c952bd803f164d63d8c8caac907ec6f99c06fb164f16958b3929586e1b02d8e,composite_fitted_models,,2.76583261432,2.75411993169,2.75411993169,0.00158808124833,0.00158808124833,0.00581613246241,0.9,118782cfc610a9028878d750598e5fe92f9ee67f521716c506bc37135f89b805,3477,2.74974616547,0.872878918608,-0.027121081392,20.7145729065,20.4516889113,7,10.6450963474,13.9165501875,19.644908905,xgboost_quantile,DQG,3477,0.872878918608,DQG-DQ0,DQ0,DQ0,6,True,-0.00201792974276,2,True,-0.00249204982777,1,False,False,True,True,0.000753012048193,True,False,True,False,Not-supported,Not-supported,nonpositive_median_skill_or_fewer_than_four_favourable_months,6
aggregate,later_pooled,later_pooled,,xgboost_quantile,DQS,Promise + seller profiles,0.5,full,,multiple_expanding_training_sets,809c2830cdc43748699a5a0f5dfbb76def9f6a6eb3906385a5413373b479bd60,composite_fitted_models,,3.59792924935,3.59610223756,3.59610223756,-9.65721240587e-05,-9.65721240587e-05,0.000411272277649,0.5,118782cfc610a9028878d750598e5fe92f9ee67f521716c506bc37135f89b805,3477,3.5964495208,0.436870865689,-0.0631291343112,6.03000020981,6.03858502624,7,10.6450963474,10.4766470458,16.9699997902,xgboost_quantile,DQS,3477,0.436870865689,DQS-DQ0,DQ0,DQ0,6,True,7.76680377993e-05,4,True,3.65227418964e-06,3,False,False,True,True,-0.000539956803456,True,False,True,False,Not-supported,Not-supported,gain_confined_to_lower_support_orders,6
aggregate,later_pooled,later_pooled,,xgboost_quantile,DQS,Promise + seller profiles,0.9,full,,multiple_expanding_training_sets,24cfa5d4861c29f7985755b791bce657dbe4cfdb15a3b9bce2c4f7be952438db,composite_fitted_models,,2.76583261432,2.75411993169,2.75411993169,-0.00495868462372,-0.00495868462372,-0.000702909320139,0.9,118782cfc610a9028878d750598e5fe92f9ee67f521716c506bc37135f89b805,3477,2.76777674385,0.867989646247,-0.0320103537532,20.8659038544,20.4589033552,7,10.6450963474,13.532241921,19.7178668976,xgboost_quantile,DQS,3477,0.867989646247,DQS-DQ0,DQ0,DQ0,6,True,-0.00466230145562,0,True,-0.00368460306302,1,False,False,True,True,0.00248138957816,True,False,True,False,Not-supported,Not-supported,nonpositive_median_skill_or_fewer_than_four_favourable_months,6
later,2018-01,2018-01,2018-01-01,linear_quantile,DQ0,Direct promise severity baseline,0.5,full,1575,e6a57d0489d8ee13591169e9f3fa6f0c76d0a20b8826c31bd454f882ce01994b,fc078bd22692b9cd475d979e12973f243d2bb27e288edba4b8ac8180a3799271,sha256_pickle_protocol_5_fitted_wrapper,5,4.31389578164,4.23722268556,4.23722268556,0,0,0.0177735160881,0.5,cc962f7c6748592fd8cbeb18e371836d602ddaae3749434d4bfdae9acdb702b7,403,4.23722268556,0.416873449132,-0.0831265508685,5.72981384229,5.76882355858,7,11.8808933002,12.5071608308,19.226065758,linear_quantile,DQ0,403,0.416873449132,DQ0_reference,,,,,,,,,,,,,,,,,,,Reference,Reference,,
later,2018-01,2018-01,2018-01-01,linear_quantile,DQ0,Direct promise severity baseline,0.9,full,1575,e6a57d0489d8ee13591169e9f3fa6f0c76d0a20b8826c31bd454f882ce01994b,07312148fe961b4d27a1cfce579062f249325e76c8f32140aec905bfaf4f0b4c,sha256_pickle_protocol_5_fitted_wrapper,17,4.05037220844,3.91393097227,3.91393097227,0,0,0.0336860982519,0.9,cc962f7c6748592fd8cbeb18e371836d602ddaae3749434d4bfdae9acdb702b7,403,3.91393097227,0.826302729529,-0.0736972704715,18.3552736439,18.5051619076,7,11.8808933002,18.7193736707,18.4541437647,linear_quantile,DQ0,403,0.826302729529,DQ0_reference,,,,,,,,,,,,,,,,,,,Reference,Reference,,
later,2018-01,2018-01,2018-01-01,linear_quantile,DQB,Promise + both profile blocks,0.5,full,1575,e6a57d0489d8ee13591169e9f3fa6f0c76d0a20b8826c31bd454f882ce01994b,3e865ad0d6c2134f4621b5d6a2bff082d3a7a972a73b8d27afc0b6cb110b97c8,sha256_pickle_protocol_5_fitted_wrapper,5,4.31389578164,4.23722268556,4.23722268556,-0.000963327506661,-0.000963327506661,0.0168273102984,0.5,cc962f7c6748592fd8cbeb18e371836d602ddaae3749434d4bfdae9acdb702b7,403,4.24130451873,0.446650124069,-0.0533498759305,6.21481043493,6.15250612823,7,11.8808933002,12.8408777408,18.538171383,linear_quantile,DQB,403,0.446650124069,DQB-DQ0,DQ0,DQ0,6,True,-0.00174129588923,2,True,-0.00465990824144,3,False,False,True,True,0.0119368318344,True,False,True,False,Not-supported,Not-supported,nonpositive_median_skill_or_fewer_than_four_favourable_months,
later,2018-01,2018-01,2018-01-01,linear_quantile,DQB,Promise + both profile blocks,0.9,full,1575,e6a57d0489d8ee13591169e9f3fa6f0c76d0a20b8826c31bd454f882ce01994b,8febeaa9c51b59c3ba2ad6053f26a72fd9918c515f1422f78bbe96ac7db1dad6,sha256_pickle_protocol_5_fitted_wrapper,17,4.05037220844,3.91393097227,3.91393097227,-0.0100480214148,-0.0100480214148,0.0239765554737,0.9,cc962f7c6748592fd8cbeb18e371836d602ddaae3749434d4bfdae9acdb702b7,403,3.95325823449,0.813895781638,-0.0861042183623,17.7917627595,17.9986415311,7,11.8808933002,17.9549041973,18.0718958775,linear_quantile,DQB,403,0.813895781638,DQB-DQ0,DQ0,DQ0,6,True,-0.00513196219554,1,True,-0.00467413404641,2,False,False,True,True,0.00649359815921,True,False,True,False,Not-supported,Not-supported,nonpositive_median_skill_or_fewer_than_four_favourable_months,
later,2018-01,2018-01,2018-01-01,linear_quantile,DQG,Promise + state-OD profiles,0.5,full,1575,e6a57d0489d8ee13591169e9f3fa6f0c76d0a20b8826c31bd454f882ce01994b,c55cda28df574f670b3f1d60d36c91971b5d06ca1aa678db906a5756fcd633ae,sha256_pickle_protocol_5_fitted_wrapper,5,4.31389578164,4.23722268556,4.23722268556,0.00308195419239,0.00308195419239,0.0208006931181,0.5,cc962f7c6748592fd8cbeb18e371836d602ddaae3749434d4bfdae9acdb702b7,403,4.22416375934,0.449131513648,-0.0508684863524,6.3840198451,6.17865850441,7,11.8808933002,12.8438662449,18.6432967151,linear_quantile,DQG,403,0.449131513648,DQG-DQ0,DQ0,DQ0,6,True,-0.00502930204561,3,True,-0.00443833023516,3,False,False,True,True,0.0201086034278,True,False,True,False,Not-supported,Not-supported,nonpositive_median_skill_or_fewer_than_four_favourable_months,
later,2018-01,2018-01,2018-01-01,linear_quantile,DQG,Promise + state-OD profiles,0.9,full,1575,e6a57d0489d8ee13591169e9f3fa6f0c76d0a20b8826c31bd454f882ce01994b,6e888c90913df3f35fc91ae107390d3f90651473bdd3f7ce6bcd088a830df933,sha256_pickle_protocol_5_fitted_wrapper,17,4.05037220844,3.91393097227,3.91393097227,-0.0197745187998,-0.0197745187998,0.0145777058353,0.9,cc962f7c6748592fd8cbeb18e371836d602ddaae3749434d4bfdae9acdb702b7,403,3.99132707386,0.808933002481,-0.0910669975186,17.6785768535,17.7788533899,7,11.8808933002,17.8028184306,18.059652085,linear_quantile,DQG,403,0.808933002481,DQG-DQ0,DQ0,DQ0,6,True,-0.00250912580818,3,True,-0.00192141993833,3,False,False,True,True,0.00439664202777,True,False,True,False,Not-supported,Not-supported,nonpositive_median_skill_or_fewer_than_four_favourable_months,
later,2018-01,2018-01,2018-01-01,linear_quantile,DQS,Promise + seller profiles,0.5,full,1575,e6a57d0489d8ee13591169e9f3fa6f0c76d0a20b8826c31bd454f882ce01994b,2782d4b6f92c7fa4e75545c1f24f3397e317b4d50e9317cc74c232c84fd4572e,sha256_pickle_protocol_5_fitted_wrapper,5,4.31389578164,4.23722268556,4.23722268556,-0.00222860787342,-0.00222860787342,0.0155845184126,0.5,cc962f7c6748592fd8cbeb18e371836d602ddaae3749434d4bfdae9acdb702b7,403,4.2466657934,0.424317617866,-0.075682382134,5.7404150646,5.73457178597,7,11.8808933002,12.7150435339,19.4145829935,linear_quantile,DQS,403,0.424317617866,DQS-DQ0,DQ0,DQ0,6,True,0.000519832297006,3,True,-0.00279893963735,2,False,False,True,True,0.00107991360691,True,False,True,False,Not-supported,Not-supported,nonpositive_median_skill_or_fewer_than_four_favourable_months,
later,2018-01,2018-01,2018-01-01,linear_quantile,DQS,Promise + seller profiles,0.9,full,1575,e6a57d0489d8ee13591169e9f3fa6f0c76d0a20b8826c31bd454f882ce01994b,7961a6f1adae616f90d9609e77458e35bb391f63182a8f0551bc510c969ac665,sha256_pickle_protocol_5_fitted_wrapper,17,4.05037220844,3.91393097227,3.91393097227,0.00434252522095,0.00434252522095,0.0378823407416,0.9,cc962f7c6748592fd8cbeb18e371836d602ddaae3749434d4bfdae9acdb702b7,403,3.89693462831,0.826302729529,-0.0736972704715,18.1905332719,18.3681820605,7,11.8808933002,18.7003845453,18.1631974845,linear_quantile,DQS,403,0.826302729529,DQS-DQ0,DQ0,DQ0,6,True,-0.00243285667054,1,True,-0.00562775234751,1,False,False,True,True,0,True,False,True,False,Not-supported,Not-supported,nonpositive_median_skill_or_fewer_than_four_favourable_months,
later,2018-01,2018-01,2018-01-01,xgboost_quantile,DQ0,Direct promise severity baseline,0.5,full,1575,e6a57d0489d8ee13591169e9f3fa6f0c76d0a20b8826c31bd454f882ce01994b,2f7d52cc1fa27e620b23f413aec5f89275f4c1bcb712ae4a9add5ed9bc539444,sha256_pickle_protocol_5_fitted_wrapper,5,4.31389578164,4.31145781145,4.31145781145,0,0,0.000565143505115,0.5,cc962f7c6748592fd8cbeb18e371836d602ddaae3749434d4bfdae9acdb702b7,403,4.31145781145,0.401985111663,-0.0980148883375,5,5.02393304621,7,11.8808933002,12.9427177975,19.9429999352,xgboost_quantile,DQ0,403,0.401985111663,DQ0_reference,,,,,,,,,,,,,,,,,,,Reference,Reference,,
later,2018-01,2018-01,2018-01-01,xgboost_quantile,DQ0,Direct promise severity baseline,0.9,full,1575,e6a57d0489d8ee13591169e9f3fa6f0c76d0a20b8826c31bd454f882ce01994b,e2fd783251d9e4069250562f94b1bcc195a58541f5ac7b002681cd15ff5488f2,sha256_pickle_protocol_5_fitted_wrapper,17,4.05037220844,3.99849137952,3.99849137952,0,0,0.0128089040326,0.9,cc962f7c6748592fd8cbeb18e371836d602ddaae3749434d4bfdae9acdb702b7,403,3.99849137952,0.806451612903,-0.0935483870968,16.9998950958,17.6163836164,7,11.8808933002,17.6955354642,16.6986923218,xgboost_quantile,DQ0,403,0.806451612903,DQ0_reference,,,,,,,,,,,,,,,,,,,Reference,Reference,,
later,2018-01,2018-01,2018-01-01,xgboost_quantile,DQB,Promise + both profile blocks,0.5,full,1575,e6a57d0489d8ee13591169e9f3fa6f0c76d0a20b8826c31bd454f882ce01994b,83ea90889ffbe98ba0a6b0c59de775a492a3c4b315a00d9f1042ea2382df6b47,sha256_pickle_protocol_5_fitted_wrapper,5,4.31389578164,4.31145781145,4.31145781145,-0.000129494632217,-0.000129494632217,0.000435722055948,0.5,cc962f7c6748592fd8cbeb18e371836d602ddaae3749434d4bfdae9acdb702b7,403,4.3120161221,0.397022332506,-0.102977667494,5.03000020981,5.02132767306,7,11.8808933002,12.8392797164,19.9699997902,xgboost_quantile,DQB,403,0.397022332506,DQB-DQ0,DQ0,DQ0,6,True,-0.000152139854368,2,True,-0.000254464465177,1,False,False,True,True,-0.000880974879912,True,False,True,False,Not-supported,Not-supported,nonpositive_median_skill_or_fewer_than_four_favourable_months,
later,2018-01,2018-01,2018-01-01,xgboost_quantile,DQB,Promise + both profile blocks,0.9,full,1575,e6a57d0489d8ee13591169e9f3fa6f0c76d0a20b8826c31bd454f882ce01994b,113bae262b787fa72764a1a07b8849a0942304c91bc17ee60dfa77d1822242fb,sha256_pickle_protocol_5_fitted_wrapper,17,4.05037220844,3.99849137952,3.99849137952,-0.0134393822764,-0.0134393822764,-0.000458334485945,0.9,cc962f7c6748592fd8cbeb18e371836d602ddaae3749434d4bfdae9acdb702b7,403,4.0522286337,0.806451612903,-0.0935483870968,17.1143398285,17.1194687694,7,11.8808933002,18.2299172817,16.236371994,xgboost_quantile,DQB,403,0.806451612903,DQB-DQ0,DQ0,DQ0,6,True,-0.00411813543947,2,True,-0.00385617313606,2,False,False,True,True,0.00161987041037,True,False,True,False,Not-supported,Not-supported,nonpositive_median_skill_or_fewer_than_four_favourable_months,
later,2018-01,2018-01,2018-01-01,xgboost_quantile,DQG,Promise + state-OD profiles,0.5,full,1575,e6a57d0489d8ee13591169e9f3fa6f0c76d0a20b8826c31bd454f882ce01994b,aab35819807e78e72bdd80568e4cd72ed9baadbc3784d373f720a9761c591981,sha256_pickle_protocol_5_fitted_wrapper,5,4.31389578164,4.31145781145,4.31145781145,7.33786678441e-05,7.33786678441e-05,0.000638480703482,0.5,cc962f7c6748592fd8cbeb18e371836d602ddaae3749434d4bfdae9acdb702b7,403,4.31114144242,0.397022332506,-0.102977667494,5.03000020981,5.03305212026,7,11.8808933002,12.828106992,19.9400000572,xgboost_quantile,DQG,403,0.397022332506,DQG-DQ0,DQ0,DQ0,6,True,1.90782815425e-05,3,True,7.00762099052e-05,3,False,False,True,True,-0.000218394439115,True,False,True,False,Not-supported,Not-supported,nonpositive_median_skill_or_fewer_than_four_favourable_months,
later,2018-01,2018-01,2018-01-01,xgboost_quantile,DQG,Promise + state-OD profiles,0.9,full,1575,e6a57d0489d8ee13591169e9f3fa6f0c76d0a20b8826c31bd454f882ce01994b,656dc7795137addc1ee59628935e56685e17a493457b663d41044c122f199542,sha256_pickle_protocol_5_fitted_wrapper,17,4.05037220844,3.99849137952,3.99849137952,-0.00750139439457,-0.00750139439457,0.00540359427895,0.9,cc962f7c6748592fd8cbeb18e371836d602ddaae3749434d4bfdae9acdb702b7,403,4.02848564034,0.801488833747,-0.0985111662531,16.9246368408,17.0968821126,7,11.8808933002,17.665942049,16.3882511139,xgboost_quantile,DQG,403,0.801488833747,DQG-DQ0,DQ0,DQ0,6,True,-0.00201792974276,2,True,-0.00249204982777,1,False,False,True,True,0.000753012048193,True,False,True,False,Not-supported,Not-supported,nonpositive_median_skill_or_fewer_than_four_favourable_months,
later,2018-01,2018-01,2018-01-01,xgboost_quantile,DQS,Promise + seller profiles,0.5,full,1575,e6a57d0489d8ee13591169e9f3fa6f0c76d0a20b8826c31bd454f882ce01994b,916bb843ae3f3e3d8ee628f362000c3dcf73dc35ddc9c81f653670650bc02488,sha256_pickle_protocol_5_fitted_wrapper,5,4.31389578164,4.31145781145,4.31145781145,-0.000643159440575,-0.000643159440575,-7.76524580792e-05,0.5,cc962f7c6748592fd8cbeb18e371836d602ddaae3749434d4bfdae9acdb702b7,403,4.31423076625,0.374689826303,-0.125310173697,5,5.01086849374,7,11.8808933002,12.3926388782,20.0359999657,xgboost_quantile,DQS,403,0.374689826303,DQS-DQ0,DQ0,DQ0,6,True,7.76680377993e-05,4,True,3.65227418964e-06,3,False,False,True,True,-0.000539956803456,True,False,True,False,Not-supported,Not-supported,gain_confined_to_lower_support_orders,
later,2018-01,2018-01,2018-01-01,xgboost_quantile,DQS,Promise + seller profiles,0.9,full,1575,e6a57d0489d8ee13591169e9f3fa6f0c76d0a20b8826c31bd454f882ce01994b,dcb65436ec5bc3b02dd9dd5ef30f54fb48ec421050f18d579dfe337354a644e5,sha256_pickle_protocol_5_fitted_wrapper,17,4.05037220844,3.99849137952,3.99849137952,-0.0135141589038,-0.0135141589038,-0.000532153306665,0.9,cc962f7c6748592fd8cbeb18e371836d602ddaae3749434d4bfdae9acdb702b7,403,4.0525276274,0.801488833747,-0.0985111662531,17.0912475586,17.1940008925,7,11.8808933002,17.7381299734,16.3903064728,xgboost_quantile,DQS,403,0.801488833747,DQS-DQ0,DQ0,DQ0,6,True,-0.00466230145562,0,True,-0.00368460306302,1,False,False,True,True,0.00248138957816,True,False,True,False,Not-supported,Not-supported,nonpositive_median_skill_or_fewer_than_four_favourable_months,
later,2018-02,2018-02,2018-02-01,linear_quantile,DQ0,Direct promise severity baseline,0.5,full,2197,5781454e29754449d6a1a2acfd81b3e491cbec40363ecc124997a2d732f972f8,a3f848360b44f156345378994749ccb27467511ebea05bf985557c891a9222c2,sha256_pickle_protocol_5_fitted_wrapper,6,4.37958963283,4.33729835919,4.33729835919,0,0,0.00965644664929,0.5,7d95c88138b22ba2667424325239c22950b3bf7d98924869363f5813ba7b7bad,926,4.33729835919,0.406047516199,-0.0939524838013,6.42333697493,6.47020435145,8,12.5777537797,12.4438793925,21.1674829597,linear_quantile,DQ0,926,0.406047516199,DQ0_reference,,,,,,,,,,,,,,,,,,,Reference,Reference,,
later,2018-02,2018-02,2018-02-01,linear_quantile,DQ0,Direct promise severity baseline,0.9,full,2197,5781454e29754449d6a1a2acfd81b3e491cbec40363ecc124997a2d732f972f8,6bc81e13abf1ca5eefd1202641ae6be070a05ea42f460e418f108cd74e1d8442,sha256_pickle_protocol_5_fitted_wrapper,21,3.35518358531,3.35518358531,3.35518358531,0,0,0,0.9,7d95c88138b22ba2667424325239c22950b3bf7d98924869363f5813ba7b7bad,926,3.35518358531,0.83909287257,-0.0609071274298,21,21,8,12.5777537797,15.6174496644,20,linear_quantile,DQ0,926,0.83909287257,DQ0_reference,,,,,,,,,,,,,,,,,,,Reference,Reference,,
later,2018-02,2018-02,2018-02-01,linear_quantile,DQB,Promise + both profile blocks,0.5,full,2197,5781454e29754449d6a1a2acfd81b3e491cbec40363ecc124997a2d732f972f8,c79fc7790630fee80035fdf4913bcebdc56467e45de7f5b580d12221f59e0fba,sha256_pickle_protocol_5_fitted_wrapper,6,4.37958963283,4.33729835919,4.33729835919,0.0202195065633,0.0202195065633,0.0296807046262,0.5,7d95c88138b22ba2667424325239c22950b3bf7d98924869363f5813ba7b7bad,926,4.24960032655,0.442764578834,-0.0572354211663,7.4309492628,7.12953687479,8,12.5777537797,12.5148339716,20.0328539685,linear_quantile,DQB,926,0.442764578834,DQB-DQ0,DQ0,DQ0,6,True,-0.00174129588923,2,True,-0.00465990824144,3,False,False,True,True,0.0119368318344,True,False,True,False,Not-supported,Not-supported,nonpositive_median_skill_or_fewer_than_four_favourable_months,
later,2018-02,2018-02,2018-02-01,linear_quantile,DQB,Promise + both profile blocks,0.9,full,2197,5781454e29754449d6a1a2acfd81b3e491cbec40363ecc124997a2d732f972f8,3b66afa99a0f9a85a5604decae63eea859790949fd59c2d2679189aa763caffd,sha256_pickle_protocol_5_fitted_wrapper,21,3.35518358531,3.35518358531,3.35518358531,-0.00337966761715,-0.00337966761715,-0.00337966761715,0.9,7d95c88138b22ba2667424325239c22950b3bf7d98924869363f5813ba7b7bad,926,3.36652299063,0.829373650108,-0.070626349892,20.8652097192,20.7834237042,8,12.5777537797,14.9212357868,19.5436753121,linear_quantile,DQB,926,0.829373650108,DQB-DQ0,DQ0,DQ0,6,True,-0.00513196219554,1,True,-0.00467413404641,2,False,False,True,True,0.00649359815921,True,False,True,False,Not-supported,Not-supported,nonpositive_median_skill_or_fewer_than_four_favourable_months,
later,2018-02,2018-02,2018-02-01,linear_quantile,DQG,Promise + state-OD profiles,0.5,full,2197,5781454e29754449d6a1a2acfd81b3e491cbec40363ecc124997a2d732f972f8,3c4fbae70ffed74102707db8adcdae3072a280fc4527ab6f1a346339ea435ad8,sha256_pickle_protocol_5_fitted_wrapper,6,4.37958963283,4.33729835919,4.33729835919,0.00908194347493,0.00908194347493,0.0186506908216,0.5,7d95c88138b22ba2667424325239c22950b3bf7d98924869363f5813ba7b7bad,926,4.29790726066,0.434125269978,-0.0658747300216,7.19818895284,6.83482799802,8,12.5777537797,12.6695358021,20.4991509593,linear_quantile,DQG,926,0.434125269978,DQG-DQ0,DQ0,DQ0,6,True,-0.00502930204561,3,True,-0.00443833023516,3,False,False,True,True,0.0201086034278,True,False,True,False,Not-supported,Not-supported,nonpositive_median_skill_or_fewer_than_four_favourable_months,
later,2018-02,2018-02,2018-02-01,linear_quantile,DQG,Promise + state-OD profiles,0.9,full,2197,5781454e29754449d6a1a2acfd81b3e491cbec40363ecc124997a2d732f972f8,e8f7e10d2ab1d9743993d5b5817e2533d212e201ee070da5a3d991f4bad091bc,sha256_pickle_protocol_5_fitted_wrapper,21,3.35518358531,3.35518358531,3.35518358531,0,0,0,0.9,7d95c88138b22ba2667424325239c22950b3bf7d98924869363f5813ba7b7bad,926,3.35518358531,0.83909287257,-0.0609071274298,21,21,8,12.5777537797,15.6174496644,20,linear_quantile,DQG,926,0.83909287257,DQG-DQ0,DQ0,DQ0,6,True,-0.00250912580818,3,True,-0.00192141993833,3,False,False,True,True,0.00439664202777,True,False,True,False,Not-supported,Not-supported,nonpositive_median_skill_or_fewer_than_four_favourable_months,
later,2018-02,2018-02,2018-02-01,linear_quantile,DQS,Promise + seller profiles,0.5,full,2197,5781454e29754449d6a1a2acfd81b3e491cbec40363ecc124997a2d732f972f8,e2a67d2a42776075bf9af30c87ee56a979d74ed46c8f0f1734c58bea196c6c6f,sha256_pickle_protocol_5_fitted_wrapper,6,4.37958963283,4.33729835919,4.33729835919,0.00326827246744,0.00326827246744,0.012893159218,0.5,7d95c88138b22ba2667424325239c22950b3bf7d98924869363f5813ba7b7bad,926,4.32312288638,0.403887688985,-0.0961123110151,6.38400120103,6.4417054984,8,12.5777537797,12.398916933,20.9113284465,linear_quantile,DQS,926,0.403887688985,DQS-DQ0,DQ0,DQ0,6,True,0.000519832297006,3,True,-0.00279893963735,2,False,False,True,True,0.00107991360691,True,False,True,False,Not-supported,Not-supported,nonpositive_median_skill_or_fewer_than_four_favourable_months,
later,2018-02,2018-02,2018-02-01,linear_quantile,DQS,Promise + seller profiles,0.9,full,2197,5781454e29754449d6a1a2acfd81b3e491cbec40363ecc124997a2d732f972f8,b63245a275e5fd268cdc61eec46d58867c96b6a40253194b0476f91906fc248a,sha256_pickle_protocol_5_fitted_wrapper,21,3.35518358531,3.35518358531,3.35518358531,-0.00186763298573,-0.00186763298573,-0.00186763298573,0.9,7d95c88138b22ba2667424325239c22950b3bf7d98924869363f5813ba7b7bad,926,3.36144983685,0.830453563715,-0.0695464362851,20.986347732,20.9135825748,8,12.5777537797,14.9095847293,19.6703209165,linear_quantile,DQS,926,0.830453563715,DQS-DQ0,DQ0,DQ0,6,True,-0.00243285667054,1,True,-0.00562775234751,1,False,False,True,True,0,True,False,True,False,Not-supported,Not-supported,nonpositive_median_skill_or_fewer_than_four_favourable_months,
later,2018-02,2018-02,2018-02-01,xgboost_quantile,DQ0,Direct promise severity baseline,0.5,full,2197,5781454e29754449d6a1a2acfd81b3e491cbec40363ecc124997a2d732f972f8,e1a0ddf53c2ac6b29110d8d98c1826607908e8c7eb3b93d2a8a598bdabf265b3,sha256_pickle_protocol_5_fitted_wrapper,6,4.37958963283,4.37848811968,4.37848811968,0,0,0.000251510583903,0.5,7d95c88138b22ba2667424325239c22950b3bf7d98924869363f5813ba7b7bad,926,4.37848811968,0.388768898488,-0.111231101512,6.03000020981,6.01373657604,8,12.5777537797,12.5328974631,21.9699997902,xgboost_quantile,DQ0,926,0.388768898488,DQ0_reference,,,,,,,,,,,,,,,,,,,Reference,Reference,,
later,2018-02,2018-02,2018-02-01,xgboost_quantile,DQ0,Direct promise severity baseline,0.9,full,2197,5781454e29754449d6a1a2acfd81b3e491cbec40363ecc124997a2d732f972f8,48648f7cb31af5a6e9313a546a3d3dc3c6cdb65e72d3505660738df6dbe9a484,sha256_pickle_protocol_5_fitted_wrapper,21,3.35518358531,3.34025176236,3.34025176236,0,0,0.00445037434654,0.9,7d95c88138b22ba2667424325239c22950b3bf7d98924869363f5813ba7b7bad,926,3.34025176236,0.834773218143,-0.0652267818575,20.9995498657,21.0965563731,8,12.5777537797,15.0603399464,19.998254776,xgboost_quantile,DQ0,926,0.834773218143,DQ0_reference,,,,,,,,,,,,,,,,,,,Reference,Reference,,
later,2018-02,2018-02,2018-02-01,xgboost_quantile,DQB,Promise + both profile blocks,0.5,full,2197,5781454e29754449d6a1a2acfd81b3e491cbec40363ecc124997a2d732f972f8,595d1a31b53443414535689fe934c4521ef57fee57f69b14387cb4be29c78d31,sha256_pickle_protocol_5_fitted_wrapper,6,4.37958963283,4.37848811968,4.37848811968,0.000360714418154,0.000360714418154,0.000612134278563,0.5,7d95c88138b22ba2667424325239c22950b3bf7d98924869363f5813ba7b7bad,926,4.37690873589,0.394168466523,-0.105831533477,6.03000020981,6.02279169977,8,12.5777537797,12.6345185962,21.9099998474,xgboost_quantile,DQB,926,0.394168466523,DQB-DQ0,DQ0,DQ0,6,True,-0.000152139854368,2,True,-0.000254464465177,1,False,False,True,True,-0.000880974879912,True,False,True,False,Not-supported,Not-supported,nonpositive_median_skill_or_fewer_than_four_favourable_months,
later,2018-02,2018-02,2018-02-01,xgboost_quantile,DQB,Promise + both profile blocks,0.9,full,2197,5781454e29754449d6a1a2acfd81b3e491cbec40363ecc124997a2d732f972f8,31c9dc3c102d36764f34f7b71d8f015b4ff80b67431fffc3a7cbe76446a95af7,sha256_pickle_protocol_5_fitted_wrapper,21,3.35518358531,3.34025176236,3.34025176236,0.00136153433312,0.00136153433312,0.00580584934218,0.9,7d95c88138b22ba2667424325239c22950b3bf7d98924869363f5813ba7b7bad,926,3.3357038949,0.831533477322,-0.0684665226782,20.9224948883,20.9449597002,8,12.5777537797,14.8337085797,19.6185312271,xgboost_quantile,DQB,926,0.831533477322,DQB-DQ0,DQ0,DQ0,6,True,-0.00411813543947,2,True,-0.00385617313606,2,False,False,True,True,0.00161987041037,True,False,True,False,Not-supported,Not-supported,nonpositive_median_skill_or_fewer_than_four_favourable_months,
later,2018-02,2018-02,2018-02-01,xgboost_quantile,DQG,Promise + state-OD profiles,0.5,full,2197,5781454e29754449d6a1a2acfd81b3e491cbec40363ecc124997a2d732f972f8,aece5b7678aa6d4ddac52700ffe17187aa73e5cfd9d3626c183252aea1e2ae2d,sha256_pickle_protocol_5_fitted_wrapper,6,4.37958963283,4.37848811968,4.37848811968,0.000425458803656,0.000425458803656,0.000676862380167,0.5,7d95c88138b22ba2667424325239c22950b3bf7d98924869363f5813ba7b7bad,926,4.37662525337,0.394168466523,-0.105831533477,6.03000020981,6.02595048177,8,12.5777537797,12.6314436926,21.9099998474,xgboost_quantile,DQG,926,0.394168466523,DQG-DQ0,DQ0,DQ0,6,True,1.90782815425e-05,3,True,7.00762099052e-05,3,False,False,True,True,-0.000218394439115,True,False,True,False,Not-supported,Not-supported,nonpositive_median_skill_or_fewer_than_four_favourable_months,
later,2018-02,2018-02,2018-02-01,xgboost_quantile,DQG,Promise + state-OD profiles,0.9,full,2197,5781454e29754449d6a1a2acfd81b3e491cbec40363ecc124997a2d732f972f8,fbe46153b52221d1d702536ac68b31cac51e1d1f6d2e901300c47d18335f4dd0,sha256_pickle_protocol_5_fitted_wrapper,21,3.35518358531,3.34025176236,3.34025176236,0.0107823195102,0.0107823195102,0.0151847084986,0.9,7d95c88138b22ba2667424325239c22950b3bf7d98924869363f5813ba7b7bad,926,3.30423610061,0.838012958963,-0.0619870410367,21.1453170776,21.0467273144,8,12.5777537797,15.169971199,19.5462417603,xgboost_quantile,DQG,926,0.838012958963,DQG-DQ0,DQ0,DQ0,6,True,-0.00201792974276,2,True,-0.00249204982777,1,False,False,True,True,0.000753012048193,True,False,True,False,Not-supported,Not-supported,nonpositive_median_skill_or_fewer_than_four_favourable_months,
later,2018-02,2018-02,2018-02-01,xgboost_quantile,DQS,Promise + seller profiles,0.5,full,2197,5781454e29754449d6a1a2acfd81b3e491cbec40363ecc124997a2d732f972f8,bcc3827f61cbe937e9f2a9fc39fdfe43a1287b02efb06c079ce48b5e3368ce44,sha256_pickle_protocol_5_fitted_wrapper,6,4.37958963283,4.37848811968,4.37848811968,0.000125786017237,0.000125786017237,0.000377264964626,0.5,7d95c88138b22ba2667424325239c22950b3bf7d98924869363f5813ba7b7bad,926,4.3779373671,0.389848812095,-0.110151187905,6.03000020981,6.02066958852,8,12.5777537797,12.5484955442,21.9549999237,xgboost_quantile,DQS,926,0.389848812095,DQS-DQ0,DQ0,DQ0,6,True,7.76680377993e-05,4,True,3.65227418964e-06,3,False,False,True,True,-0.000539956803456,True,False,True,False,Not-supported,Not-supported,gain_confined_to_lower_support_orders,
later,2018-02,2018-02,2018-02-01,xgboost_quantile,DQS,Promise + seller profiles,0.9,full,2197,5781454e29754449d6a1a2acfd81b3e491cbec40363ecc124997a2d732f972f8,ced5714e9abe5ca18dde5e9b20ffa31f4e8a85d4add5fb9b9f4714ffbbfd3802,sha256_pickle_protocol_5_fitted_wrapper,21,3.35518358531,3.34025176236,3.34025176236,-0.00443218486518,-0.00443218486518,3.7914363175e-05,0.9,7d95c88138b22ba2667424325239c22950b3bf7d98924869363f5813ba7b7bad,926,3.35505637566,0.829373650108,-0.070626349892,20.8851337433,20.9033651681,8,12.5777537797,14.7837379069,19.7727050781,xgboost_quantile,DQS,926,0.829373650108,DQS-DQ0,DQ0,DQ0,6,True,-0.00466230145562,0,True,-0.00368460306302,1,False,False,True,True,0.00248138957816,True,False,True,False,Not-supported,Not-supported,nonpositive_median_skill_or_fewer_than_four_favourable_months,
later,2018-03,2018-03,2018-03-01,linear_quantile,DQ0,Direct promise severity baseline,0.5,full,2520,4c808a9f45d24b6c3aad7166bb65c4e89a9af4bb25bce0e8c585f59cfe5fc500,413835bf7ed80de84017bfc00fb3abca23f5b7ce83750cdf405a8ac096472f38,sha256_pickle_protocol_5_fitted_wrapper,6,3.20858433735,3.1644759708,3.1644759708,0,0,0.0137469868067,0.5,5092f5e7034c263ff007ff4a6fab61efb011668930b5964c9bdd412718e5736f,1328,3.1644759708,0.426204819277,-0.0737951807229,6.18029001838,6.28231040411,7,10.0165662651,8.76898947623,15.3005630822,linear_quantile,DQ0,1328,0.426204819277,DQ0_reference,,,,,,,,,,,,,,,,,,,Reference,Reference,,
later,2018-03,2018-03,2018-03-01,linear_quantile,DQ0,Direct promise severity baseline,0.9,full,2520,4c808a9f45d24b6c3aad7166bb65c4e89a9af4bb25bce0e8c585f59cfe5fc500,35657e998116c5998bd7cb381e122c75638698cdae5cd1f4cb21464c6871e987,sha256_pickle_protocol_5_fitted_wrapper,21,2.11942771084,2.11942771084,2.11942771084,0,0,0,0.9,5092f5e7034c263ff007ff4a6fab61efb011668930b5964c9bdd412718e5736f,1328,2.11942771084,0.896084337349,-0.0039156626506,21,21,7,10.0165662651,9.82608695652,20,linear_quantile,DQ0,1328,0.896084337349,DQ0_reference,,,,,,,,,,,,,,,,,,,Reference,Reference,,
later,2018-03,2018-03,2018-03-01,linear_quantile,DQB,Promise + both profile blocks,0.5,full,2520,4c808a9f45d24b6c3aad7166bb65c4e89a9af4bb25bce0e8c585f59cfe5fc500,c08b2bc4bfd31a049f636f21da6c8e0fc8bb2953f906d692e826cffcd2c59486,sha256_pickle_protocol_5_fitted_wrapper,6,3.20858433735,3.1644759708,3.1644759708,0.000640987086436,0.000640987086436,0.0143791622521,0.5,5092f5e7034c263ff007ff4a6fab61efb011668930b5964c9bdd412718e5736f,1328,3.16244758256,0.416415662651,-0.0835843373494,6.39944183296,6.25799402018,7,10.0165662651,8.63925465838,15.4668395103,linear_quantile,DQB,1328,0.416415662651,DQB-DQ0,DQ0,DQ0,6,True,-0.00174129588923,2,True,-0.00465990824144,3,False,False,True,True,0.0119368318344,True,False,True,False,Not-supported,Not-supported,nonpositive_median_skill_or_fewer_than_four_favourable_months,
later,2018-03,2018-03,2018-03-01,linear_quantile,DQB,Promise + both profile blocks,0.9,full,2520,4c808a9f45d24b6c3aad7166bb65c4e89a9af4bb25bce0e8c585f59cfe5fc500,a409f101fa099460fddd169d134bcdac291f2c51be18361292b82eaca7e43c27,sha256_pickle_protocol_5_fitted_wrapper,21,2.11942771084,2.11942771084,2.11942771084,-0.00294740041457,-0.00294740041457,-0.00294740041457,0.9,5092f5e7034c263ff007ff4a6fab61efb011668930b5964c9bdd412718e5736f,1328,2.12567451296,0.882530120482,-0.0174698795181,20.8092783769,20.7662323324,7,10.0165662651,8.94448781709,19.3800932871,linear_quantile,DQB,1328,0.882530120482,DQB-DQ0,DQ0,DQ0,6,True,-0.00513196219554,1,True,-0.00467413404641,2,False,False,True,True,0.00649359815921,True,False,True,False,Not-supported,Not-supported,nonpositive_median_skill_or_fewer_than_four_favourable_months,
later,2018-03,2018-03,2018-03-01,linear_quantile,DQG,Promise + state-OD profiles,0.5,full,2520,4c808a9f45d24b6c3aad7166bb65c4e89a9af4bb25bce0e8c585f59cfe5fc500,aea0d8ab535b913381acc1c4b702c65f28b04bfa563eb7da05b6a9d2963db6cd,sha256_pickle_protocol_5_fitted_wrapper,6,3.20858433735,3.1644759708,3.1644759708,0.000200061131762,0.000200061131762,0.0139442977007,0.5,5092f5e7034c263ff007ff4a6fab61efb011668930b5964c9bdd412718e5736f,1328,3.16384288215,0.414156626506,-0.085843373494,6.40719517369,6.22332397585,7,10.0165662651,8.63791288886,15.4924582333,linear_quantile,DQG,1328,0.414156626506,DQG-DQ0,DQ0,DQ0,6,True,-0.00502930204561,3,True,-0.00443833023516,3,False,False,True,True,0.0201086034278,True,False,True,False,Not-supported,Not-supported,nonpositive_median_skill_or_fewer_than_four_favourable_months,
later,2018-03,2018-03,2018-03-01,linear_quantile,DQG,Promise + state-OD profiles,0.9,full,2520,4c808a9f45d24b6c3aad7166bb65c4e89a9af4bb25bce0e8c585f59cfe5fc500,7aed502ca3cc80e8fd5fca9e67de9470caee019c0ffaeabd52d916a9b02fc91a,sha256_pickle_protocol_5_fitted_wrapper,21,2.11942771084,2.11942771084,2.11942771084,0,0,0,0.9,5092f5e7034c263ff007ff4a6fab61efb011668930b5964c9bdd412718e5736f,1328,2.11942771084,0.888554216867,-0.0114457831325,21,21,7,10.0165662651,9.16216216216,20,linear_quantile,DQG,1328,0.888554216867,DQG-DQ0,DQ0,DQ0,6,True,-0.00250912580818,3,True,-0.00192141993833,3,False,False,True,True,0.00439664202777,True,False,True,False,Not-supported,Not-supported,nonpositive_median_skill_or_fewer_than_four_favourable_months,
later,2018-03,2018-03,2018-03-01,linear_quantile,DQS,Promise + seller profiles,0.5,full,2520,4c808a9f45d24b6c3aad7166bb65c4e89a9af4bb25bce0e8c585f59cfe5fc500,7d57369f9adf2b6e75d0e46d4d77821a6d285c519e65fb37668473fee59579cd,sha256_pickle_protocol_5_fitted_wrapper,6,3.20858433735,3.1644759708,3.1644759708,-0.00377796652258,-0.00377796652258,0.01002095594,0.5,5092f5e7034c263ff007ff4a6fab61efb011668930b5964c9bdd412718e5736f,1328,3.17643125507,0.417921686747,-0.082078313253,6.12802023959,6.2098775357,7,10.0165662651,8.72696251363,15.3966536866,linear_quantile,DQS,1328,0.417921686747,DQS-DQ0,DQ0,DQ0,6,True,0.000519832297006,3,True,-0.00279893963735,2,False,False,True,True,0.00107991360691,True,False,True,False,Not-supported,Not-supported,nonpositive_median_skill_or_fewer_than_four_favourable_months,
later,2018-03,2018-03,2018-03-01,linear_quantile,DQS,Promise + seller profiles,0.9,full,2520,4c808a9f45d24b6c3aad7166bb65c4e89a9af4bb25bce0e8c585f59cfe5fc500,1acc56388b7d08f0bb31d59c95cc6263ba90ca2aee3083f6bbf73535ec7ed427,sha256_pickle_protocol_5_fitted_wrapper,21,2.11942771084,2.11942771084,2.11942771084,-0.00299808035535,-0.00299808035535,-0.00299808035535,0.9,5092f5e7034c263ff007ff4a6fab61efb011668930b5964c9bdd412718e5736f,1328,2.12578192543,0.882530120482,-0.0174698795181,20.8090221512,20.7708266798,7,10.0165662651,8.94149111467,19.3700172624,linear_quantile,DQS,1328,0.882530120482,DQS-DQ0,DQ0,DQ0,6,True,-0.00243285667054,1,True,-0.00562775234751,1,False,False,True,True,0,True,False,True,False,Not-supported,Not-supported,nonpositive_median_skill_or_fewer_than_four_favourable_months,
later,2018-03,2018-03,2018-03-01,xgboost_quantile,DQ0,Direct promise severity baseline,0.5,full,2520,4c808a9f45d24b6c3aad7166bb65c4e89a9af4bb25bce0e8c585f59cfe5fc500,b1580e3856dea575521fd35c5bac2c34640cc14808cf686ccd73af21aaba7abd,sha256_pickle_protocol_5_fitted_wrapper,6,3.20858433735,3.20691263999,3.20691263999,0,0,0.000521007767028,0.5,5092f5e7034c263ff007ff4a6fab61efb011668930b5964c9bdd412718e5736f,1328,3.20691263999,0.427710843373,-0.0722891566265,6.03000020981,6.00926210938,7,10.0165662651,9.10477624379,15.9699997902,xgboost_quantile,DQ0,1328,0.427710843373,DQ0_reference,,,,,,,,,,,,,,,,,,,Reference,Reference,,
later,2018-03,2018-03,2018-03-01,xgboost_quantile,DQ0,Direct promise severity baseline,0.9,full,2520,4c808a9f45d24b6c3aad7166bb65c4e89a9af4bb25bce0e8c585f59cfe5fc500,25b2bb67b1f7c237a492799b8d4aac1603ba2539fbfe369e42472082f721ddf0,sha256_pickle_protocol_5_fitted_wrapper,21,2.11942771084,2.12123801766,2.12123801766,0,0,-0.000854148883721,0.9,5092f5e7034c263ff007ff4a6fab61efb011668930b5964c9bdd412718e5736f,1328,2.12123801766,0.887801204819,-0.0121987951807,21.0046768188,20.9910440244,7,10.0165662651,9.12478819469,19.8178386688,xgboost_quantile,DQ0,1328,0.887801204819,DQ0_reference,,,,,,,,,,,,,,,,,,,Reference,Reference,,
later,2018-03,2018-03,2018-03-01,xgboost_quantile,DQB,Promise + both profile blocks,0.5,full,2520,4c808a9f45d24b6c3aad7166bb65c4e89a9af4bb25bce0e8c585f59cfe5fc500,f4261db97c452e33e753a873a51f100ed50a2e93a25b0ffb7ce02a657d20b5d2,sha256_pickle_protocol_5_fitted_wrapper,6,3.20858433735,3.20691263999,3.20691263999,-0.000220134753786,-0.000220134753786,0.000300987705158,0.5,5092f5e7034c263ff007ff4a6fab61efb011668930b5964c9bdd412718e5736f,1328,3.20761859291,0.426204819277,-0.0737951807229,6,5.99255653569,7,10.0165662651,9.09666660326,15.9789998531,xgboost_quantile,DQB,1328,0.426204819277,DQB-DQ0,DQ0,DQ0,6,True,-0.000152139854368,2,True,-0.000254464465177,1,False,False,True,True,-0.000880974879912,True,False,True,False,Not-supported,Not-supported,nonpositive_median_skill_or_fewer_than_four_favourable_months,
later,2018-03,2018-03,2018-03-01,xgboost_quantile,DQB,Promise + both profile blocks,0.9,full,2520,4c808a9f45d24b6c3aad7166bb65c4e89a9af4bb25bce0e8c585f59cfe5fc500,eb82cc9506403d0d08d70c6632b047c280afd5c388c536c30f3f42d2966b1620,sha256_pickle_protocol_5_fitted_wrapper,21,2.11942771084,2.12123801766,2.12123801766,0.000645679096273,0.000645679096273,-0.000207918281368,0.9,5092f5e7034c263ff007ff4a6fab61efb011668930b5964c9bdd412718e5736f,1328,2.11986837861,0.884036144578,-0.0159638554217,20.8794879913,20.867343341,7,10.0165662651,8.92338968252,19.4130382538,xgboost_quantile,DQB,1328,0.884036144578,DQB-DQ0,DQ0,DQ0,6,True,-0.00411813543947,2,True,-0.00385617313606,2,False,False,True,True,0.00161987041037,True,False,True,False,Not-supported,Not-supported,nonpositive_median_skill_or_fewer_than_four_favourable_months,
later,2018-03,2018-03,2018-03-01,xgboost_quantile,DQG,Promise + state-OD profiles,0.5,full,2520,4c808a9f45d24b6c3aad7166bb65c4e89a9af4bb25bce0e8c585f59cfe5fc500,955863221c4ccf7b5553f4aa6f77b1ed492f889d419aeca14877193888e6336b,sha256_pickle_protocol_5_fitted_wrapper,6,3.20858433735,3.20691263999,3.20691263999,-3.5222104759e-05,-3.5222104759e-05,0.000485804013259,0.5,5092f5e7034c263ff007ff4a6fab61efb011668930b5964c9bdd412718e5736f,1328,3.2070255942,0.421686746988,-0.078313253012,6,5.9960241149,7,10.0165662651,9.02157549063,15.9789998531,xgboost_quantile,DQG,1328,0.421686746988,DQG-DQ0,DQ0,DQ0,6,True,1.90782815425e-05,3,True,7.00762099052e-05,3,False,False,True,True,-0.000218394439115,True,False,True,False,Not-supported,Not-supported,nonpositive_median_skill_or_fewer_than_four_favourable_months,
later,2018-03,2018-03,2018-03-01,xgboost_quantile,DQG,Promise + state-OD profiles,0.9,full,2520,4c808a9f45d24b6c3aad7166bb65c4e89a9af4bb25bce0e8c585f59cfe5fc500,a9178986ce9a1762e451e3629547d0b279b06210a7feb6b778e9efc53cf11111,sha256_pickle_protocol_5_fitted_wrapper,21,2.11942771084,2.12123801766,2.12123801766,0.000551638616981,0.000551638616981,-0.000302039085231,0.9,5092f5e7034c263ff007ff4a6fab61efb011668930b5964c9bdd412718e5736f,1328,2.12006786085,0.886295180723,-0.0137048192771,20.7966537476,20.9188932353,7,10.0165662651,9.05709336136,19.7060070038,xgboost_quantile,DQG,1328,0.886295180723,DQG-DQ0,DQ0,DQ0,6,True,-0.00201792974276,2,True,-0.00249204982777,1,False,False,True,True,0.000753012048193,True,False,True,False,Not-supported,Not-supported,nonpositive_median_skill_or_fewer_than_four_favourable_months,
later,2018-03,2018-03,2018-03-01,xgboost_quantile,DQS,Promise + seller profiles,0.5,full,2520,4c808a9f45d24b6c3aad7166bb65c4e89a9af4bb25bce0e8c585f59cfe5fc500,032fe63bda2242b0f0c0624ad6a9e9d2ea85d0da207add4aea9e6b8608c9ee5e,sha256_pickle_protocol_5_fitted_wrapper,6,3.20858433735,3.20691263999,3.20691263999,-0.000239505822538,-0.000239505822538,0.000281626728884,0.5,5092f5e7034c263ff007ff4a6fab61efb011668930b5964c9bdd412718e5736f,1328,3.20768071424,0.417168674699,-0.0828313253012,6.03000020981,6.00842627955,7,10.0165662651,8.94212524404,15.9699997902,xgboost_quantile,DQS,1328,0.417168674699,DQS-DQ0,DQ0,DQ0,6,True,7.76680377993e-05,4,True,3.65227418964e-06,3,False,False,True,True,-0.000539956803456,True,False,True,False,Not-supported,Not-supported,gain_confined_to_lower_support_orders,
later,2018-03,2018-03,2018-03-01,xgboost_quantile,DQS,Promise + seller profiles,0.9,full,2520,4c808a9f45d24b6c3aad7166bb65c4e89a9af4bb25bce0e8c585f59cfe5fc500,c6ac81016e725c31153cf0e97a654c222fa7fd877d42cf266db54ffa1586213f,sha256_pickle_protocol_5_fitted_wrapper,21,2.11942771084,2.12123801766,2.12123801766,-0.00206976208705,-0.00206976208705,-0.00292567885575,0.9,5092f5e7034c263ff007ff4a6fab61efb011668930b5964c9bdd412718e5736f,1328,2.12562847568,0.880271084337,-0.0197289156627,20.9089927673,20.9173172009,7,10.0165662651,8.64915026059,19.6802185059,xgboost_quantile,DQS,1328,0.880271084337,DQS-DQ0,DQ0,DQ0,6,True,-0.00466230145562,0,True,-0.00368460306302,1,False,False,True,True,0.00248138957816,True,False,True,False,Not-supported,Not-supported,nonpositive_median_skill_or_fewer_than_four_favourable_months,
later,2018-04,2018-04,2018-04-01,linear_quantile,DQ0,Direct promise severity baseline,0.5,full,3417,c696c0bce90953fd287abfc368108f2b27970021239d0944fd1066180bd245e0,688ebdc6839321baa0ca9036ed619362048c5a1194f002da59ae216e9ceda47f,sha256_pickle_protocol_5_fitted_wrapper,6,3.57679738562,3.52748657698,3.52748657698,0,0,0.0137863019127,0.5,f70654d8c209bccbb417414da1c2ceea047caa7f2467d1ed8101efa66eb66fd9,306,3.52748657698,0.460784313725,-0.0392156862745,6.18068474207,6.21580050757,7,10.3954248366,10.4175358479,16.0473564628,linear_quantile,DQ0,306,0.460784313725,DQ0_reference,,,,,,,,,,,,,,,,,,,Reference,Reference,,
later,2018-04,2018-04,2018-04-01,linear_quantile,DQ0,Direct promise severity baseline,0.9,full,3417,c696c0bce90953fd287abfc368108f2b27970021239d0944fd1066180bd245e0,acdc5cfd2f30f5086f637f58cfb96b0adc0476ca0f357ac38f95b46f907cca3f,sha256_pickle_protocol_5_fitted_wrapper,20,2.82973856209,2.79578259528,2.79578259528,0,0,0.0119996833854,0.9,f70654d8c209bccbb417414da1c2ceea047caa7f2467d1ed8101efa66eb66fd9,306,2.79578259528,0.885620915033,-0.0143790849673,19.8234203273,19.8927007674,7,10.3954248366,16.1397951621,18.5450597659,linear_quantile,DQ0,306,0.885620915033,DQ0_reference,,,,,,,,,,,,,,,,,,,Reference,Reference,,
later,2018-04,2018-04,2018-04-01,linear_quantile,DQB,Promise + both profile blocks,0.5,full,3417,c696c0bce90953fd287abfc368108f2b27970021239d0944fd1066180bd245e0,bf3fbb79ef1136f8e0355095697a68493c1df441c1b5fd4bf2fd61089d8608ca,sha256_pickle_protocol_5_fitted_wrapper,6,3.57679738562,3.52748657698,3.52748657698,-0.0025192642718,-0.0025192642718,0.0113017689787,0.5,f70654d8c209bccbb417414da1c2ceea047caa7f2467d1ed8101efa66eb66fd9,306,3.53637324788,0.434640522876,-0.0653594771242,5.94312701111,5.92373955248,7,10.3954248366,10.2098153892,16.2371805174,linear_quantile,DQB,306,0.434640522876,DQB-DQ0,DQ0,DQ0,6,True,-0.00174129588923,2,True,-0.00465990824144,3,False,False,True,True,0.0119368318344,True,False,True,False,Not-supported,Not-supported,nonpositive_median_skill_or_fewer_than_four_favourable_months,
later,2018-04,2018-04,2018-04-01,linear_quantile,DQB,Promise + both profile blocks,0.9,full,3417,c696c0bce90953fd287abfc368108f2b27970021239d0944fd1066180bd245e0,1b2bb9d4b79cd65a19cf5421df11ceed2e6897b4135bff693311b80417d588fc,sha256_pickle_protocol_5_fitted_wrapper,20,2.82973856209,2.79578259528,2.79578259528,-0.00688425677392,-0.00688425677392,0.00519803551308,0.9,f70654d8c209bccbb417414da1c2ceea047caa7f2467d1ed8101efa66eb66fd9,306,2.81502948055,0.882352941176,-0.0176470588235,18.6949412398,18.8362682839,7,10.3954248366,16.7530336545,17.8015538502,linear_quantile,DQB,306,0.882352941176,DQB-DQ0,DQ0,DQ0,6,True,-0.00513196219554,1,True,-0.00467413404641,2,False,False,True,True,0.00649359815921,True,False,True,False,Not-supported,Not-supported,nonpositive_median_skill_or_fewer_than_four_favourable_months,
later,2018-04,2018-04,2018-04-01,linear_quantile,DQG,Promise + state-OD profiles,0.5,full,3417,c696c0bce90953fd287abfc368108f2b27970021239d0944fd1066180bd245e0,74b7aa09f55067ff16e5a264f3f2934ebf745f4b8b5a952b39089caa2b62b375,sha256_pickle_protocol_5_fitted_wrapper,6,3.57679738562,3.52748657698,3.52748657698,-0.010258665223,-0.010258665223,0.00366906574569,0.5,f70654d8c209bccbb417414da1c2ceea047caa7f2467d1ed8101efa66eb66fd9,306,3.56367388085,0.43137254902,-0.0686274509804,5.80705934339,5.80711274674,7,10.3954248366,10.301700904,16.3338563745,linear_quantile,DQG,306,0.43137254902,DQG-DQ0,DQ0,DQ0,6,True,-0.00502930204561,3,True,-0.00443833023516,3,False,False,True,True,0.0201086034278,True,False,True,False,Not-supported,Not-supported,nonpositive_median_skill_or_fewer_than_four_favourable_months,
later,2018-04,2018-04,2018-04-01,linear_quantile,DQG,Promise + state-OD profiles,0.9,full,3417,c696c0bce90953fd287abfc368108f2b27970021239d0944fd1066180bd245e0,1eb09e38ee31cdc69df412f272cd2d5ed6135c1be0fcf0f6ad399f5d31f8ff72,sha256_pickle_protocol_5_fitted_wrapper,20,2.82973856209,2.79578259528,2.79578259528,-0.00527164602908,-0.00527164602908,0.00679129543955,0.9,f70654d8c209bccbb417414da1c2ceea047caa7f2467d1ed8101efa66eb66fd9,306,2.8105209715,0.87908496732,-0.0209150326797,18.62217216,18.876813579,7,10.3954248366,16.2294303178,17.8153658084,linear_quantile,DQG,306,0.87908496732,DQG-DQ0,DQ0,DQ0,6,True,-0.00250912580818,3,True,-0.00192141993833,3,False,False,True,True,0.00439664202777,True,False,True,False,Not-supported,Not-supported,nonpositive_median_skill_or_fewer_than_four_favourable_months,
later,2018-04,2018-04,2018-04-01,linear_quantile,DQS,Promise + seller profiles,0.5,full,3417,c696c0bce90953fd287abfc368108f2b27970021239d0944fd1066180bd245e0,3e512af4132763872cc59c82d6fd22db8a0c8ca42f227848b6ac0c6c5925b02d,sha256_pickle_protocol_5_fitted_wrapper,6,3.57679738562,3.52748657698,3.52748657698,0.00837819287908,0.00837819287908,0.0220489904953,0.5,f70654d8c209bccbb417414da1c2ceea047caa7f2467d1ed8101efa66eb66fd9,306,3.49793261406,0.460784313725,-0.0392156862745,6.30093124666,6.26683964624,7,10.3954248366,10.315399479,15.7855733913,linear_quantile,DQS,306,0.460784313725,DQS-DQ0,DQ0,DQ0,6,True,0.000519832297006,3,True,-0.00279893963735,2,False,False,True,True,0.00107991360691,True,False,True,False,Not-supported,Not-supported,nonpositive_median_skill_or_fewer_than_four_favourable_months,
later,2018-04,2018-04,2018-04-01,linear_quantile,DQS,Promise + seller profiles,0.9,full,3417,c696c0bce90953fd287abfc368108f2b27970021239d0944fd1066180bd245e0,f0207870696c506cbbf7835e402f4099f544761887e9a007e9e186dca33841f0,sha256_pickle_protocol_5_fitted_wrapper,20,2.82973856209,2.79578259528,2.79578259528,-0.000973328983396,-0.000973328983396,0.0110380340416,0.9,f70654d8c209bccbb417414da1c2ceea047caa7f2467d1ed8101efa66eb66fd9,306,2.79850381151,0.885620915033,-0.0143790849673,19.9353240515,19.8743225045,7,10.3954248366,16.1796542196,18.7529384034,linear_quantile,DQS,306,0.885620915033,DQS-DQ0,DQ0,DQ0,6,True,-0.00243285667054,1,True,-0.00562775234751,1,False,False,True,True,0,True,False,True,False,Not-supported,Not-supported,nonpositive_median_skill_or_fewer_than_four_favourable_months,
later,2018-04,2018-04,2018-04-01,xgboost_quantile,DQ0,Direct promise severity baseline,0.5,full,3417,c696c0bce90953fd287abfc368108f2b27970021239d0944fd1066180bd245e0,973fefef613e368fb2cd882a49cd4fc6534b584a24ccd1f21c6543236f61d970,sha256_pickle_protocol_5_fitted_wrapper,6,3.57679738562,3.57613561356,3.57613561356,0,0,0.000185018045383,0.5,f70654d8c209bccbb417414da1c2ceea047caa7f2467d1ed8101efa66eb66fd9,306,3.57613561356,0.460784313725,-0.0392156862745,6,6.00220589233,7,10.3954248366,10.7058181589,16,xgboost_quantile,DQ0,306,0.460784313725,DQ0_reference,,,,,,,,,,,,,,,,,,,Reference,Reference,,
later,2018-04,2018-04,2018-04-01,xgboost_quantile,DQ0,Direct promise severity baseline,0.9,full,3417,c696c0bce90953fd287abfc368108f2b27970021239d0944fd1066180bd245e0,6b97b113bdb97c9ee564d150fcb2f1c0ca4475df732d6b887dc4a6327317ae7d,sha256_pickle_protocol_5_fitted_wrapper,20,2.82973856209,2.82454854741,2.82454854741,0,0,0.00183409688544,0.9,f70654d8c209bccbb417414da1c2ceea047caa7f2467d1ed8101efa66eb66fd9,306,2.82454854741,0.882352941176,-0.0176470588235,20.0006885529,19.9377877666,7,10.3954248366,15.8976541625,18.665851593,xgboost_quantile,DQ0,306,0.882352941176,DQ0_reference,,,,,,,,,,,,,,,,,,,Reference,Reference,,
later,2018-04,2018-04,2018-04-01,xgboost_quantile,DQB,Promise + both profile blocks,0.5,full,3417,c696c0bce90953fd287abfc368108f2b27970021239d0944fd1066180bd245e0,e30597919f30026062a311dba5297cf98e4b7f40530fdbca6c56672e009646cb,sha256_pickle_protocol_5_fitted_wrapper,6,3.57679738562,3.57613561356,3.57613561356,6.85365109421e-06,6.85365109421e-06,0.000191870428428,0.5,f70654d8c209bccbb417414da1c2ceea047caa7f2467d1ed8101efa66eb66fd9,306,3.57611110397,0.464052287582,-0.0359477124183,6.03000020981,6.01549028104,7,10.3954248366,10.758658444,16,xgboost_quantile,DQB,306,0.464052287582,DQB-DQ0,DQ0,DQ0,6,True,-0.000152139854368,2,True,-0.000254464465177,1,False,False,True,True,-0.000880974879912,True,False,True,False,Not-supported,Not-supported,nonpositive_median_skill_or_fewer_than_four_favourable_months,
later,2018-04,2018-04,2018-04-01,xgboost_quantile,DQB,Promise + both profile blocks,0.9,full,3417,c696c0bce90953fd287abfc368108f2b27970021239d0944fd1066180bd245e0,a5cbd19f8462073982cfab507e28275d889e809114536f078cd885a7bbe95e16,sha256_pickle_protocol_5_fitted_wrapper,20,2.82973856209,2.82454854741,2.82454854741,-0.00396523646847,-0.00396523646847,-0.00212386695517,0.9,f70654d8c209bccbb417414da1c2ceea047caa7f2467d1ed8101efa66eb66fd9,306,2.83574855032,0.882352941176,-0.0176470588235,19.4779243469,19.6417456484,7,10.3954248366,16.2444899877,18.3954935074,xgboost_quantile,DQB,306,0.882352941176,DQB-DQ0,DQ0,DQ0,6,True,-0.00411813543947,2,True,-0.00385617313606,2,False,False,True,True,0.00161987041037,True,False,True,False,Not-supported,Not-supported,nonpositive_median_skill_or_fewer_than_four_favourable_months,
later,2018-04,2018-04,2018-04-01,xgboost_quantile,DQG,Promise + state-OD profiles,0.5,full,3417,c696c0bce90953fd287abfc368108f2b27970021239d0944fd1066180bd245e0,dada9c224cdb36d90bc516491e73b2e3e278851c0529ee90cbb79ade142401a5,sha256_pickle_protocol_5_fitted_wrapper,6,3.57679738562,3.57613561356,3.57613561356,0.000267294571409,0.000267294571409,0.000452263162473,0.5,f70654d8c209bccbb417414da1c2ceea047caa7f2467d1ed8101efa66eb66fd9,306,3.57517973192,0.470588235294,-0.0294117647059,6,6.00470594799,7,10.3954248366,10.8999073329,16,xgboost_quantile,DQG,306,0.470588235294,DQG-DQ0,DQ0,DQ0,6,True,1.90782815425e-05,3,True,7.00762099052e-05,3,False,False,True,True,-0.000218394439115,True,False,True,False,Not-supported,Not-supported,nonpositive_median_skill_or_fewer_than_four_favourable_months,
later,2018-04,2018-04,2018-04-01,xgboost_quantile,DQG,Promise + state-OD profiles,0.9,full,3417,c696c0bce90953fd287abfc368108f2b27970021239d0944fd1066180bd245e0,798c85fa3c1f40f6afeb3ec3147d41692494ec73dd2afc861014d79f5b15e310,sha256_pickle_protocol_5_fitted_wrapper,20,2.82973856209,2.82454854741,2.82454854741,-0.00120466999197,-0.00120466999197,0.000631636374954,0.9,f70654d8c209bccbb417414da1c2ceea047caa7f2467d1ed8101efa66eb66fd9,306,2.82795119628,0.882352941176,-0.0176470588235,19.6969184875,19.7297912236,7,10.3954248366,16.1033737395,18.6969184875,xgboost_quantile,DQG,306,0.882352941176,DQG-DQ0,DQ0,DQ0,6,True,-0.00201792974276,2,True,-0.00249204982777,1,False,False,True,True,0.000753012048193,True,False,True,False,Not-supported,Not-supported,nonpositive_median_skill_or_fewer_than_four_favourable_months,
later,2018-04,2018-04,2018-04-01,xgboost_quantile,DQS,Promise + seller profiles,0.5,full,3417,c696c0bce90953fd287abfc368108f2b27970021239d0944fd1066180bd245e0,d681bcead0b9be851d44ed7d8858e1cc4bc74542829d95527c36fee72eff7a8b,sha256_pickle_protocol_5_fitted_wrapper,6,3.57679738562,3.57613561356,3.57613561356,0.000315271218436,0.000315271218436,0.000500230932955,0.5,f70654d8c209bccbb417414da1c2ceea047caa7f2467d1ed8101efa66eb66fd9,306,3.57500816093,0.467320261438,-0.0326797385621,6,5.99936279752,7,10.3954248366,10.8377299952,16,xgboost_quantile,DQS,306,0.467320261438,DQS-DQ0,DQ0,DQ0,6,True,7.76680377993e-05,4,True,3.65227418964e-06,3,False,False,True,True,-0.000539956803456,True,False,True,False,Not-supported,Not-supported,gain_confined_to_lower_support_orders,
later,2018-04,2018-04,2018-04-01,xgboost_quantile,DQS,Promise + seller profiles,0.9,full,3417,c696c0bce90953fd287abfc368108f2b27970021239d0944fd1066180bd245e0,cabc57878a3bfccb825ba9c5d162484bc5738f91997da20fb3a8d0c6551b747d,sha256_pickle_protocol_5_fitted_wrapper,20,2.82973856209,2.82454854741,2.82454854741,-0.000175950111697,-0.000175950111697,0.0016584694833,0.9,f70654d8c209bccbb417414da1c2ceea047caa7f2467d1ed8101efa66eb66fd9,306,2.82504552704,0.882352941176,-0.0176470588235,19.9414749146,19.9670246473,7,10.3954248366,15.8770271407,18.8104887009,xgboost_quantile,DQS,306,0.882352941176,DQS-DQ0,DQ0,DQ0,6,True,-0.00466230145562,0,True,-0.00368460306302,1,False,False,True,True,0.00248138957816,True,False,True,False,Not-supported,Not-supported,nonpositive_median_skill_or_fewer_than_four_favourable_months,
later,2018-05,2018-05,2018-05-01,linear_quantile,DQ0,Direct promise severity baseline,0.5,full,4757,298cf3fd217511ecf0133cec058c1d045fdca37dc5bafb8f5dcc3e3b11d3505e,3af71ce60fa8211c3d1a5773b7357440ecc3259e71cfd95988432d45514ad7dd,sha256_pickle_protocol_5_fitted_wrapper,7,2.29571106095,2.21256456732,2.21256456732,0,0,0.0362181874918,0.5,1e8f737f65d16539c4d5c862ea765abd56a694c2e2362f8b4d7ef7e39e6c770f,443,2.21256456732,0.573363431151,0.0733634311512,6.29437398943,6.33858634318,5,7.10383747178,6.08290596988,6.98047410874,linear_quantile,DQ0,443,0.573363431151,DQ0_reference,,,,,,,,,,,,,,,,,,,Reference,Reference,,
later,2018-05,2018-05,2018-05-01,linear_quantile,DQ0,Direct promise severity baseline,0.9,full,4757,298cf3fd217511ecf0133cec058c1d045fdca37dc5bafb8f5dcc3e3b11d3505e,55c7b05e6ce726120f07f0e9ac5f1bbf16799d2002376ae755fd8ee484a20ab6,sha256_pickle_protocol_5_fitted_wrapper,21,2.05553047404,2.03731775724,2.03731775724,0,0,0.00886034871914,0.9,1e8f737f65d16539c4d5c862ea765abd56a694c2e2362f8b4d7ef7e39e6c770f,443,2.03731775724,0.972911963883,0.0729119638826,20.8885003397,20.9331609848,5,7.10383747178,24.1577279023,19.7948874371,linear_quantile,DQ0,443,0.972911963883,DQ0_reference,,,,,,,,,,,,,,,,,,,Reference,Reference,,
later,2018-05,2018-05,2018-05-01,linear_quantile,DQB,Promise + both profile blocks,0.5,full,4757,298cf3fd217511ecf0133cec058c1d045fdca37dc5bafb8f5dcc3e3b11d3505e,6225337392d548b2795e18dfc32466a6dbdb45a43c7d69bbda9aa07be871590a,sha256_pickle_protocol_5_fitted_wrapper,7,2.29571106095,2.21256456732,2.21256456732,-0.0370518262356,-0.0370518262356,0.000508311245806,0.5,1e8f737f65d16539c4d5c862ea765abd56a694c2e2362f8b4d7ef7e39e6c770f,443,2.2945441252,0.604966139955,0.104966139955,6.92562387118,6.77313403977,5,7.10383747178,6.22705061516,7.42555608583,linear_quantile,DQB,443,0.604966139955,DQB-DQ0,DQ0,DQ0,6,True,-0.00174129588923,2,True,-0.00465990824144,3,False,False,True,True,0.0119368318344,True,False,True,False,Not-supported,Not-supported,nonpositive_median_skill_or_fewer_than_four_favourable_months,
later,2018-05,2018-05,2018-05-01,linear_quantile,DQB,Promise + both profile blocks,0.9,full,4757,298cf3fd217511ecf0133cec058c1d045fdca37dc5bafb8f5dcc3e3b11d3505e,ddd7ed8882ad752f3535101c887964b8077f5e4ddb418434b5067b749a83ad75,sha256_pickle_protocol_5_fitted_wrapper,21,2.05553047404,2.03731775724,2.03731775724,-0.00975026423864,-0.00975026423864,-0.000803524778246,0.9,1e8f737f65d16539c4d5c862ea765abd56a694c2e2362f8b4d7ef7e39e6c770f,443,2.05718214371,0.972911963883,0.0729119638826,21.0505150674,21.1113142104,5,7.10383747178,24.2333725119,20.0467640682,linear_quantile,DQB,443,0.972911963883,DQB-DQ0,DQ0,DQ0,6,True,-0.00513196219554,1,True,-0.00467413404641,2,False,False,True,True,0.00649359815921,True,False,True,False,Not-supported,Not-supported,nonpositive_median_skill_or_fewer_than_four_favourable_months,
later,2018-05,2018-05,2018-05-01,linear_quantile,DQG,Promise + state-OD profiles,0.5,full,4757,298cf3fd217511ecf0133cec058c1d045fdca37dc5bafb8f5dcc3e3b11d3505e,b132c7212aa203b0126f6142eabddbec69a7a0c8fe4d72c73215c9cc9c71ee7d,sha256_pickle_protocol_5_fitted_wrapper,7,2.29571106095,2.21256456732,2.21256456732,-0.023336608912,-0.023336608912,0.0137267882568,0.5,1e8f737f65d16539c4d5c862ea765abd56a694c2e2362f8b4d7ef7e39e6c770f,443,2.26419832132,0.627539503386,0.127539503386,7.02863324673,6.70847361146,5,7.10383747178,6.60977546306,6.93208764613,linear_quantile,DQG,443,0.627539503386,DQG-DQ0,DQ0,DQ0,6,True,-0.00502930204561,3,True,-0.00443833023516,3,False,False,True,True,0.0201086034278,True,False,True,False,Not-supported,Not-supported,nonpositive_median_skill_or_fewer_than_four_favourable_months,
later,2018-05,2018-05,2018-05-01,linear_quantile,DQG,Promise + state-OD profiles,0.9,full,4757,298cf3fd217511ecf0133cec058c1d045fdca37dc5bafb8f5dcc3e3b11d3505e,df55acffb0ed8e0e2e427bf7765a68836e5b9a47969f6068f9a01820795b6dd2,sha256_pickle_protocol_5_fitted_wrapper,21,2.05553047404,2.03731775724,2.03731775724,-0.00501825161635,-0.00501825161635,0.00388656056207,0.9,1e8f737f65d16539c4d5c862ea765abd56a694c2e2362f8b4d7ef7e39e6c770f,443,2.04754153037,0.975169300226,0.0751693002257,21.1491638377,21.0351440514,5,7.10383747178,26.3549105888,20.0089816551,linear_quantile,DQG,443,0.975169300226,DQG-DQ0,DQ0,DQ0,6,True,-0.00250912580818,3,True,-0.00192141993833,3,False,False,True,True,0.00439664202777,True,False,True,False,Not-supported,Not-supported,nonpositive_median_skill_or_fewer_than_four_favourable_months,
later,2018-05,2018-05,2018-05-01,linear_quantile,DQS,Promise + seller profiles,0.5,full,4757,298cf3fd217511ecf0133cec058c1d045fdca37dc5bafb8f5dcc3e3b11d3505e,d15ce67cfbb2fb1a22c0eafc4746ad4fe30e13e181e410931ceab8509e5e7794,sha256_pickle_protocol_5_fitted_wrapper,7,2.29571106095,2.21256456732,2.21256456732,-0.0125071432755,-0.0125071432755,0.0241640302765,0.5,1e8f737f65d16539c4d5c862ea765abd56a694c2e2362f8b4d7ef7e39e6c770f,443,2.24023742937,0.562076749436,0.0620767494357,6.34197376527,6.45306905964,5,7.10383747178,5.85861022938,7.1913537053,linear_quantile,DQS,443,0.562076749436,DQS-DQ0,DQ0,DQ0,6,True,0.000519832297006,3,True,-0.00279893963735,2,False,False,True,True,0.00107991360691,True,False,True,False,Not-supported,Not-supported,nonpositive_median_skill_or_fewer_than_four_favourable_months,
later,2018-05,2018-05,2018-05-01,linear_quantile,DQS,Promise + seller profiles,0.9,full,4757,298cf3fd217511ecf0133cec058c1d045fdca37dc5bafb8f5dcc3e3b11d3505e,3b19bedac06d414a056663e7f8bda6a7b13fb6e46c156763a50974cb73d75d9c,sha256_pickle_protocol_5_fitted_wrapper,21,2.05553047404,2.03731775724,2.03731775724,-0.00494981138554,-0.00494981138554,0.00395439438857,0.9,1e8f737f65d16539c4d5c862ea765abd56a694c2e2362f8b4d7ef7e39e6c770f,443,2.04740209587,0.972911963883,0.0729119638826,20.9007615679,21.0108001511,5,7.10383747178,24.243390148,19.8798799471,linear_quantile,DQS,443,0.972911963883,DQS-DQ0,DQ0,DQ0,6,True,-0.00243285667054,1,True,-0.00562775234751,1,False,False,True,True,0,True,False,True,False,Not-supported,Not-supported,nonpositive_median_skill_or_fewer_than_four_favourable_months,
later,2018-05,2018-05,2018-05-01,xgboost_quantile,DQ0,Direct promise severity baseline,0.5,full,4757,298cf3fd217511ecf0133cec058c1d045fdca37dc5bafb8f5dcc3e3b11d3505e,9e60c2859707ff3ae9361e06094706fda2e31f3692eb7dbf4dfcbd7628aba899,sha256_pickle_protocol_5_fitted_wrapper,7,2.29571106095,2.29185101464,2.29185101464,0,0,0.00168141643558,0.5,1e8f737f65d16539c4d5c862ea765abd56a694c2e2362f8b4d7ef7e39e6c770f,443,2.29185101464,0.634311512415,0.134311512415,7,6.98185100297,5,7.10383747178,6.43401236004,6.03000020981,xgboost_quantile,DQ0,443,0.634311512415,DQ0_reference,,,,,,,,,,,,,,,,,,,Reference,Reference,,
later,2018-05,2018-05,2018-05-01,xgboost_quantile,DQ0,Direct promise severity baseline,0.9,full,4757,298cf3fd217511ecf0133cec058c1d045fdca37dc5bafb8f5dcc3e3b11d3505e,2d2cb7eec2a11a9924b10acdffe9d5d084f63c8d7c257a048d2400385850f30f,sha256_pickle_protocol_5_fitted_wrapper,21,2.05553047404,2.04495136915,2.04495136915,0,0,0.00514665436488,0.9,1e8f737f65d16539c4d5c862ea765abd56a694c2e2362f8b4d7ef7e39e6c770f,443,2.04495136915,0.975169300226,0.0751693002257,21.0530128479,20.9255902181,5,7.10383747178,26.6918008978,20.0231189728,xgboost_quantile,DQ0,443,0.975169300226,DQ0_reference,,,,,,,,,,,,,,,,,,,Reference,Reference,,
later,2018-05,2018-05,2018-05-01,xgboost_quantile,DQB,Promise + both profile blocks,0.5,full,4757,298cf3fd217511ecf0133cec058c1d045fdca37dc5bafb8f5dcc3e3b11d3505e,9b7259621b7c70d11817ded82e7aa3501249a92ddb39f0f0e28874d25948013e,sha256_pickle_protocol_5_fitted_wrapper,7,2.29571106095,2.29185101464,2.29185101464,-0.00190585841492,-0.00190585841492,-0.00022123743768,0.5,1e8f737f65d16539c4d5c862ea765abd56a694c2e2362f8b4d7ef7e39e6c770f,443,2.29621895818,0.627539503386,0.127539503386,7,6.99478549828,5,7.10383747178,6.31139400367,6.05399999619,xgboost_quantile,DQB,443,0.627539503386,DQB-DQ0,DQ0,DQ0,6,True,-0.000152139854368,2,True,-0.000254464465177,1,False,False,True,True,-0.000880974879912,True,False,True,False,Not-supported,Not-supported,nonpositive_median_skill_or_fewer_than_four_favourable_months,
later,2018-05,2018-05,2018-05-01,xgboost_quantile,DQB,Promise + both profile blocks,0.9,full,4757,298cf3fd217511ecf0133cec058c1d045fdca37dc5bafb8f5dcc3e3b11d3505e,d19fb9fe80a536e04336ba4bf316baccad8936ffbfd9c0168ec954846ba52b69,sha256_pickle_protocol_5_fitted_wrapper,21,2.05553047404,2.04495136915,2.04495136915,-0.00427103441048,-0.00427103441048,0.000897601492295,0.9,1e8f737f65d16539c4d5c862ea765abd56a694c2e2362f8b4d7ef7e39e6c770f,443,2.05368542682,0.97065462754,0.0706546275395,20.9402427673,20.9338536704,5,7.10383747178,22.8548404987,19.886510849,xgboost_quantile,DQB,443,0.97065462754,DQB-DQ0,DQ0,DQ0,6,True,-0.00411813543947,2,True,-0.00385617313606,2,False,False,True,True,0.00161987041037,True,False,True,False,Not-supported,Not-supported,nonpositive_median_skill_or_fewer_than_four_favourable_months,
later,2018-05,2018-05,2018-05-01,xgboost_quantile,DQG,Promise + state-OD profiles,0.5,full,4757,298cf3fd217511ecf0133cec058c1d045fdca37dc5bafb8f5dcc3e3b11d3505e,5a9f3cded6084159c5911eff7747e8a20ddb90c3c58b0cabf716aebf9740f342,sha256_pickle_protocol_5_fitted_wrapper,7,2.29571106095,2.29185101464,2.29185101464,-0.000384128450031,-0.000384128450031,0.00129793386544,0.5,1e8f737f65d16539c4d5c862ea765abd56a694c2e2362f8b4d7ef7e39e6c770f,443,2.29273137982,0.625282167043,0.125282167043,7,6.98523701179,5,7.10383747178,6.27680724787,6.05999994278,xgboost_quantile,DQG,443,0.625282167043,DQG-DQ0,DQ0,DQ0,6,True,1.90782815425e-05,3,True,7.00762099052e-05,3,False,False,True,True,-0.000218394439115,True,False,True,False,Not-supported,Not-supported,nonpositive_median_skill_or_fewer_than_four_favourable_months,
later,2018-05,2018-05,2018-05-01,xgboost_quantile,DQG,Promise + state-OD profiles,0.9,full,4757,298cf3fd217511ecf0133cec058c1d045fdca37dc5bafb8f5dcc3e3b11d3505e,009b37f0e974fd6dffc2d34c68ffeafa9283ef1268dfbc560b4507479b04b472,sha256_pickle_protocol_5_fitted_wrapper,21,2.05553047404,2.04495136915,2.04495136915,-0.00283118949356,-0.00283118949356,0.00233003602509,0.9,1e8f737f65d16539c4d5c862ea765abd56a694c2e2362f8b4d7ef7e39e6c770f,443,2.05074101399,0.972911963883,0.0729119638826,20.8249092102,20.9585949487,5,7.10383747178,24.5593760808,19.644908905,xgboost_quantile,DQG,443,0.972911963883,DQG-DQ0,DQ0,DQ0,6,True,-0.00201792974276,2,True,-0.00249204982777,1,False,False,True,True,0.000753012048193,True,False,True,False,Not-supported,Not-supported,nonpositive_median_skill_or_fewer_than_four_favourable_months,
later,2018-05,2018-05,2018-05-01,xgboost_quantile,DQS,Promise + seller profiles,0.5,full,4757,298cf3fd217511ecf0133cec058c1d045fdca37dc5bafb8f5dcc3e3b11d3505e,20f60e997fdfbbad79f29fa6951b6466cc70656a99daca011425c279e53148fa,sha256_pickle_protocol_5_fitted_wrapper,7,2.29571106095,2.29185101464,2.29185101464,2.95500583611e-05,2.95500583611e-05,0.00171091680799,0.5,1e8f737f65d16539c4d5c862ea765abd56a694c2e2362f8b4d7ef7e39e6c770f,443,2.29178329031,0.625282167043,0.125282167043,7,6.97738144252,5,7.10383747178,6.28475908486,6.03000020981,xgboost_quantile,DQS,443,0.625282167043,DQS-DQ0,DQ0,DQ0,6,True,7.76680377993e-05,4,True,3.65227418964e-06,3,False,False,True,True,-0.000539956803456,True,False,True,False,Not-supported,Not-supported,gain_confined_to_lower_support_orders,
later,2018-05,2018-05,2018-05-01,xgboost_quantile,DQS,Promise + seller profiles,0.9,full,4757,298cf3fd217511ecf0133cec058c1d045fdca37dc5bafb8f5dcc3e3b11d3505e,7530444fa74063e3d9695d3b3dfd3428ff384938a6634250161e07afb7f734d9,sha256_pickle_protocol_5_fitted_wrapper,21,2.05553047404,2.04495136915,2.04495136915,-0.00510550314873,-0.00510550314873,6.74274762122e-05,0.9,1e8f737f65d16539c4d5c862ea765abd56a694c2e2362f8b4d7ef7e39e6c770f,443,2.05539187481,0.968397291196,0.0683972911964,21.032333374,21.0477081712,5,7.10383747178,20.9160806111,19.9200866699,xgboost_quantile,DQS,443,0.968397291196,DQS-DQ0,DQ0,DQ0,6,True,-0.00466230145562,0,True,-0.00368460306302,1,False,False,True,True,0.00248138957816,True,False,True,False,Not-supported,Not-supported,nonpositive_median_skill_or_fewer_than_four_favourable_months,
later,2018-06,2018-06,2018-06-01,linear_quantile,DQ0,Direct promise severity baseline,0.5,full,5178,7501510af0ba154c313de0d8c08401f8276287c20a030a2abca6c55fd9cdc858,26eb7be2d9174fa309e45a4aeb7bc17b767b0a13cb21d688db8a502e48b17621,sha256_pickle_protocol_5_fitted_wrapper,7,4.83802816901,4.67386342156,4.67386342156,0,0,0.033932160317,0.5,5aaff04dc19d63b5a2dd637a07f5527d21f5d0a7b23e9e0b532681e840c404ca,71,4.67386342156,0.450704225352,-0.0492957746479,7.13760781088,7.11570384672,8,13.3521126761,14.1855593942,21.9907818181,linear_quantile,DQ0,71,0.450704225352,DQ0_reference,,,,,,,,,,,,,,,,,,,Reference,Reference,,
later,2018-06,2018-06,2018-06-01,linear_quantile,DQ0,Direct promise severity baseline,0.9,full,5178,7501510af0ba154c313de0d8c08401f8276287c20a030a2abca6c55fd9cdc858,19ea4df0da5c0715c04d59715bb463f81218064cd4891e73b54d720a5b6eb523,sha256_pickle_protocol_5_fitted_wrapper,23,4.03521126761,3.97537413006,3.97537413006,0,0,0.014828749618,0.9,5aaff04dc19d63b5a2dd637a07f5527d21f5d0a7b23e9e0b532681e840c404ca,71,3.97537413006,0.830985915493,-0.069014084507,22.8554407306,22.827268204,8,13.3521126761,17.9148299155,21.933981018,linear_quantile,DQ0,71,0.830985915493,DQ0_reference,,,,,,,,,,,,,,,,,,,Reference,Reference,,
later,2018-06,2018-06,2018-06-01,linear_quantile,DQB,Promise + both profile blocks,0.5,full,5178,7501510af0ba154c313de0d8c08401f8276287c20a030a2abca6c55fd9cdc858,8fccc1b415c57e1762913093a4bc28818daa43d89b64ab2eff4b95774f805002,sha256_pickle_protocol_5_fitted_wrapper,7,4.83802816901,4.67386342156,4.67386342156,-0.00457526204844,-0.00457526204844,0.0295121467939,0.5,5aaff04dc19d63b5a2dd637a07f5527d21f5d0a7b23e9e0b532681e840c404ca,71,4.6952475715,0.43661971831,-0.0633802816901,7.62699709858,7.3785032607,8,13.3521126761,13.6356427955,20.8378977041,linear_quantile,DQB,71,0.43661971831,DQB-DQ0,DQ0,DQ0,6,True,-0.00174129588923,2,True,-0.00465990824144,3,False,False,True,True,0.0119368318344,True,False,True,False,Not-supported,Not-supported,nonpositive_median_skill_or_fewer_than_four_favourable_months,
later,2018-06,2018-06,2018-06-01,linear_quantile,DQB,Promise + both profile blocks,0.9,full,5178,7501510af0ba154c313de0d8c08401f8276287c20a030a2abca6c55fd9cdc858,cc027129e9094b365dafec6d1d3871332cf2e8e9cb234501f33e92c8b5e068b4,sha256_pickle_protocol_5_fitted_wrapper,23,4.03521126761,3.97537413006,3.97537413006,0.00626592947544,0.00626592947544,0.0210017631941,0.9,5aaff04dc19d63b5a2dd637a07f5527d21f5d0a7b23e9e0b532681e840c404ca,71,3.95046471613,0.830985915493,-0.069014084507,23.7385413794,23.1181554766,8,13.3521126761,17.5953409134,23.2314639573,linear_quantile,DQB,71,0.830985915493,DQB-DQ0,DQ0,DQ0,6,True,-0.00513196219554,1,True,-0.00467413404641,2,False,False,True,True,0.00649359815921,True,False,True,False,Not-supported,Not-supported,nonpositive_median_skill_or_fewer_than_four_favourable_months,
later,2018-06,2018-06,2018-06-01,linear_quantile,DQG,Promise + state-OD profiles,0.5,full,5178,7501510af0ba154c313de0d8c08401f8276287c20a030a2abca6c55fd9cdc858,e9f1543938f6871bfc04ea9c3095ec93625f32352e00e3529f8fb668bfce8d9e,sha256_pickle_protocol_5_fitted_wrapper,7,4.83802816901,4.67386342156,4.67386342156,-0.0146642831092,-0.0146642831092,0.0197654680132,0.5,5aaff04dc19d63b5a2dd637a07f5527d21f5d0a7b23e9e0b532681e840c404ca,71,4.74240227799,0.422535211268,-0.0774647887324,7.71558017737,7.10580165558,8,13.3521126761,13.6208439747,21.7406647699,linear_quantile,DQG,71,0.422535211268,DQG-DQ0,DQ0,DQ0,6,True,-0.00502930204561,3,True,-0.00443833023516,3,False,False,True,True,0.0201086034278,True,False,True,False,Not-supported,Not-supported,nonpositive_median_skill_or_fewer_than_four_favourable_months,
later,2018-06,2018-06,2018-06-01,linear_quantile,DQG,Promise + state-OD profiles,0.9,full,5178,7501510af0ba154c313de0d8c08401f8276287c20a030a2abca6c55fd9cdc858,f1f7e0af040b51a9173adf16d2e39bc6bd5f9d933d93450542ecf2577dc89aee,sha256_pickle_protocol_5_fitted_wrapper,23,4.03521126761,3.97537413006,3.97537413006,0.00257266526916,0.00257266526916,0.017363265478,0.9,5aaff04dc19d63b5a2dd637a07f5527d21f5d0a7b23e9e0b532681e840c404ca,71,3.96514682311,0.830985915493,-0.069014084507,23.7496768716,22.8808961565,8,13.3521126761,17.8225884774,23.0535082061,linear_quantile,DQG,71,0.830985915493,DQG-DQ0,DQ0,DQ0,6,True,-0.00250912580818,3,True,-0.00192141993833,3,False,False,True,True,0.00439664202777,True,False,True,False,Not-supported,Not-supported,nonpositive_median_skill_or_fewer_than_four_favourable_months,
later,2018-06,2018-06,2018-06-01,linear_quantile,DQS,Promise + seller profiles,0.5,full,5178,7501510af0ba154c313de0d8c08401f8276287c20a030a2abca6c55fd9cdc858,4556245351be6eb1043684a95ba59676694849ca757c5bc760e51d9e7ed34d7b,sha256_pickle_protocol_5_fitted_wrapper,7,4.83802816901,4.67386342156,4.67386342156,0.00752704713121,0.00752704713121,0.0412037984783,0.5,5aaff04dc19d63b5a2dd637a07f5527d21f5d0a7b23e9e0b532681e840c404ca,71,4.63868303131,0.43661971831,-0.0633802816901,7.23374929591,7.26130611637,8,13.3521126761,13.6392532023,21.7662507041,linear_quantile,DQS,71,0.43661971831,DQS-DQ0,DQ0,DQ0,6,True,0.000519832297006,3,True,-0.00279893963735,2,False,False,True,True,0.00107991360691,True,False,True,False,Not-supported,Not-supported,nonpositive_median_skill_or_fewer_than_four_favourable_months,
later,2018-06,2018-06,2018-06-01,linear_quantile,DQS,Promise + seller profiles,0.9,full,5178,7501510af0ba154c313de0d8c08401f8276287c20a030a2abca6c55fd9cdc858,f9bfd716fa83490b8d6714fafac8e373b9a65fa8b410e24469a61fb755ede681,sha256_pickle_protocol_5_fitted_wrapper,23,4.03521126761,3.97537413006,3.97537413006,-0.00487055847565,-0.00487055847565,0.0100304154345,0.9,5aaff04dc19d63b5a2dd637a07f5527d21f5d0a7b23e9e0b532681e840c404ca,71,3.99473642223,0.830985915493,-0.069014084507,22.955435503,22.929662653,8,13.3521126761,17.9688067618,22.1965644475,linear_quantile,DQS,71,0.830985915493,DQS-DQ0,DQ0,DQ0,6,True,-0.00243285667054,1,True,-0.00562775234751,1,False,False,True,True,0,True,False,True,False,Not-supported,Not-supported,nonpositive_median_skill_or_fewer_than_four_favourable_months,
later,2018-06,2018-06,2018-06-01,xgboost_quantile,DQ0,Direct promise severity baseline,0.5,full,5178,7501510af0ba154c313de0d8c08401f8276287c20a030a2abca6c55fd9cdc858,f4a44f75dea57a08fa99ab28c74149b35aeb87a699a2efcbd949123ef1bfd02d,sha256_pickle_protocol_5_fitted_wrapper,7,4.83802816901,4.83496478914,4.83496478914,0,0,0.000633187689635,0.5,5aaff04dc19d63b5a2dd637a07f5527d21f5d0a7b23e9e0b532681e840c404ca,71,4.83496478914,0.464788732394,-0.0352112676056,7,6.98246479706,8,13.3521126761,14.9843420982,22,xgboost_quantile,DQ0,71,0.464788732394,DQ0_reference,,,,,,,,,,,,,,,,,,,Reference,Reference,,
later,2018-06,2018-06,2018-06-01,xgboost_quantile,DQ0,Direct promise severity baseline,0.9,full,5178,7501510af0ba154c313de0d8c08401f8276287c20a030a2abca6c55fd9cdc858,abfdae4527003b95e0f683d2093d9428eda23e65f578a71ea2eeef3799c20159,sha256_pickle_protocol_5_fitted_wrapper,23,4.03521126761,4.00535838167,4.00535838167,0,0,0.00739809738612,0.9,5aaff04dc19d63b5a2dd637a07f5527d21f5d0a7b23e9e0b532681e840c404ca,71,4.00535838167,0.830985915493,-0.069014084507,22.9955291748,22.8160654525,8,13.3521126761,18.0988650322,21.9955291748,xgboost_quantile,DQ0,71,0.830985915493,DQ0_reference,,,,,,,,,,,,,,,,,,,Reference,Reference,,
later,2018-06,2018-06,2018-06-01,xgboost_quantile,DQB,Promise + both profile blocks,0.5,full,5178,7501510af0ba154c313de0d8c08401f8276287c20a030a2abca6c55fd9cdc858,3e0c9552b61c7cbfdaafb03324ab125b6057a1b071c53025dd5706afffa16683,sha256_pickle_protocol_5_fitted_wrapper,7,4.83802816901,4.83496478914,4.83496478914,-0.000174785076519,-0.000174785076519,0.000458513284875,0.5,5aaff04dc19d63b5a2dd637a07f5527d21f5d0a7b23e9e0b532681e840c404ca,71,4.83580986883,0.450704225352,-0.0492957746479,6.96999979019,6.96556335772,8,13.3521126761,14.6170513202,22.0300002098,xgboost_quantile,DQB,71,0.450704225352,DQB-DQ0,DQ0,DQ0,6,True,-0.000152139854368,2,True,-0.000254464465177,1,False,False,True,True,-0.000880974879912,True,False,True,False,Not-supported,Not-supported,nonpositive_median_skill_or_fewer_than_four_favourable_months,
later,2018-06,2018-06,2018-06-01,xgboost_quantile,DQB,Promise + both profile blocks,0.9,full,5178,7501510af0ba154c313de0d8c08401f8276287c20a030a2abca6c55fd9cdc858,073f88bcb5d3164fa5df12ae38d9aa8a3d8c323a053969b4d82a0fa97c32a6ac,sha256_pickle_protocol_5_fitted_wrapper,23,4.03521126761,4.00535838167,4.00535838167,-0.0149012522261,-0.0149012522261,-0.00739291392488,0.9,5aaff04dc19d63b5a2dd637a07f5527d21f5d0a7b23e9e0b532681e840c404ca,71,4.06504323718,0.816901408451,-0.0830985915493,23.0150279999,23.0870125999,8,13.3521126761,16.8846369523,22.0203380585,xgboost_quantile,DQB,71,0.816901408451,DQB-DQ0,DQ0,DQ0,6,True,-0.00411813543947,2,True,-0.00385617313606,2,False,False,True,True,0.00161987041037,True,False,True,False,Not-supported,Not-supported,nonpositive_median_skill_or_fewer_than_four_favourable_months,
later,2018-06,2018-06,2018-06-01,xgboost_quantile,DQG,Promise + state-OD profiles,0.5,full,5178,7501510af0ba154c313de0d8c08401f8276287c20a030a2abca6c55fd9cdc858,e5dcb6f26cfdf0da3cd277c39621d0821bae027739e396412446aefb91622135,sha256_pickle_protocol_5_fitted_wrapper,7,4.83802816901,4.83496478914,4.83496478914,-0.000305874752066,-0.000305874752066,0.000327506613697,0.5,5aaff04dc19d63b5a2dd637a07f5527d21f5d0a7b23e9e0b532681e840c404ca,71,4.83644368279,0.450704225352,-0.0492957746479,6.96999979019,6.98035212638,8,13.3521126761,14.6047436152,22.0300002098,xgboost_quantile,DQG,71,0.450704225352,DQG-DQ0,DQ0,DQ0,6,True,1.90782815425e-05,3,True,7.00762099052e-05,3,False,False,True,True,-0.000218394439115,True,False,True,False,Not-supported,Not-supported,nonpositive_median_skill_or_fewer_than_four_favourable_months,
later,2018-06,2018-06,2018-06-01,xgboost_quantile,DQG,Promise + state-OD profiles,0.9,full,5178,7501510af0ba154c313de0d8c08401f8276287c20a030a2abca6c55fd9cdc858,f5b7de5bde83f074af1fc5fe3176ce8fff90071b1532dfb321f600d484c25b2f,sha256_pickle_protocol_5_fitted_wrapper,23,4.03521126761,4.00535838167,4.00535838167,-0.0140768312791,-0.0140768312791,-0.00657459212431,0.9,5aaff04dc19d63b5a2dd637a07f5527d21f5d0a7b23e9e0b532681e840c404ca,71,4.06174113583,0.816901408451,-0.0830985915493,22.9368686676,22.9428939013,8,13.3521126761,16.9453133803,22.113866806,xgboost_quantile,DQG,71,0.816901408451,DQG-DQ0,DQ0,DQ0,6,True,-0.00201792974276,2,True,-0.00249204982777,1,False,False,True,True,0.000753012048193,True,False,True,False,Not-supported,Not-supported,nonpositive_median_skill_or_fewer_than_four_favourable_months,
later,2018-06,2018-06,2018-06-01,xgboost_quantile,DQS,Promise + seller profiles,0.5,full,5178,7501510af0ba154c313de0d8c08401f8276287c20a030a2abca6c55fd9cdc858,5e35b33c6543721a626f0b66a150f92b92746c2984c0437531cd1422e0679553,sha256_pickle_protocol_5_fitted_wrapper,7,4.83802816901,4.83496478914,4.83496478914,0.000131088286495,0.000131088286495,0.000764192972641,0.5,5aaff04dc19d63b5a2dd637a07f5527d21f5d0a7b23e9e0b532681e840c404ca,71,4.83433098189,0.464788732394,-0.0352112676056,7,6.98119718256,8,13.3521126761,14.9843420982,22,xgboost_quantile,DQS,71,0.464788732394,DQS-DQ0,DQ0,DQ0,6,True,7.76680377993e-05,4,True,3.65227418964e-06,3,False,False,True,True,-0.000539956803456,True,False,True,False,Not-supported,Not-supported,gain_confined_to_lower_support_orders,
later,2018-06,2018-06,2018-06-01,xgboost_quantile,DQS,Promise + seller profiles,0.9,full,5178,7501510af0ba154c313de0d8c08401f8276287c20a030a2abca6c55fd9cdc858,5d56c1d8e74805e789902405ae12d6dafa6dd1030a930bfdf763b0150dbc042d,sha256_pickle_protocol_5_fitted_wrapper,23,4.03521126761,4.00535838167,4.00535838167,-0.00489241804605,-0.00489241804605,0.00254187392523,0.9,5aaff04dc19d63b5a2dd637a07f5527d21f5d0a7b23e9e0b532681e840c404ca,71,4.0249542693,0.830985915493,-0.069014084507,22.9879016876,23.0657317739,8,13.3521126761,18.0670881271,21.8740329742,xgboost_quantile,DQS,71,0.830985915493,DQS-DQ0,DQ0,DQ0,6,True,-0.00466230145562,0,True,-0.00368460306302,1,False,False,True,True,0.00248138957816,True,False,True,False,Not-supported,Not-supported,nonpositive_median_skill_or_fewer_than_four_favourable_months,
terminal,2018-07_to_2018-08,2018-07_to_2018-08,2018-07-01,linear_quantile,DQ0,Direct promise severity baseline,0.5,full,5654,7cbb50cfe461399849b79312dc92eb05c5b8e1ac7e79036c72b0776c3bc21aad,4738842bd2f70815dba98b4021ea561933ed34e251ac1c9bc675b9ebb2632e0d,sha256_pickle_protocol_5_fitted_wrapper,7,2.3693843594,1.97164896785,1.97164896785,0,0,0.167864445449,0.5,411c630c68b48c4d3c3d613201fd86996a7c6c54de543da9246dd19a726f1c22,601,1.97164896785,0.637271214642,0.137271214642,4.93486014936,5.29970784702,4,5.80532445923,6.13256340207,6.64539599124,linear_quantile,DQ0,601,0.637271214642,DQ0_reference,,,,,,,,,,,,,,,,,,,Reference,Reference,,
terminal,2018-07_to_2018-08,2018-07_to_2018-08,2018-07-01,linear_quantile,DQ0,Direct promise severity baseline,0.9,full,5654,7cbb50cfe461399849b79312dc92eb05c5b8e1ac7e79036c72b0776c3bc21aad,8181c0d7b1cd843fecf239930f2645a54f3ffe0037adccb8859d678f5f641cbc,sha256_pickle_protocol_5_fitted_wrapper,22,2.06539101498,1.87852384584,1.87852384584,0,0,0.0904754440112,0.9,411c630c68b48c4d3c3d613201fd86996a7c6c54de543da9246dd19a726f1c22,601,1.87852384584,0.96006655574,0.0600665557404,19.2054788117,19.763201535,4,5.80532445923,12.0885174622,18.7947425313,linear_quantile,DQ0,601,0.96006655574,DQ0_reference,,,,,,,,,,,,,,,,,,,Reference,Reference,,
terminal,2018-07_to_2018-08,2018-07_to_2018-08,2018-07-01,linear_quantile,DQB,Promise + both profile blocks,0.5,full,5654,7cbb50cfe461399849b79312dc92eb05c5b8e1ac7e79036c72b0776c3bc21aad,1f6914d09231f8c9c06ce6f41e6f179134ebf7bd005f5350c42b2fa2d465d22b,sha256_pickle_protocol_5_fitted_wrapper,7,2.3693843594,1.97164896785,1.97164896785,0.0233189898057,0.0233189898057,0.187269005962,0.5,411c630c68b48c4d3c3d613201fd86996a7c6c54de543da9246dd19a726f1c22,601,1.92567210567,0.594009983361,0.0940099833611,4.70101756601,5.05026123025,4,5.80532445923,5.67305506484,6.8900270319,linear_quantile,DQB,601,0.594009983361,DQB-DQ0,DQ0,DQ0,6,True,-0.00174129588923,2,True,-0.00465990824144,3,False,False,True,True,0.0119368318344,True,False,True,False,Not-supported,Not-supported,nonpositive_median_skill_or_fewer_than_four_favourable_months,
terminal,2018-07_to_2018-08,2018-07_to_2018-08,2018-07-01,linear_quantile,DQB,Promise + both profile blocks,0.9,full,5654,7cbb50cfe461399849b79312dc92eb05c5b8e1ac7e79036c72b0776c3bc21aad,7a7d05d79de055267a3f48c9d20d60801b0ca799b67b0c77a7be941186e963ef,sha256_pickle_protocol_5_fitted_wrapper,22,2.06539101498,1.87852384584,1.87852384584,0.0275826136427,0.0275826136427,0.115562508438,0.9,411c630c68b48c4d3c3d613201fd86996a7c6c54de543da9246dd19a726f1c22,601,1.82670924838,0.96006655574,0.0600665557404,18.3795471288,19.0589146248,4,5.80532445923,12.5546453887,18.420050522,linear_quantile,DQB,601,0.96006655574,DQB-DQ0,DQ0,DQ0,6,True,-0.00513196219554,1,True,-0.00467413404641,2,False,False,True,True,0.00649359815921,True,False,True,False,Not-supported,Not-supported,nonpositive_median_skill_or_fewer_than_four_favourable_months,
terminal,2018-07_to_2018-08,2018-07_to_2018-08,2018-07-01,linear_quantile,DQG,Promise + state-OD profiles,0.5,full,5654,7cbb50cfe461399849b79312dc92eb05c5b8e1ac7e79036c72b0776c3bc21aad,6bd6d88cad9fe5ca8f13a1dce04e3982341d8da64673044c6edcb8f568a5aea3,sha256_pickle_protocol_5_fitted_wrapper,7,2.3693843594,1.97164896785,1.97164896785,0.0258682877663,0.0258682877663,0.189390367435,0.5,411c630c68b48c4d3c3d613201fd86996a7c6c54de543da9246dd19a726f1c22,601,1.92064578498,0.594009983361,0.0940099833611,4.34383816216,4.93475867454,4,5.80532445923,5.80292268473,6.87243636123,linear_quantile,DQG,601,0.594009983361,DQG-DQ0,DQ0,DQ0,6,True,-0.00502930204561,3,True,-0.00443833023516,3,False,False,True,True,0.0201086034278,True,False,True,False,Not-supported,Not-supported,nonpositive_median_skill_or_fewer_than_four_favourable_months,
terminal,2018-07_to_2018-08,2018-07_to_2018-08,2018-07-01,linear_quantile,DQG,Promise + state-OD profiles,0.9,full,5654,7cbb50cfe461399849b79312dc92eb05c5b8e1ac7e79036c72b0776c3bc21aad,3c07ce2c93b702361b57ceeaeca5509e47962beb982d4ece0263ad9125d4ff94,sha256_pickle_protocol_5_fitted_wrapper,22,2.06539101498,1.87852384584,1.87852384584,0.0369415735021,0.0369415735021,0.124074712248,0.9,411c630c68b48c4d3c3d613201fd86996a7c6c54de543da9246dd19a726f1c22,601,1.80912821911,0.96006655574,0.0600665557404,17.9081604541,18.8313460321,4,5.80532445923,12.6842567981,18.2962612735,linear_quantile,DQG,601,0.96006655574,DQG-DQ0,DQ0,DQ0,6,True,-0.00250912580818,3,True,-0.00192141993833,3,False,False,True,True,0.00439664202777,True,False,True,False,Not-supported,Not-supported,nonpositive_median_skill_or_fewer_than_four_favourable_months,
terminal,2018-07_to_2018-08,2018-07_to_2018-08,2018-07-01,linear_quantile,DQS,Promise + seller profiles,0.5,full,5654,7cbb50cfe461399849b79312dc92eb05c5b8e1ac7e79036c72b0776c3bc21aad,f8ae71e5018ed31e8df6172e9f8f4d2509c25a77bb36ff13bd0d23269366e588,sha256_pickle_protocol_5_fitted_wrapper,7,2.3693843594,1.97164896785,1.97164896785,-0.00905786835776,-0.00905786835776,0.16032707114,0.5,411c630c68b48c4d3c3d613201fd86996a7c6c54de543da9246dd19a726f1c22,601,1.98950790465,0.630615640599,0.130615640599,5.15760562855,5.41183139082,4,5.80532445923,5.91864377368,6.61308333525,linear_quantile,DQS,601,0.630615640599,DQS-DQ0,DQ0,DQ0,6,True,0.000519832297006,3,True,-0.00279893963735,2,False,False,True,True,0.00107991360691,True,False,True,False,Not-supported,Not-supported,nonpositive_median_skill_or_fewer_than_four_favourable_months,
terminal,2018-07_to_2018-08,2018-07_to_2018-08,2018-07-01,linear_quantile,DQS,Promise + seller profiles,0.9,full,5654,7cbb50cfe461399849b79312dc92eb05c5b8e1ac7e79036c72b0776c3bc21aad,9cf855b6e05f60442a8143ae082abf16c1e30f66122351fc6cab23aa23fd30f1,sha256_pickle_protocol_5_fitted_wrapper,22,2.06539101498,1.87852384584,1.87852384584,-0.00250784662868,-0.00250784662868,0.0881944959198,0.9,411c630c68b48c4d3c3d613201fd86996a7c6c54de543da9246dd19a726f1c22,601,1.88323489553,0.96006655574,0.0600665557404,19.4845950645,19.7917436536,4,5.80532445923,12.1350157764,18.9768935815,linear_quantile,DQS,601,0.96006655574,DQS-DQ0,DQ0,DQ0,6,True,-0.00243285667054,1,True,-0.00562775234751,1,False,False,True,True,0,True,False,True,False,Not-supported,Not-supported,nonpositive_median_skill_or_fewer_than_four_favourable_months,
terminal,2018-07_to_2018-08,2018-07_to_2018-08,2018-07-01,xgboost_quantile,DQ0,Direct promise severity baseline,0.5,full,5654,7cbb50cfe461399849b79312dc92eb05c5b8e1ac7e79036c72b0776c3bc21aad,6741e46ab24e6120859af849486485248dd765d7eac7921cbb1ac5d4cda4140c,sha256_pickle_protocol_5_fitted_wrapper,7,2.3693843594,2.35211311997,2.35211311997,0,0,0.00728933630365,0.5,411c630c68b48c4d3c3d613201fd86996a7c6c54de543da9246dd19a726f1c22,601,2.35211311997,0.737104825291,0.237104825291,6.90999984741,6.9356571426,4,5.80532445923,6.79718363134,6,xgboost_quantile,DQ0,601,0.737104825291,DQ0_reference,,,,,,,,,,,,,,,,,,,Reference,Reference,,
terminal,2018-07_to_2018-08,2018-07_to_2018-08,2018-07-01,xgboost_quantile,DQ0,Direct promise severity baseline,0.9,full,5654,7cbb50cfe461399849b79312dc92eb05c5b8e1ac7e79036c72b0776c3bc21aad,2cf6f37e498c5b3fb2c36704adbee56146ce2d20a2d9aaf7fc244585d9963edf,sha256_pickle_protocol_5_fitted_wrapper,22,2.06539101498,1.96309559992,1.96309559992,0,0,0.0495283528952,0.9,411c630c68b48c4d3c3d613201fd86996a7c6c54de543da9246dd19a726f1c22,601,1.96309559992,0.963394342762,0.0633943427621,20.1105041504,20.8596231204,4,5.80532445923,12.5025957281,19.9784469604,xgboost_quantile,DQ0,601,0.963394342762,DQ0_reference,,,,,,,,,,,,,,,,,,,Reference,Reference,,
terminal,2018-07_to_2018-08,2018-07_to_2018-08,2018-07-01,xgboost_quantile,DQB,Promise + both profile blocks,0.5,full,5654,7cbb50cfe461399849b79312dc92eb05c5b8e1ac7e79036c72b0776c3bc21aad,19d6e81c44fe9f52200691c15e878a2b57b5a79afa49fa7f072c7f164341705e,sha256_pickle_protocol_5_fitted_wrapper,7,2.3693843594,2.35211311997,2.35211311997,-0.0037987710822,-0.0037987710822,0.00351825574141,0.5,411c630c68b48c4d3c3d613201fd86996a7c6c54de543da9246dd19a726f1c22,601,2.36104825927,0.73377703827,0.23377703827,6.94000005722,6.96845259246,4,5.80532445923,6.68418749869,6.03000020981,xgboost_quantile,DQB,601,0.73377703827,DQB-DQ0,DQ0,DQ0,6,True,-0.000152139854368,2,True,-0.000254464465177,1,False,False,True,True,-0.000880974879912,True,False,True,False,Not-supported,Not-supported,nonpositive_median_skill_or_fewer_than_four_favourable_months,
terminal,2018-07_to_2018-08,2018-07_to_2018-08,2018-07-01,xgboost_quantile,DQB,Promise + both profile blocks,0.9,full,5654,7cbb50cfe461399849b79312dc92eb05c5b8e1ac7e79036c72b0776c3bc21aad,e592691b4f6b0a81f9dc15df7a2ed444a9e577f79d614c911079976e25a59dfa,sha256_pickle_protocol_5_fitted_wrapper,22,2.06539101498,1.96309559992,1.96309559992,-0.0334498341338,-0.0334498341338,0.0177352339507,0.9,411c630c68b48c4d3c3d613201fd86996a7c6c54de543da9246dd19a726f1c22,601,2.02876082212,0.966722129784,0.0667221297837,21.401512146,21.5849146946,4,5.80532445923,13.5465940475,20.401512146,xgboost_quantile,DQB,601,0.966722129784,DQB-DQ0,DQ0,DQ0,6,True,-0.00411813543947,2,True,-0.00385617313606,2,False,False,True,True,0.00161987041037,True,False,True,False,Not-supported,Not-supported,nonpositive_median_skill_or_fewer_than_four_favourable_months,
terminal,2018-07_to_2018-08,2018-07_to_2018-08,2018-07-01,xgboost_quantile,DQG,Promise + state-OD profiles,0.5,full,5654,7cbb50cfe461399849b79312dc92eb05c5b8e1ac7e79036c72b0776c3bc21aad,1c36a3c078a28c198619d913746c3617cab366041f88ccff64fa26023f19b31a,sha256_pickle_protocol_5_fitted_wrapper,7,2.3693843594,2.35211311997,2.35211311997,-0.00149085249672,-0.00149085249672,0.00580935113216,0.5,411c630c68b48c4d3c3d613201fd86996a7c6c54de543da9246dd19a726f1c22,601,2.35561977369,0.73377703827,0.23377703827,6.90999984741,6.95125614506,4,5.80532445923,6.69609382749,6.03000020981,xgboost_quantile,DQG,601,0.73377703827,DQG-DQ0,DQ0,DQ0,6,True,1.90782815425e-05,3,True,7.00762099052e-05,3,False,False,True,True,-0.000218394439115,True,False,True,False,Not-supported,Not-supported,nonpositive_median_skill_or_fewer_than_four_favourable_months,
terminal,2018-07_to_2018-08,2018-07_to_2018-08,2018-07-01,xgboost_quantile,DQG,Promise + state-OD profiles,0.9,full,5654,7cbb50cfe461399849b79312dc92eb05c5b8e1ac7e79036c72b0776c3bc21aad,0b8a8ca658daa10068bde23cfc7f8f8a21095b01497dc9be0df87a6b5a0c2309,sha256_pickle_protocol_5_fitted_wrapper,22,2.06539101498,1.96309559992,1.96309559992,-0.0295372832558,-0.0295372832558,0.0214540026281,0.9,411c630c68b48c4d3c3d613201fd86996a7c6c54de543da9246dd19a726f1c22,601,2.02108011071,0.965058236273,0.0650582362729,20.9451637268,21.4950649972,4,5.80532445923,12.9388447716,20.409954071,xgboost_quantile,DQG,601,0.965058236273,DQG-DQ0,DQ0,DQ0,6,True,-0.00201792974276,2,True,-0.00249204982777,1,False,False,True,True,0.000753012048193,True,False,True,False,Not-supported,Not-supported,nonpositive_median_skill_or_fewer_than_four_favourable_months,
terminal,2018-07_to_2018-08,2018-07_to_2018-08,2018-07-01,xgboost_quantile,DQS,Promise + seller profiles,0.5,full,5654,7cbb50cfe461399849b79312dc92eb05c5b8e1ac7e79036c72b0776c3bc21aad,7bd08c8bfb72fd89a9b53d6d5ac7fbe3c59d6227f853399912ecc8c519006310,sha256_pickle_protocol_5_fitted_wrapper,7,2.3693843594,2.35211311997,2.35211311997,-0.000350163567186,-0.000350163567186,0.00694172519646,0.5,411c630c68b48c4d3c3d613201fd86996a7c6c54de543da9246dd19a726f1c22,601,2.35293674429,0.742096505824,0.242096505824,6.90999984741,6.93855230503,4,5.80532445923,6.92632268167,6,xgboost_quantile,DQS,601,0.742096505824,DQS-DQ0,DQ0,DQ0,6,True,7.76680377993e-05,4,True,3.65227418964e-06,3,False,False,True,True,-0.000539956803456,True,False,True,False,Not-supported,Not-supported,gain_confined_to_lower_support_orders,
terminal,2018-07_to_2018-08,2018-07_to_2018-08,2018-07-01,xgboost_quantile,DQS,Promise + seller profiles,0.9,full,5654,7cbb50cfe461399849b79312dc92eb05c5b8e1ac7e79036c72b0776c3bc21aad,9ce70faf9341539ffd747f5ecb69e809b7c94d9dc95b1f8c824ded5df4913819,sha256_pickle_protocol_5_fitted_wrapper,22,2.06539101498,1.96309559992,1.96309559992,-0.0454226588737,-0.0454226588737,0.00635540349972,0.9,411c630c68b48c4d3c3d613201fd86996a7c6c54de543da9246dd19a726f1c22,601,2.05226462169,0.966722129784,0.0667221297837,21.6849269867,21.8674327863,4,5.80532445923,13.4039163589,20.6849269867,xgboost_quantile,DQS,601,0.966722129784,DQS-DQ0,DQ0,DQ0,6,True,-0.00466230145562,0,True,-0.00368460306302,1,False,False,True,True,0.00248138957816,True,False,True,False,Not-supported,Not-supported,nonpositive_median_skill_or_fewer_than_four_favourable_months,
