period,cohort,cohort_month,origin,family,model_id,model_name,representation,probability_type,probability_variant,calibration_method,n_train,train_order_id_sha256,fitted_model_sha256,model_hash_type,constituent_fitted_model_count,n_orders,n_events,prevalence,log_loss,brier,average_precision,roc_auc,top_5pct_lift,top_10pct_lift,top_10pct_recall,calibration_intercept,calibration_slope,wace,calibration_invalid_reason,order_id_sha256,model_family,specification,n_obs,brier_score,top10_lift,comparison,reference_model,reference_specification,representation_evidence,later_month_count,primary_evidence_available,median_delta_log_loss,median_delta_brier,both_improved_month_count,high_support_guard_available,high_support_median_delta_log_loss,high_support_median_delta_brier,high_support_material_reversal,high_support_no_material_reversal,calibration_guard_available,median_delta_wace,median_delta_absolute_calibration_slope_error,calibration_not_systematically_worse,calibration_systematically_worse,score_guard_available,score_only_median_delta_log_loss,full_beats_metadata_log_loss,full_no_metadata_brier_worsening,score_contributes,benefit_not_metadata_only,all_guards_available,all_guards_pass,evidence_status,evidence_label,evidence_reason,delta_log_loss,delta_brier,delta_brier_score,delta_average_precision,delta_roc_auc,delta_top_10pct_lift,delta_top10_lift,delta_calibration_intercept,delta_calibration_slope,delta_log_loss_lower,delta_log_loss_upper,delta_brier_lower,delta_brier_upper
aggregate,later_pooled,later_pooled,,logistic_l2,DP0,Direct promise baseline,full,calibrated,calibrated,none,,multiple_expanding_training_sets,83789b5b61a8824887e2e1961a3a76017f99fd10e02131d8da5eef3a3f69c3dd,composite_fitted_models,6,40270,3477,0.086342190216,0.30766408536,0.0804624776157,0.0703529307674,0.399599251965,0.943107765343,1.00373885534,0.100373885534,-5.13020700102,-0.982038580896,0.0567299260458,,72cfdc8f6be208328a97da86166024c4a11b6099541993e6da4d9e100c5d76d2,logistic_l2,DP0,40270,0.0804624776157,1.00373885534,DP0_reference,,,,,,,,,,,,,,,,,,,,,,,,,,,Reference,Reference,,,,,,,,,,,,,,
aggregate,later_pooled,later_pooled,,logistic_l2,DP0,Direct promise baseline,full,raw,raw,none,,multiple_expanding_training_sets,83789b5b61a8824887e2e1961a3a76017f99fd10e02131d8da5eef3a3f69c3dd,composite_fitted_models,6,40270,3477,0.086342190216,0.30766408536,0.0804624776157,0.0703529307674,0.399599251965,0.943107765343,1.00373885534,0.100373885534,-5.13020700102,-0.982038580896,0.0567299260458,,72cfdc8f6be208328a97da86166024c4a11b6099541993e6da4d9e100c5d76d2,logistic_l2,DP0,40270,0.0804624776157,1.00373885534,DP0_reference,,,,,,,,,,,,,,,,,,,,,,,,,,,Reference,Reference,,,,,,,,,,,,,,
aggregate,later_pooled,later_pooled,,logistic_l2,DPB,Promise + both profile blocks,full,calibrated,calibrated,none,,multiple_expanding_training_sets,f1db031425071febea902b5a930da8e852ad0845c877722404229e64749f06d1,composite_fitted_models,6,40270,3477,0.086342190216,0.268844428343,0.0748792270975,0.188583308703,0.727975986667,2.93283512393,2.66321541559,0.266321541559,0.0285498573056,0.978261002615,0.0102043764272,,72cfdc8f6be208328a97da86166024c4a11b6099541993e6da4d9e100c5d76d2,logistic_l2,DPB,40270,0.0748792270975,2.66321541559,DPB-DP0,DP0,DP0,full,6,True,-0.0188355042404,-0.00146902299902,5,True,-0.0178964373712,-0.00140057680524,False,True,True,-0.0166763314017,-3.63404763384,True,False,True,-0.0194931043395,True,False,True,True,True,True,Supported,Supported,both_medians_improve_at_least_four_months_all_guards_pass,-0.0388196570165,-0.00558325051821,-0.00558325051821,0.118230377936,0.328376734702,1.65947656025,1.65947656025,5.15875685832,1.96029958351,-0.06417883973,-0.0201110844611,-0.0103800861977,-0.00200783215759
aggregate,later_pooled,later_pooled,,logistic_l2,DPB,Promise + both profile blocks,full,raw,raw,none,,multiple_expanding_training_sets,f1db031425071febea902b5a930da8e852ad0845c877722404229e64749f06d1,composite_fitted_models,6,40270,3477,0.086342190216,0.268844428343,0.0748792270975,0.188583308703,0.727975986667,2.93283512393,2.66321541559,0.266321541559,0.0285498573056,0.978261002615,0.0102043764272,,72cfdc8f6be208328a97da86166024c4a11b6099541993e6da4d9e100c5d76d2,logistic_l2,DPB,40270,0.0748792270975,2.66321541559,DPB-DP0,DP0,DP0,full,6,True,-0.0188355042404,-0.00146902299902,5,True,-0.0178964373712,-0.00140057680524,False,True,True,-0.0166763314017,-3.63404763384,True,False,True,-0.0194931043395,True,False,True,True,True,True,Supported,Supported,both_medians_improve_at_least_four_months_all_guards_pass,-0.0388196570165,-0.00558325051821,-0.00558325051821,0.118230377936,0.328376734702,1.65947656025,1.65947656025,5.15875685832,1.96029958351,-0.06417883973,-0.0201110844611,-0.0103800861977,-0.00200783215759
aggregate,later_pooled,later_pooled,,logistic_l2,DPG,Promise + geographic profiles,full,calibrated,calibrated,none,,multiple_expanding_training_sets,8d91f402ed6116a5edf83036773e54808750f0c7537ac20cd74b0b674e194d0b,composite_fitted_models,6,40270,3477,0.086342190216,0.275729040211,0.076350504455,0.16202324386,0.704399820616,2.03573261544,2.18579234973,0.218579234973,-0.160807862514,0.893056588068,0.0170279176666,,72cfdc8f6be208328a97da86166024c4a11b6099541993e6da4d9e100c5d76d2,logistic_l2,DPG,40270,0.076350504455,2.18579234973,DPG-DP0,DP0,DP0,full,6,True,-0.0126256584508,-0.000678203167734,3,True,-0.0125311675792,-0.000651481391294,False,True,True,-0.0113356271504,-3.47809936608,True,False,True,-0.0132700613425,True,False,True,True,True,True,Mixed,Mixed,exactly_three_both_improved_months,-0.0319350451486,-0.00411197316072,-0.00411197316072,0.0916703130924,0.304800568652,1.18205349439,1.18205349439,4.9693991385,1.87509516896,-0.0522653258875,-0.0121152907308,-0.00770048545408,-0.000630756099178
aggregate,later_pooled,later_pooled,,logistic_l2,DPG,Promise + geographic profiles,full,raw,raw,none,,multiple_expanding_training_sets,8d91f402ed6116a5edf83036773e54808750f0c7537ac20cd74b0b674e194d0b,composite_fitted_models,6,40270,3477,0.086342190216,0.275729040211,0.076350504455,0.16202324386,0.704399820616,2.03573261544,2.18579234973,0.218579234973,-0.160807862514,0.893056588068,0.0170279176666,,72cfdc8f6be208328a97da86166024c4a11b6099541993e6da4d9e100c5d76d2,logistic_l2,DPG,40270,0.076350504455,2.18579234973,DPG-DP0,DP0,DP0,full,6,True,-0.0126256584508,-0.000678203167734,3,True,-0.0125311675792,-0.000651481391294,False,True,True,-0.0113356271504,-3.47809936608,True,False,True,-0.0132700613425,True,False,True,True,True,True,Mixed,Mixed,exactly_three_both_improved_months,-0.0319350451486,-0.00411197316072,-0.00411197316072,0.0916703130924,0.304800568652,1.18205349439,1.18205349439,4.9693991385,1.87509516896,-0.0522653258875,-0.0121152907308,-0.00770048545408,-0.000630756099178
aggregate,later_pooled,later_pooled,,logistic_l2,DPS,Promise + seller profiles,full,calibrated,calibrated,none,,multiple_expanding_training_sets,0ea513409e8ee42b7b9d2d95a768e4f334e66a7d5bce5ad85dfcb1a36809a87c,composite_fitted_models,6,40270,3477,0.086342190216,0.303486839787,0.0799067240119,0.0887277083921,0.494149200158,1.35140441985,1.12740868565,0.112740868565,-2.10882062624,0.0890499420446,0.0294275936891,,72cfdc8f6be208328a97da86166024c4a11b6099541993e6da4d9e100c5d76d2,logistic_l2,DPS,40270,0.0799067240119,1.12740868565,DPS-DP0,DP0,DP0,full,6,True,-0.00415653020117,-0.00047411302235,6,True,-0.00388823165404,-0.000390794822282,False,True,True,-0.00754606386358,-3.46107307636,True,False,True,-0.00375374505547,True,True,True,True,True,True,Supported,Supported,both_medians_improve_at_least_four_months_all_guards_pass,-0.00417724557345,-0.000555753603763,-0.000555753603763,0.0183747776247,0.0945499481936,0.123669830313,0.123669830313,3.02138637478,1.07108852294,-0.00603131082504,-0.00233799551683,-0.000832776698363,-0.000303996811509
aggregate,later_pooled,later_pooled,,logistic_l2,DPS,Promise + seller profiles,full,raw,raw,none,,multiple_expanding_training_sets,0ea513409e8ee42b7b9d2d95a768e4f334e66a7d5bce5ad85dfcb1a36809a87c,composite_fitted_models,6,40270,3477,0.086342190216,0.303486839787,0.0799067240119,0.0887277083921,0.494149200158,1.35140441985,1.12740868565,0.112740868565,-2.10882062624,0.0890499420446,0.0294275936891,,72cfdc8f6be208328a97da86166024c4a11b6099541993e6da4d9e100c5d76d2,logistic_l2,DPS,40270,0.0799067240119,1.12740868565,DPS-DP0,DP0,DP0,full,6,True,-0.00415653020117,-0.00047411302235,6,True,-0.00388823165404,-0.000390794822282,False,True,True,-0.00754606386358,-3.46107307636,True,False,True,-0.00375374505547,True,True,True,True,True,True,Supported,Supported,both_medians_improve_at_least_four_months_all_guards_pass,-0.00417724557345,-0.000555753603763,-0.000555753603763,0.0183747776247,0.0945499481936,0.123669830313,0.123669830313,3.02138637478,1.07108852294,-0.00603131082504,-0.00233799551683,-0.000832776698363,-0.000303996811509
aggregate,later_pooled,later_pooled,,xgboost,DP0,Direct promise baseline,full,calibrated,calibrated,none,,multiple_expanding_training_sets,1551d46f8013fa51d59d2a3700a7271e8a7f547edb28048a2a130c335b83da0c,composite_fitted_models,6,40270,3477,0.086342190216,0.307071703871,0.0804143077507,0.0768114593005,0.432285542555,1.02936762193,0.865688812194,0.0865688812194,-6.88084934068,-1.60610685788,0.0513784208897,,72cfdc8f6be208328a97da86166024c4a11b6099541993e6da4d9e100c5d76d2,xgboost,DP0,40270,0.0804143077507,0.865688812194,DP0_reference,,,,,,,,,,,,,,,,,,,,,,,,,,,Reference,Reference,,,,,,,,,,,,,,
aggregate,later_pooled,later_pooled,,xgboost,DP0,Direct promise baseline,full,raw,raw,none,,multiple_expanding_training_sets,1551d46f8013fa51d59d2a3700a7271e8a7f547edb28048a2a130c335b83da0c,composite_fitted_models,6,40270,3477,0.086342190216,0.307071703871,0.0804143077507,0.0768114593005,0.432285542555,1.02936762193,0.865688812194,0.0865688812194,-6.88084934068,-1.60610685788,0.0513784208897,,72cfdc8f6be208328a97da86166024c4a11b6099541993e6da4d9e100c5d76d2,xgboost,DP0,40270,0.0804143077507,0.865688812194,DP0_reference,,,,,,,,,,,,,,,,,,,,,,,,,,,Reference,Reference,,,,,,,,,,,,,,
aggregate,later_pooled,later_pooled,,xgboost,DPB,Promise + both profile blocks,full,calibrated,calibrated,none,,multiple_expanding_training_sets,1d75b230f0d829aa3a60afc915ee561f2fcceba15ba578d35551191292494b44,composite_fitted_models,6,40270,3477,0.086342190216,0.304429684579,0.0801212373071,0.0853812412645,0.458842105717,1.41466164802,0.949094046592,0.0949094046592,-4.5582789391,-0.793010599891,0.0556371044691,,72cfdc8f6be208328a97da86166024c4a11b6099541993e6da4d9e100c5d76d2,xgboost,DPB,40270,0.0801212373071,0.949094046592,DPB-DP0,DP0,DP0,full,6,True,-0.00229967244447,-0.000293696109202,5,True,-0.0021127497292,-0.000266410356161,False,True,True,0.00431574578376,2.43431455748,False,True,True,-0.00345421615059,True,True,True,True,True,False,Mixed,Mixed,required_guard_unavailable_or_failed,-0.00264201929194,-0.000293070443649,-0.000293070443649,0.008569781964,0.0265565631619,0.0834052343975,0.0834052343975,2.32257040157,0.81309625799,-0.00409883273241,-0.00136321460318,-0.000462650853345,-0.000151374321176
aggregate,later_pooled,later_pooled,,xgboost,DPB,Promise + both profile blocks,full,raw,raw,none,,multiple_expanding_training_sets,1d75b230f0d829aa3a60afc915ee561f2fcceba15ba578d35551191292494b44,composite_fitted_models,6,40270,3477,0.086342190216,0.304429684579,0.0801212373071,0.0853812412645,0.458842105717,1.41466164802,0.949094046592,0.0949094046592,-4.5582789391,-0.793010599891,0.0556371044691,,72cfdc8f6be208328a97da86166024c4a11b6099541993e6da4d9e100c5d76d2,xgboost,DPB,40270,0.0801212373071,0.949094046592,DPB-DP0,DP0,DP0,full,6,True,-0.00229967244447,-0.000293696109202,5,True,-0.0021127497292,-0.000266410356161,False,True,True,0.00431574578376,2.43431455748,False,True,True,-0.00345421615059,True,True,True,True,True,False,Mixed,Mixed,required_guard_unavailable_or_failed,-0.00264201929194,-0.000293070443649,-0.000293070443649,0.008569781964,0.0265565631619,0.0834052343975,0.0834052343975,2.32257040157,0.81309625799,-0.00409883273241,-0.00136321460318,-0.000462650853345,-0.000151374321176
aggregate,later_pooled,later_pooled,,xgboost,DPG,Promise + geographic profiles,full,calibrated,calibrated,none,,multiple_expanding_training_sets,5ce52ead9ab04983efd74f8ba66512b8fdef2d522452ab511fe12739c559cce7,composite_fitted_models,6,40270,3477,0.086342190216,0.304988122182,0.0801793172495,0.084987215555,0.453608475077,1.34565376275,1.07563991947,0.107563991947,-4.72703849088,-0.849217409352,0.0574403522764,,72cfdc8f6be208328a97da86166024c4a11b6099541993e6da4d9e100c5d76d2,xgboost,DPG,40270,0.0801793172495,1.07563991947,DPG-DP0,DP0,DP0,full,6,True,-0.00197620878246,-0.00026123594082,5,True,-0.00209210496204,-0.000278590971538,False,True,True,0.00361843907148,0.978250023739,False,True,True,-0.00240607535493,False,False,True,True,True,False,Mixed,Mixed,required_guard_unavailable_or_failed,-0.00208358168925,-0.000234990501204,-0.000234990501204,0.00817575625456,0.0213229325228,0.209951107276,0.209951107276,2.15381084979,0.75688944853,-0.00301524581808,-0.00128256206664,-0.000341513491146,-0.000134419986147
aggregate,later_pooled,later_pooled,,xgboost,DPG,Promise + geographic profiles,full,raw,raw,none,,multiple_expanding_training_sets,5ce52ead9ab04983efd74f8ba66512b8fdef2d522452ab511fe12739c559cce7,composite_fitted_models,6,40270,3477,0.086342190216,0.304988122182,0.0801793172495,0.084987215555,0.453608475077,1.34565376275,1.07563991947,0.107563991947,-4.72703849088,-0.849217409352,0.0574403522764,,72cfdc8f6be208328a97da86166024c4a11b6099541993e6da4d9e100c5d76d2,xgboost,DPG,40270,0.0801793172495,1.07563991947,DPG-DP0,DP0,DP0,full,6,True,-0.00197620878246,-0.00026123594082,5,True,-0.00209210496204,-0.000278590971538,False,True,True,0.00361843907148,0.978250023739,False,True,True,-0.00240607535493,False,False,True,True,True,False,Mixed,Mixed,required_guard_unavailable_or_failed,-0.00208358168925,-0.000234990501204,-0.000234990501204,0.00817575625456,0.0213229325228,0.209951107276,0.209951107276,2.15381084979,0.75688944853,-0.00301524581808,-0.00128256206664,-0.000341513491146,-0.000134419986147
aggregate,later_pooled,later_pooled,,xgboost,DPS,Promise + seller profiles,full,calibrated,calibrated,none,,multiple_expanding_training_sets,dff34e173d81f155fba985cacc0d6b5d712930afd91036e0f51d2d000e39cb1f,composite_fitted_models,6,40270,3477,0.086342190216,0.30682243679,0.0803892473253,0.0711296009739,0.420476887614,0.770588052171,0.675870002876,0.0675870002876,-6.82124472026,-1.58735578384,0.0503459161882,,72cfdc8f6be208328a97da86166024c4a11b6099541993e6da4d9e100c5d76d2,xgboost,DPS,40270,0.0803892473253,0.675870002876,DPS-DP0,DP0,DP0,full,6,True,-0.000144657998041,-1.96016143433e-05,5,True,-9.00338311444e-05,-1.56794437653e-05,False,True,True,-0.000743503690553,-2.55850693217,True,False,True,-0.000359882171151,True,False,True,True,True,True,Supported,Supported,both_medians_improve_at_least_four_months_all_guards_pass,-0.000249267081702,-2.50604254213e-05,-2.50604254213e-05,-0.0056818583266,-0.011808654941,-0.189818809318,-0.189818809318,0.0596046204128,0.0187510740453,-0.0005944880424,5.34926038726e-05,-6.40502803776e-05,8.66950236262e-06
aggregate,later_pooled,later_pooled,,xgboost,DPS,Promise + seller profiles,full,raw,raw,none,,multiple_expanding_training_sets,dff34e173d81f155fba985cacc0d6b5d712930afd91036e0f51d2d000e39cb1f,composite_fitted_models,6,40270,3477,0.086342190216,0.30682243679,0.0803892473253,0.0711296009739,0.420476887614,0.770588052171,0.675870002876,0.0675870002876,-6.82124472026,-1.58735578384,0.0503459161882,,72cfdc8f6be208328a97da86166024c4a11b6099541993e6da4d9e100c5d76d2,xgboost,DPS,40270,0.0803892473253,0.675870002876,DPS-DP0,DP0,DP0,full,6,True,-0.000144657998041,-1.96016143433e-05,5,True,-9.00338311444e-05,-1.56794437653e-05,False,True,True,-0.000743503690553,-2.55850693217,True,False,True,-0.000359882171151,True,False,True,True,True,True,Supported,Supported,both_medians_improve_at_least_four_months_all_guards_pass,-0.000249267081702,-2.50604254213e-05,-2.50604254213e-05,-0.0056818583266,-0.011808654941,-0.189818809318,-0.189818809318,0.0596046204128,0.0187510740453,-0.0005944880424,5.34926038726e-05,-6.40502803776e-05,8.66950236262e-06
